"name","concept_id","source","code"
Acute bronchitis,4897,PIH,"10"
Gentamicin,2250,PIH,"100"
Whole blood,2834,PIH,"1000"
Keratoderma punctata,4962,PIH,"10004"
Secondary impetiginization,5009,PIH,"10005"
Sclerodactyly,4990,PIH,"10006"
Hypertrichosis,4988,PIH,"10007"
Excoriated acne,4967,PIH,"10008"
Borderline lepromatous leprosy,5019,PIH,"10009"
Dermatitis Factitia,5005,PIH,"10010"
Fungal nail infection,3466,PIH,"10011"
Female Pelvic Peritoneal Adhesions,4119,PIH,"10012"
Syphilitic chancre,4944,PIH,"10013"
Calcinosis Cutis,4968,PIH,"10014"
Chronic Urticaria,5055,PIH,"10015"
Dermatographic Urticaria,5029,PIH,"10016"
Lichen sclerosus et atrophicus,5002,PIH,"10017"
Lichen Planus,5006,PIH,"10018"
Stevens-Johnson Syndrome,5053,PIH,"10019"
Plasma,2852,PIH,"1002"
Dystrophia Unguium,4940,PIH,"10020"
Skin Striae,4985,PIH,"10021"
Erysipelas,4983,PIH,"10022"
Chromomycosis,4956,PIH,"10023"
Bromhidrosis,4949,PIH,"10024"
Pseudofolliculitis Barbae,5044,PIH,"10025"
Rosacea,4954,PIH,"10026"
Pseudopelade,5010,PIH,"10027"
Lichen Nitidus,5054,PIH,"10028"
Systemic sclerosis,5056,PIH,"10029"
Bullous Pemphigoid,5025,PIH,"10030"
Plaque psoriasis,5040,PIH,"10031"
Chloasma,5057,PIH,"10032"
Ophiasis,4946,PIH,"10033"
Lichen Simplex Chronicus,5028,PIH,"10034"
Benign Mucous Membrane Pemphigoid,4960,PIH,"10035"
Onycholysis,4966,PIH,"10036"
Hyperkeratosis Follicularis in Cutem Penetrans,4975,PIH,"10037"
Lichen Planopilaris,4945,PIH,"10038"
Irritant contact dermatitis,5001,PIH,"10039"
Dermatitis herpetiformis,4965,PIH,"10040"
Large Plaque Parapsoriasis,4979,PIH,"10041"
Actinomycotic Infection,5033,PIH,"10042"
Ainhum,4941,PIH,"10043"
Benign Neoplasm of Uterine Cervix,4013,PIH,"10044"
Telogen effluvium,5036,PIH,"10045"
Ephelides,4953,PIH,"10046"
Erythema multiforme,4948,PIH,"10047"
Scarring Alopecia,4969,PIH,"10048"
Morphea,5041,PIH,"10049"
Sunburn of Third Degree,5004,PIH,"10050"
Alopecia Totalis,5035,PIH,"10051"
Leishmaniasis,4680,PIH,"10052"
Corns and Callus,5017,PIH,"10053"
Male pattern alopecia,5008,PIH,"10054"
Radiation Dermatitis,4974,PIH,"10055"
Subcorneal Pustular Dermatosis,5051,PIH,"10056"
Acanthosis nigricans,5032,PIH,"10057"
Discoid lupus erythematosus,4971,PIH,"10058"
Tuberculoid Leprosy (Type T),5020,PIH,"10059"
Total cholesterol,3139,PIH,"1006"
Pediculosis,5049,PIH,"10060"
Erythema Nodosum,5021,PIH,"10061"
CREST Syndrome,4947,PIH,"10062"
Borderline tuberculoid leprosy,4981,PIH,"10063"
Infestation by Fly Larvae,4992,PIH,"10064"
Postinflammatory hyperpigmentation,5031,PIH,"10065"
Pemphigus foliaceus,5007,PIH,"10066"
Hypertrophic Lichen Planus,5024,PIH,"10067"
Linear Morphoea,5016,PIH,"10068"
Hidradenitis suppurativa,4937,PIH,"10069"
HDL,3148,PIH,"1007"
Pemphigus Vulgaris,5011,PIH,"10070"
Blastomycosis,5058,PIH,"10071"
Mycetoma,4950,PIH,"10072"
Polyarteritis nodosa,4977,PIH,"10073"
Sunburn of Second Degree,4993,PIH,"10074"
Vesicular eczema of hands and/or feet,4943,PIH,"10075"
Elastosis Perforans Serpiginosa,4998,PIH,"10076"
Acne conglobata,4939,PIH,"10077"
Acne vulgaris,4951,PIH,"10078"
LDL,2897,PIH,"1008"
Mucinosis of skin,5042,PIH,"10080"
Tunga Penetrans Infestation,5046,PIH,"10081"
Cholinergic Angio-Oedema-Urticaria,5023,PIH,"10082"
Borderline Leprosy,4984,PIH,"10083"
Staphylococcal scalded skin syndrome,4933,PIH,"10084"
Seborrheic keratosis,4963,PIH,"10085"
Miliaria Crystallina,4980,PIH,"10086"
Acrodermatitis Atrophicans Chronica,5013,PIH,"10087"
Alopecia Universalis,4997,PIH,"10088"
Indeterminate Leprosy,5034,PIH,"10089"
Triglycerides (mmol/L),7844,PIH,"1009"
Enteroviral vesicular stomatitis with exanthem,4957,PIH,"10090"
Hirsutism,5059,PIH,"10091"
Sporotrichosis,4987,PIH,"10092"
"Urticaria, Solar",4989,PIH,"10093"
Folliculitis decalvans,5052,PIH,"10094"
Condyloma Latum,5047,PIH,"10095"
Erythrasma,4942,PIH,"10096"
Lepromatous Leprosy,5022,PIH,"10097"
Benign Neoplasm of Fallopian Tube,4089,PIH,"10098"
Perioral dermatitis,5037,PIH,"10099"
Lipid panel,2913,PIH,"1010"
Latent labor,4051,PIH,"10100"
Vitiligo,4978,PIH,"10101"
Subacute Cutaneous Lupus Erythematosus,5000,PIH,"10102"
Pyoderma gangrenosum,4982,PIH,"10103"
Actinic Keratosis,4972,PIH,"10104"
"Lyell's Toxic Epidermal Necrolysis, Subepidermal Type",5030,PIH,"10105"
Epidermoid cyst,4935,PIH,"10106"
Relapsing Febrile Nodular Nonsuppurative Panniculitis,4976,PIH,"10107"
Small plaque parapsoriasis,5048,PIH,"10108"
Onychogryposis,4959,PIH,"10109"
Allergic contact dermatitis,4999,PIH,"10110"
Tinea Manus,4994,PIH,"10111"
Behcet's Syndrome,5043,PIH,"10112"
Necrobiosis lipoidica,5045,PIH,"10113"
Sunburn of First Degree,5039,PIH,"10114"
Fox-Fordyce Disease,5026,PIH,"10115"
Asteatosis cutis,4991,PIH,"10116"
Pyogenic granuloma,4970,PIH,"10117"
Pityriasis rubra pilaire,4938,PIH,"10118"
Guttate Psoriasis,4952,PIH,"10119"
Alopecia areata,4934,PIH,"10120"
Cafe-Au-Lait Spots,4958,PIH,"10121"
Lichen Striatus,4955,PIH,"10122"
Granuloma Annulare,4996,PIH,"10123"
Pityriasis Alba,5038,PIH,"10124"
Tinea pedis,5014,PIH,"10125"
Acute lichenoid pityriasis,5050,PIH,"10126"
Polymyositis-Dermatomyositis,5012,PIH,"10127"
Nummular Eczema,4973,PIH,"10128"
Carcinoma in Situ of Female Genital Organ,4052,PIH,"10129"
Acne keloid,4995,PIH,"10130"
Eczema Herpeticum,5015,PIH,"10131"
Torsion of Ovary,4049,PIH,"10133"
Hemoglobinopathy,1764,PIH,"10134"
Congenital malformation,1663,PIH,"10135"
Chief complaint (text),1187,PIH,"10137"
PIH vital signs set,1194,PIH,"10138"
Premature birth of patient,1763,PIH,"10139"
Lactate dehydrogenase,3191,PIH,"1014"
Past medical history finding,33,PIH,"10140"
Sign/symptom present,34,PIH,"10141"
Past medical history added (text),35,PIH,"10142"
Past medical history,36,PIH,"10143"
Family history diagnosis,37,PIH,"10144"
Family history comment,39,PIH,"10145"
Patient's family history list,40,PIH,"10146"
Voodoo,131,PIH,"10147"
Catholic,132,PIH,"10148"
Baptist,133,PIH,"10149"
Hematocrit,3002,PIH,"1015"
Islam,134,PIH,"10150"
Pentecostal,135,PIH,"10151"
Seventh Day Adventist,136,PIH,"10152"
Jehovah's Witness,137,PIH,"10153"
Religion,143,PIH,"10154"
Address of contact person,147,PIH,"10155"
Immunizations,162,PIH,"10156"
Vaccination sequence number,164,PIH,"10157"
Immunization history,165,PIH,"10158"
Red cell distribution width,3157,PIH,"1016"
Mean cell hemoglobin concentration,3017,PIH,"1017"
Vaccination date,163,PIH,"10170"
Pentavalent pneumovax,168,PIH,"10171"
"Rotavirus vaccine, live",169,PIH,"10172"
Measles-Rubella vaccine,170,PIH,"10173"
Number of occurrences,974,PIH,"10174"
Mean corpuscular hemoglobin,3014,PIH,"1018"
Hemogram,3158,PIH,"1019"
Drug toxicity,1332,PIH,"102"
Lymphocyte %,3009,PIH,"1021"
Neutrophils %,3003,PIH,"1022"
Monocyte %,3010,PIH,"1023"
Eosinophil %,3006,PIH,"1024"
Basophils %,3004,PIH,"1025"
Rectally,1378,PIH,"10283"
Intranasal,1371,PIH,"10284"
In right eye,1376,PIH,"10285"
In both eyes,1366,PIH,"10286"
In left eye,1359,PIH,"10287"
Inhalation,1370,PIH,"10288"
In left ear,1369,PIH,"10289"
Subcutaneous,1365,PIH,"10290"
Intramuscular,1374,PIH,"10291"
Intraosseous,1375,PIH,"10292"
Vaginally,1360,PIH,"10293"
Per NG tube,1377,PIH,"10294"
In right ear,1363,PIH,"10295"
Transdermal,1368,PIH,"10296"
In both ears,1361,PIH,"10297"
Routes of administration,1379,PIH,"10298"
Puff,298,PIH,"10299"
"HIV DNA Polymerase chain reaction, qualitative",3125,PIH,"1030"
Million units,312,PIH,"10300"
Nebulizer,289,PIH,"10301"
Pad,293,PIH,"10302"
Syringe,313,PIH,"10303"
Kilogram,296,PIH,"10304"
Bar,304,PIH,"10305"
Enema,311,PIH,"10306"
Gram,327,PIH,"10307"
Milliequivalent,297,PIH,"10308"
Liter,321,PIH,"10309"
Milligram,324,PIH,"10311"
Inch,306,PIH,"10312"
Gum,301,PIH,"10313"
Tablet,287,PIH,"10314"
Metric drop,316,PIH,"10315"
Spray,326,PIH,"10316"
Tablespoon,292,PIH,"10317"
Drop,286,PIH,"10318"
Microgram,309,PIH,"10319"
Suppository,299,PIH,"10320"
Milliliter,303,PIH,"10321"
Fluid ounce,315,PIH,"10322"
Ampule(s),325,PIH,"10323"
Container,323,PIH,"10324"
Ring pessary,319,PIH,"10325"
Vial,322,PIH,"10326"
Patch,318,PIH,"10327"
Lozenge,285,PIH,"10328"
International units,288,PIH,"10329"
Biscuit wafer,308,PIH,"10330"
Scoopful,307,PIH,"10331"
Pint,284,PIH,"10332"
Teaspoon,317,PIH,"10333"
Unit,300,PIH,"10334"
Can,290,PIH,"10335"
Gallon,310,PIH,"10336"
Dosing unit,328,PIH,"10337"
Dose pack,1351,PIH,"10338"
Packets,1349,PIH,"10339"
Each,1353,PIH,"10340"
Bag,1356,PIH,"10341"
Cartridge,1352,PIH,"10342"
Kit,1350,PIH,"10343"
Box,1355,PIH,"10344"
Dispensing units,1357,PIH,"10345"
Immunization visit,418,PIH,"10346"
Maternal and child health program,422,PIH,"10347"
Stage I,220,PIH,"10348"
Stage IVB,212,PIH,"10349"
Stage 0,225,PIH,"10350"
Stage IIA,223,PIH,"10351"
Stage II,224,PIH,"10352"
Stage IIB,214,PIH,"10354"
Stage IVA,215,PIH,"10355"
Stage IIC,213,PIH,"10356"
ECOG Performance Status,273,PIH,"10358"
Palliative treatment,191,PIH,"10359"
Stage IVC,221,PIH,"10360"
Stage IC,217,PIH,"10361"
Stage IIIA,222,PIH,"10362"
Stage IIIB,216,PIH,"10363"
Curative treatment,190,PIH,"10364"
Stage IB,219,PIH,"10365"
Stage IV,205,PIH,"10366"
Stage III,211,PIH,"10367"
Stage IA,226,PIH,"10368"
Boost treatment intent,6180,PIH,"10369"
Stage IIIC,218,PIH,"10372"
Overall cancer stage group,227,PIH,"10373"
Indication/intent of therapy,6181,PIH,"10374"
Life threatening severity,1444,PIH,"10375"
Severity of adverse reaction,1445,PIH,"10376"
Labor and delivery visit,423,PIH,"10377"
Birthplace address construct,88,PIH,"10378"
Address1 concept,86,PIH,"10379"
Address2 concept,85,PIH,"10380"
Address3 concept,84,PIH,"10381"
Country concept,81,PIH,"10382"
City Village concept,83,PIH,"10383"
State Province concept,82,PIH,"10384"
Leprosy visit,419,PIH,"10386"
Flushing,1400,PIH,"10389"
Dystonia,1394,PIH,"10390"
Hives,1402,PIH,"10391"
GI upset,1395,PIH,"10392"
Mental status change,1407,PIH,"10393"
Rapid test for HIV,2929,PIH,"1040"
"HIV ELISA, quantitative",3127,PIH,"1041"
"HIV ELISA, qualitative",3126,PIH,"1042"
Erythromycins,1431,PIH,"10426"
Statins,1428,PIH,"10427"
ACE inhibitors,1426,PIH,"10428"
Heparins,1427,PIH,"10429"
NSAIDs,1432,PIH,"10430"
Sulfonamides,1429,PIH,"10431"
Penicillins,1425,PIH,"10432"
Cephalosporins,1423,PIH,"10433"
ARBs (angiotensin II receptor blockers),1422,PIH,"10434"
Fish,1409,PIH,"10436"
Wheat,1416,PIH,"10437"
Eggs,1419,PIH,"10438"
Milk protein,1415,PIH,"10439"
Shellfish,1410,PIH,"10440"
Beef,1412,PIH,"10441"
Strawberries,1417,PIH,"10442"
Dairy food,1411,PIH,"10443"
Peanuts,1420,PIH,"10444"
Caffeine,1413,PIH,"10445"
Chocolate,1418,PIH,"10446"
Latex,1441,PIH,"10448"
Ragweed,1436,PIH,"10449"
Adhesive tape,1440,PIH,"10450"
Mold,1439,PIH,"10451"
Pollen,1437,PIH,"10452"
Dust,1435,PIH,"10453"
Bee stings,1438,PIH,"10454"
PIH Core allergic reactions,1408,PIH,"10456"
PIH Core drug allergies,1433,PIH,"10457"
PIH Core food allergens,1421,PIH,"10458"
PIH Core environmental allergens,1442,PIH,"10459"
"Chest, abdomen and pelvis (CAP) with contrast (CT)",858,PIH,"10460"
Chest and abdomen with contrast (CT),862,PIH,"10461"
Chest and abdomen without contrast (CT),881,PIH,"10462"
"Chest, abdomen and pelvis (CAP) without contrast (CT)",877,PIH,"10463"
Zinc sulfate,2146,PIH,"10464"
Propylthiouracil,1981,PIH,"10465"
HEENT examination (text),1492,PIH,"10466"
Cardiac examination (text),1506,PIH,"10467"
General examination (text),1489,PIH,"10468"
Abdominal examination (text),1550,PIH,"10469"
Mental status exam findings,1632,PIH,"10470"
Chest examination (text),1628,PIH,"10471"
Mental status examination (text),1546,PIH,"10472"
Physical system concept set,1661,PIH,"10473"
Laboratory sets,3218,PIH,"10477"
Musculoskeletal examination (text),1611,PIH,"10481"
Urogenital examination (text),1474,PIH,"10482"
Procedure comment,1737,PIH,"10483"
Procedure performed,1730,PIH,"10484"
Procedure date/time,1731,PIH,"10485"
Procedure outcome satisfactory to physician,1735,PIH,"10486"
Procedure outcome unsatisfactory to physician,1733,PIH,"10487"
Procedure outcome unsatisfactory to patient,1732,PIH,"10488"
Procedure outcome satisfactory to patient,1734,PIH,"10489"
< 30 minutes,1143,PIH,"1049"
Procedure outcome,1736,PIH,"10490"
Procedure site (text),1729,PIH,"10491"
Procedure History,1738,PIH,"10492"
Docetaxel / Doxorubicin / Cyclophosphamide,247,PIH,"10493"
Palliative Single Agent - Doxorubicin,238,PIH,"10494"
Cyclophosphamide / Methotrexate / Fluorouracil,242,PIH,"10495"
Palliative tamoxifen,243,PIH,"10496"
Cyclophosphamide / Hydroxydaunorubicin / Oncovin / Prednisone,237,PIH,"10497"
Paclitaxel / Carboplatin,229,PIH,"10498"
Doxorubicin / Bleomycin / Vinblastine / Dacarbazine,234,PIH,"10499"
Intravenous drug use,3285,PIH,"105"
"30 to 60 minutes",1147,PIH,"1050"
Palliative Single Agent - 5FU/Leucovorin,246,PIH,"10500"
Cyclophosphamide / Oncovin / Prednisone,245,PIH,"10501"
Doxorubicin / Cyclophosphamide,233,PIH,"10502"
Palliative Single Agent - Paclitaxel,250,PIH,"10503"
"5FU / Leucovorin",244,PIH,"10504"
Palliative Single Agent - Cyclophosphamide,248,PIH,"10505"
Chemotherapy regimen,252,PIH,"10506"
Muscle Weakness,267,PIH,"10508"
Walking disability,254,PIH,"10509"
"1 to 2 hours",1144,PIH,"1051"
Numbness and tingling of skin,263,PIH,"10510"
Dyssomnia,261,PIH,"10511"
Chemotherapy side effect,269,PIH,"10512"
In remission,274,PIH,"10513"
Patient currently unavailable,276,PIH,"10514"
Worsening,278,PIH,"10515"
Stable but not improving,271,PIH,"10516"
Improving,272,PIH,"10517"
Metastatically recurrent tumor,277,PIH,"10518"
Locally recurrent tumor,275,PIH,"10519"
Cancer disease status,279,PIH,"10520"
Pain description and management plan (text),231,PIH,"10521"
Planned treatment interruption,265,PIH,"10522"
Follow-up with oncologist prior to continuing chemotherapy,239,PIH,"10523"
Continue treatment,259,PIH,"10524"
Chemotherapy treatment plan,270,PIH,"10525"
Medication prescribed at consult end,475,PIH,"10528"
NCD category,505,PIH,"10529"
Parity,3278,PIH,"1053"
Type of oncology visit,5732,PIH,"10530"
Oncology staging,5729,PIH,"10531"
Oncology treatment,5728,PIH,"10532"
Oncology diagnosis,5727,PIH,"10533"
Clinical management plan comment,41,PIH,"10534"
Post-prandial blood glucose,2916,PIH,"10535"
Fasting blood glucose,2918,PIH,"10536"
Diabetes panel,3208,PIH,"10537"
Total number of planned chemotherapy cycles,235,PIH,"10538"
Chemotherapy treatment received,257,PIH,"10539"
Civil status,102,PIH,"1054"
Chemotherapy treatment tolerated,253,PIH,"10540"
Hip circumference (cm),615,PIH,"10541"
Waist circumference (cm),442,PIH,"10542"
HUM Inpatient,604,PIH,"10543"
ZL Inpatient,605,PIH,"10544"
HUM Outpatient,610,PIH,"10545"
ZL Outpatient,598,PIH,"10546"
Known chronic disease before referral,493,PIH,"10547"
Prior treatment for chronic disease,628,PIH,"10548"
Chronic disease controlled during initial visit,471,PIH,"10549"
Known diagnosis,627,PIH,"10550"
Unaware of diagnosis,626,PIH,"10551"
Appearance at appointment time,625,PIH,"10552"
Between one and seven days,622,PIH,"10553"
Greater than 7,624,PIH,"10554"
Adhered to medicine for the past 2 days,613,PIH,"10555"
Letrozole,241,PIH,"10556"
NCD medications,549,PIH,"10557"
Anti-TB medication (generic),517,PIH,"10558"
ARV medication (generic),545,PIH,"10559"
Separated,98,PIH,"1056"
HIV laboratory set,3173,PIH,"10561"
PIH History Form Concept Set,1766,PIH,"10562"
Pediatric feeding concept set,931,PIH,"10563"
Infant feeding method,925,PIH,"10564"
Feeding method absent,923,PIH,"10565"
Feeding method age,924,PIH,"10566"
Pediatrics feeding history construct,926,PIH,"10567"
Zinc,435,PIH,"10568"
Iodine,436,PIH,"10569"
Never married,96,PIH,"1057"
Deworming,437,PIH,"10570"
Supplement received,439,PIH,"10571"
Age supplement received,433,PIH,"10572"
Supplement history construct,440,PIH,"10573"
Gross Motor Skills Evaluation (text),1610,PIH,"10574"
Fine Motor Skills Evaluation (text),1637,PIH,"10575"
Language Development Evaluation (text),1529,PIH,"10576"
Social Skills Evaluation (text),1476,PIH,"10577"
Disposition comment,1749,PIH,"10578"
Current Medications,1666,PIH,"10579"
Divorced,94,PIH,"1058"
Diagnostic Tests History,1716,PIH,"10580"
Zika virus,4746,PIH,"10581"
TB laboratory set,3213,PIH,"10582"
Laboratory orders for Zanmi Lasante,3128,PIH,"10583"
Zamni Lasante Depression Symptom Inventory Score,980,PIH,"10584"
Clinical Global Impressions Efficacy Score,984,PIH,"10585"
Clinical Global Impressions Severity Score,981,PIH,"10586"
Clinical Global Impressions Improvement Score,986,PIH,"10587"
Clinical Global Impressions Scale,987,PIH,"10588"
World Health Organization Disability Assessment Schedule 2.0 Score,983,PIH,"10589"
Widowed,97,PIH,"1059"
Center for Epidemiologic Studies Depression Scale score,989,PIH,"10590"
Abnormal Involuntary Movement Scale score,990,PIH,"10591"
Mental health scores,991,PIH,"10592"
Guillain-Barré syndrome,4367,PIH,"10593"
Mental health diagnosis,1048,PIH,"10594"
Liberia MoH diagnosis set,5393,PIH,"10595"
Onchocerciasis,5391,PIH,"10596"
Lassa Fever,5384,PIH,"10597"
Dextromethorphan / Guaifenesin,2300,PIH,"10598"
Primaquine,2065,PIH,"10599"
Upper respiratory infection,4888,PIH,"106"
Living with partner,101,PIH,"1060"
Hydrochlorothiazide / Lisinopril,2205,PIH,"10600"
Valsartan,2166,PIH,"10601"
Amlodipine / Atorvastatin,1968,PIH,"10602"
Dysarthria,4355,PIH,"10604"
Dysphasia due to Cerebrovascular Disease,4389,PIH,"10605"
Oropharyngeal Dysphagia,4370,PIH,"10606"
Autism,4371,PIH,"10607"
Mixed receptive-expressive language disorder,4362,PIH,"10608"
Strain of Rotator Cuff Capsule,4365,PIH,"10609"
Method of HIV exposure,3294,PIH,"1061"
Sacrum Sprain,4375,PIH,"10610"
Sprain of Back,4359,PIH,"10611"
Lumbago with Sciatica,4385,PIH,"10613"
"Dysphagia, Oral Phase",4351,PIH,"10614"
Esophageal Dysphagia,4368,PIH,"10615"
Rotator cuff rupture,4387,PIH,"10616"
Thoracic Back Sprain,4388,PIH,"10617"
Sprain of Cruciate Ligament of Knee,4378,PIH,"10618"
Neck sprain,4357,PIH,"10619"
Suspected past HIV exposure,3287,PIH,"1062"
Degeneration of Lumbosacral Intervertebral Disc,4369,PIH,"10620"
Lumbar Sprain,4386,PIH,"10621"
Sprain of posterior cruciate ligament of knee,4363,PIH,"10622"
Sprain of Anterior Cruciate Ligament of Knee,4382,PIH,"10623"
Speech and language deficits,4379,PIH,"10624"
Degeneration of Lumbar Intervertebral Disc,4384,PIH,"10625"
Knee Pain,4350,PIH,"10626"
Shoulder Joint Pain,4381,PIH,"10627"
Infantile Autism,4366,PIH,"10629"
Blood transfusion,3293,PIH,"1063"
Speech/Language disorder,4353,PIH,"10630"
Loss of Voice,4358,PIH,"10631"
Seizure frequency,977,PIH,"10632"
Suicidal thoughts,1051,PIH,"10633"
Mental health medication,1021,PIH,"10634"
Type of referral role,1026,PIH,"10635"
Mental health intervention,1020,PIH,"10636"
Medication comments (text),1038,PIH,"10637"
Psychotherapy,996,PIH,"10638"
Interpersonal psychotherapy,1005,PIH,"10639"
Psychoeducation,1011,PIH,"10640"
Relaxation,1008,PIH,"10641"
Family support,997,PIH,"10642"
Grief counseling,1009,PIH,"10643"
Parenting skills training,994,PIH,"10644"
Behavioral activation therapy,993,PIH,"10645"
Security plan,1002,PIH,"10646"
Role of referring person,1044,PIH,"10647"
Suicidal evaluation,1024,PIH,"10648"
Type of provider,1047,PIH,"10649"
Yes,1,PIH,"1065"
Number of days with difficulties in past 30 days,1022,PIH,"10650"
Number of days without normal activity or work in past 30 days,1050,PIH,"10651"
Number of days with reduced activity or work in past 30 days,1084,PIH,"10652"
Other medical service,1042,PIH,"10653"
Liberia diagnoses set of sets,6504,PIH,"10654"
ID Card Printing Requested,30,PIH,"10655"
ID Card Printing Successful,31,PIH,"10656"
No,2,PIH,"1066"
Orange,1269,PIH,"10666"
Yellow,1266,PIH,"10667"
Triage color classification,1271,PIH,"10668"
PIH Triage set,1276,PIH,"10669"
Unknown,5,PIH,"1067"
Triage queue status,1197,PIH,"10670"
Remove,1166,PIH,"10671"
Expire,1196,PIH,"10672"
Triage score,1163,PIH,"10673"
Triage diagnosis or symptom,1273,PIH,"10674"
Responds to pain,1203,PIH,"10675"
Responds to voice,1207,PIH,"10676"
Awake,1205,PIH,"10677"
Mobility,1170,PIH,"10678"
Unable to move,1169,PIH,"10679"
Foot ulcer,451,PIH,"10680"
Acute focal neurologic deficit,1211,PIH,"10682"
Floppy infant syndrome,1214,PIH,"10683"
Decreased consciousness,1210,PIH,"10684"
Chemical burn,1237,PIH,"10685"
Purpura,1231,PIH,"10686"
Persistent vomiting,1243,PIH,"10688"
Constantly crying,1215,PIH,"10689"
Incoherent Speech,1230,PIH,"10690"
Anuria,1229,PIH,"10691"
Significant burn of skin,1236,PIH,"10692"
Post-ictal phase of epileptic seizure,1212,PIH,"10693"
Threatened limb,1220,PIH,"10694"
Dislocation of large joint,1225,PIH,"10695"
Dislocation of small joint,1219,PIH,"10696"
Uncontrolled hemorrhage,1224,PIH,"10697"
Controlled hemorrhage,1221,PIH,"10698"
Unable to bear weight,1218,PIH,"10699"
Cough,1392,PIH,"107"
Refuses to eat,1245,PIH,"10700"
Hypersalivation,1254,PIH,"10701"
Laryngeal stridor,1260,PIH,"10702"
Oxygen saturation < 85%,1255,PIH,"10703"
Acute dyspnea,1256,PIH,"10704"
Bloody cough,1257,PIH,"10705"
Severe pain,1252,PIH,"10706"
Moderate pain,1249,PIH,"10707"
Drowsiness,1232,PIH,"10708"
Ketotic hyperglycemia,1198,PIH,"10709"
Severe trauma,1217,PIH,"10710"
Mesalazine,2206,PIH,"10711"
DEET,2081,PIH,"10712"
Neurological triage symptom,1216,PIH,"10713"
Triage symptom sets,1262,PIH,"10714"
Burn triage symptom,1238,PIH,"10715"
Glucose triage symptom,1199,PIH,"10716"
Trauma triage symptom,1227,PIH,"10717"
Digestive triage symptom,1248,PIH,"10718"
Persistent diarrhea,1246,PIH,"10719"
Days,968,PIH,"1072"
Respiratory triage symptom,1261,PIH,"10720"
Pregnancy triage symptom,1202,PIH,"10721"
Pain triage symptom,1253,PIH,"10722"
Other triage symptom,1233,PIH,"10723"
Response triage symptom,1208,PIH,"10724"
Oxygen,1263,PIH,"10725"
Emergency treatment,1265,PIH,"10726"
Paracetamol dose (mg),1274,PIH,"10727"
Haiti insurance company name,159,PIH,"10728"
AIC,157,PIH,"10729"
Weeks,972,PIH,"1073"
INASSA,156,PIH,"10730"
CAH,155,PIH,"10731"
CONAM,154,PIH,"10732"
SOGE Assurance,153,PIH,"10733"
UniAssurances,152,PIH,"10734"
GMC Henner,151,PIH,"10735"
CIGNA (Vanbreda),150,PIH,"10736"
Insurance policy number,149,PIH,"10737"
Insurance construct,161,PIH,"10738"
Microcephaly due to Zika virus,4301,PIH,"10739"
Months,971,PIH,"1074"
Insurance company name (text),160,PIH,"10740"
ZL employee,124,PIH,"10741"
Prescription construct,1348,PIH,"10742"
Pump,294,PIH,"10743"
"Dosing units, coded",1344,PIH,"10744"
"Laboratory test ordered, coded",716,PIH,"10745"
Mayaro Fever,4821,PIH,"10746"
Waiting for consultation status,1167,PIH,"10747"
Cholera treatment,3953,PIH,"10748"
Education,3957,PIH,"10749"
Procedure,3962,PIH,"10751"
Delivery by vacuum extraction,2755,PIH,"10752"
Suture of female perineum,2734,PIH,"10753"
Diagnostic curettage of endometrium,2746,PIH,"10754"
Forceps delivery,2747,PIH,"10755"
Excision of fibroadenoma of breast,2744,PIH,"10756"
Removal of contraceptive implant,2743,PIH,"10757"
Suture of cervix,2751,PIH,"10758"
Intrauterine tamponade with Bakri balloon,2758,PIH,"10760"
Visual inspection with acetic acid,2742,PIH,"10761"
Surveillance of contraceptive implant,2737,PIH,"10762"
General procedures,2364,PIH,"10763"
Emergency sign and symptom,1242,PIH,"10764"
Airway compromised,1239,PIH,"10765"
Pre-pathology diagnosis construct,339,PIH,"10766"
Pathology procedure set,2824,PIH,"10768"
Pathology procedure ordered,336,PIH,"10769"
Bloody,3047,PIH,"1077"
Pathology procedure performed,343,PIH,"10770"
Procedure performed at external location (text),348,PIH,"10771"
"Procedure ordered, non-coded",333,PIH,"10772"
Pathology concept set,353,PIH,"10773"
Pathology order,340,PIH,"10774"
Specimen 1 comment,345,PIH,"10775"
Specimen 2 comment,341,PIH,"10776"
Specimen 3 comment,347,PIH,"10777"
Specimen 4 comment,342,PIH,"10778"
Name of clinician for test results,344,PIH,"10779"
Date of initial consultation,350,PIH,"10780"
Test order number,352,PIH,"10781"
Post-pathology diagnosis construct,335,PIH,"10782"
Date of test results,334,PIH,"10783"
"Procedure performed, non-coded",337,PIH,"10784"
PDF file,349,PIH,"10785"
Incisional biopsy of esophagus,2786,PIH,"10787"
Core needle biopsy of uterus,2782,PIH,"10788"
Core needle biopsy of large intestine,2766,PIH,"10789"
Incisional biopsy of uterine cervix,2774,PIH,"10790"
Incisional biopsy of right breast,2779,PIH,"10791"
Core needle biopsy of both breasts,2800,PIH,"10792"
Excisional biopsy of left breast,2805,PIH,"10793"
Excision of right ovary,2820,PIH,"10794"
Blood draw for CML test,2799,PIH,"10795"
Bilateral salpingo-oophorectomy,2808,PIH,"10796"
Excision of left fallopian tube and ovary,2816,PIH,"10797"
Core needle biopsy of right breast,2777,PIH,"10798"
Excisional biopsy of uterus,2810,PIH,"10799"
Bronchospasm,1401,PIH,"108"
Core needle biopsy of cervix,2770,PIH,"10800"
Excision biopsy of uterine cervix,2771,PIH,"10801"
Excisional biopsy of lymph node,2806,PIH,"10802"
Excisional biopsy of both breasts,2814,PIH,"10803"
Excision biopsy of stomach,2815,PIH,"10804"
Lumpectomy of right breast,2801,PIH,"10805"
Incisional biopsy of both ovaries,2769,PIH,"10806"
Excision biopsy of esophagus,2776,PIH,"10807"
Incisional biopsy of stomach,2796,PIH,"10808"
Incisional biopsy of left breast,2794,PIH,"10809"
Core needle biopsy of left ovary,2813,PIH,"10810"
Core needle biopsy of small intestine,2795,PIH,"10811"
Mastectomy of right breast,2789,PIH,"10812"
Core needle biopsy of axillary lymph node,2804,PIH,"10813"
Core needle biopsy of lymph node,2803,PIH,"10814"
Mastectomy of left breast,2817,PIH,"10815"
Core needle biopsy of both ovaries,2823,PIH,"10816"
Incisional biopsy of uterus,2812,PIH,"10817"
Incisional biopsy of Fallopian tube,2778,PIH,"10818"
Incisional biopsy of intestine,2783,PIH,"10819"
Excision biopsy of Fallopian tube,2798,PIH,"10820"
Lumpectomy of left breast,2821,PIH,"10821"
Excision of right fallopian tube and ovary,2772,PIH,"10822"
Incisional biopsy of lymph node,2765,PIH,"10823"
Bilateral mastectomy,2818,PIH,"10824"
Core needle gastric biopsy,2790,PIH,"10825"
Excisional biopsy of right breast,2785,PIH,"10826"
Incisional biopsy of axillary lymph node,2781,PIH,"10827"
Excision biopsy of intestine,2809,PIH,"10828"
Lumpectomy of both breasts,2819,PIH,"10829"
Excision of both ovaries,2773,PIH,"10830"
Incisional biopsy of right ovary,2802,PIH,"10831"
Incisional biopsy of left ovary,2788,PIH,"10832"
Incisional biopsy of both breasts,2793,PIH,"10833"
Core needle biopsy of Fallopian tube,2811,PIH,"10834"
Excision of left ovary,2780,PIH,"10835"
Excision biopsy of axillary lymph node,2792,PIH,"10836"
Core needle biopsy of left breast,2791,PIH,"10837"
Core needle biopsy of esophagus,2787,PIH,"10838"
Core needle biopsy of right ovary,2767,PIH,"10839"
Antiretrovirals used for MTCT prophylaxis,3570,PIH,"1084"
Specimen number,338,PIH,"10840"
HIV encephalopathy,3433,PIH,"10844"
WHO HIV stages for adults and children,3488,PIH,"10845"
HIV concept set,3776,PIH,"10846"
Alternative Medicine,1334,PIH,"10847"
Patient forgot to attend appointment,1330,PIH,"10848"
Intolerance,1335,PIH,"10849"
Antiretroviral Drugs,2356,PIH,"1085"
Currently using birth control,3669,PIH,"10867"
Abacavir / Lamivudine / Zidovudine,2152,PIH,"10868"
Partner suspected HIV+,3292,PIH,"10869"
Previous antiretroviral drugs used for treatment,3574,PIH,"1087"
Sexually active with men,3290,PIH,"10870"
Non-occupational,3291,PIH,"10871"
Sexually active with women,3286,PIH,"10872"
LPV/r,2257,PIH,"10873"
Current antiretroviral drugs used for treatment,3571,PIH,"1088"
Able to walk with assistance,3326,PIH,"10892"
Able to walk without assistance,3324,PIH,"10893"
Level of mobility,3327,PIH,"10894"
Head circumference at birth (cm),3656,PIH,"10896"
Unchanged,3297,PIH,"10897"
Symptom progression,3300,PIH,"10898"
Infant formula type,3390,PIH,"10899"
Never,1676,PIH,"1090"
First trimester,3605,PIH,"10900"
Second trimester,3604,PIH,"10901"
Third trimester,3603,PIH,"10902"
Trimester mother was diagnosed with STD,3606,PIH,"10903"
Chikungunya virus real time RT-PCR in cerebrospinal fluid,6183,PIH,"10905"
Dengue virus real time RT-PCR in cerebrospinal fluid,6182,PIH,"10906"
Zika virus real time RT-PCR in cerebrospinal fluid,6184,PIH,"10907"
Zika virus real time RT-PCR in amniotic fluid,6185,PIH,"10908"
Zika virus real time RT-PCR in serum or plasma,3187,PIH,"10909"
Dengue virus real time RT-PCR in serum or plasma,3188,PIH,"10910"
Zika virus real time RT-PCR in urine,6186,PIH,"10911"
Chikungunya virus real time RT-PCR in serum or plasma,3186,PIH,"10912"
Trioplex real-time RT-PCR,3189,PIH,"10913"
Punch biopsy of skin,2807,PIH,"10914"
Fine needle aspiration biopsy of thyroid,2822,PIH,"10915"
Percutaneous core needle biopsy of both kidneys,2797,PIH,"10916"
Fine needle aspiration biopsy of both parotid glands,2775,PIH,"10917"
Fine needle aspiration of lymph node,2784,PIH,"10918"
Fine needle aspiration biopsy of both breasts,2768,PIH,"10919"
ATV/r,2051,PIH,"10920"
Cocaine,2096,PIH,"10921"
Atazanavir,2279,PIH,"10922"
Pentavalent vaccine,2091,PIH,"10923"
Co-infection with human immunodeficiency virus and hepatitis B,3584,PIH,"10956"
WHO Stage 3 and CD4 count <500,3580,PIH,"10957"
Patient with age >50 years,3576,PIH,"10958"
Co-infection with human immunodeficiency virus and tuberculosis,3581,PIH,"10959"
Test and Treatment protocol,3582,PIH,"10960"
HIV-associated nephropathy,3579,PIH,"10961"
Medical eligibility was established on the previous visit,3577,PIH,"10963"
Post-exposure prophylaxis,3583,PIH,"10964"
Reason eligible for antiretroviral therapy,3585,PIH,"10965"
Monthly,6197,PIH,"1098"
Weekly,6198,PIH,"1099"
Daily or almost daily,6816,PIH,"1100"
Medication form,3370,PIH,"11013"
Date medication last taken,3372,PIH,"11014"
Medication strength,3371,PIH,"11015"
Indication for medication,3369,PIH,"11016"
Every twenty-four hours,1318,PIH,"11017"
"Thrice daily, with meals",1300,PIH,"11018"
Every five hours,1290,PIH,"11019"
Every forty-eight hours,1312,PIH,"11020"
Every thirty-six hours,1292,PIH,"11021"
Every seventy-two hours,1287,PIH,"11022"
"Four times daily, before meals and at bedtime",1296,PIH,"11023"
One time,1304,PIH,"11024"
"Once daily, in the morning",1311,PIH,"11025"
"Every Monday, Wednesday and Friday",1302,PIH,"11026"
Twice daily before meals,1306,PIH,"11027"
Every hour,1313,PIH,"11028"
"Thrice daily, after meals",1294,PIH,"11029"
Every 30 min,1298,PIH,"11030"
Twice daily with meals,1297,PIH,"11031"
Every eight hours,1286,PIH,"11032"
"Once daily, in the evening",1285,PIH,"11033"
Twice daily after meals,1284,PIH,"11034"
"Once daily, at bedtime",1299,PIH,"11035"
"Thrice daily, before meals",1317,PIH,"11036"
One time STAT,1316,PIH,"11037"
"Four times daily, after meals and at bedtime",1308,PIH,"11038"
Cured,1328,PIH,"11039"
Medication history,3373,PIH,"11040"
Is sex worker,3534,PIH,"11041"
Maternal to fetal transmission of human immunodeficiency virus,3533,PIH,"11042"
Male who has sex with men,3528,PIH,"11043"
Accidental exposure to blood or body fluid,3510,PIH,"11044"
Client of sex worker,3531,PIH,"11045"
HIV risk factor,3537,PIH,"11046"
History of sexually transmitted disease,3647,PIH,"11047"
Unprotected sexual intercourse,3640,PIH,"11048"
Victim of sexual aggression,3507,PIH,"11049"
History of syphilis,3651,PIH,"11050"
Anal intercourse,3641,PIH,"11051"
History of tuberculosis,3725,PIH,"11052"
Less-common risk factors for HIV,3726,PIH,"11053"
Bisexual,3288,PIH,"11054"
Date of first visit,3713,PIH,"11055"
Current health facility,3273,PIH,"11056"
Chronic fever lasting less than one month,3350,PIH,"11057"
Date tuberculosis prophylaxis ended,3329,PIH,"11058"
Date of last papanicolaou test,3244,PIH,"11059"
Sex with person known to be infected by human immunodeficiency virus,3284,PIH,"11060"
Date of reported HIV viral load,3682,PIH,"11061"
Patient-reported HIV viral load,3761,PIH,"11062"
History of negative tuberculin skin test in past 3 months,3342,PIH,"11063"
Date of blood unit transfusion,3304,PIH,"11064"
Reason for admission (text),1720,PIH,"11065"
HIV viral load status,3695,PIH,"11066"
Birth weight (kg),3711,PIH,"11067"
Herpes simplex esophagitis,4917,PIH,"11068"
None,8,PIH,"1107"
Ethambutol and Isoniazid,3399,PIH,"1108"
Dyspepsia,4805,PIH,"111"
Patient reported current Tuberculosis prophylaxis,3400,PIH,"1110"
Pill burden,3753,PIH,"11105"
Felt better and stopped taking medication,3742,PIH,"11106"
Forgot to take medication,3752,PIH,"11107"
Lost or ran out of medication,3751,PIH,"11108"
Concerned about privacy/stigma,3755,PIH,"11109"
Current anti-TB treatment,3522,PIH,"1111"
Shares medications with others,3744,PIH,"11110"
Too ill to take medication,3747,PIH,"11111"
Alcohol abuse,1065,PIH,"11112"
Fear of side effects,3750,PIH,"11113"
Mother's health status,3697,PIH,"11114"
Patient's condition improved since last visit,3514,PIH,"11115"
Total number of living children,3279,PIH,"11117"
Blood drawn for CD4 count,3564,PIH,"11118"
Sign/Symptom name,635,PIH,"11119"
No signs or symptoms of disease,3429,PIH,"11120"
Disease diagnosed,3425,PIH,"11122"
Disease suspected,3428,PIH,"11123"
Not assessed,3426,PIH,"11124"
Tuberculosis disease status,3430,PIH,"11126"
Signs and symptoms,3303,PIH,"11127"
Zika program,917,PIH,"11128"
Condom use,3517,PIH,"11129"
Tuberculosis treatment start date,3719,PIH,"1113"
Sexual activity for last three (3) months,3521,PIH,"11130"
Treatment start date,1324,PIH,"11131"
Exposure end date/time,3524,PIH,"11132"
Exposure start date/time,3525,PIH,"11133"
Free text comment,3526,PIH,"11134"
Exposure duration,1689,PIH,"11135"
HIV risk factor exposure set,3538,PIH,"11136"
Mother's obstetric history set,3281,PIH,"11137"
Age at death (years),3565,PIH,"11138"
Mother's child death history construct,3567,PIH,"11140"
Date of birth of family member,3344,PIH,"11141"
Test name,3077,PIH,"11142"
Age when tested,3346,PIH,"11143"
Laboratory results,3347,PIH,"11145"
Antiretroviral drug side effects since last visit,3540,PIH,"11146"
Antiretroviral drug side effects since last visit construct,3541,PIH,"11147"
In treatment or under care for problem,3343,PIH,"11148"
Normal,457,PIH,"1115"
Mania (Monopolar) Single Episode or Unspecified,4597,PIH,"11150"
Papular pruritic eruption,3463,PIH,"11151"
Other WHO HIV stages,3666,PIH,"11152"
Disseminated tuberculosis,4858,PIH,"11153"
"Pulmonary Tuberculosis, Tubercle Bacilli Found (in Sputum) by Microscopy",4747,PIH,"11154"
Esophagitis,4875,PIH,"11155"
Patient completed full treatment,3745,PIH,"11156"
Father's HIV status,3655,PIH,"11157"
Coccidioidomycosis,4927,PIH,"11158"
Chronic fatigue,4887,PIH,"11159"
Abnormal,1458,PIH,"1116"
"HIV Positive, confirmed by serologic lab test after 18 months",3548,PIH,"11160"
"HIV Exposed, status indeterminate",3546,PIH,"11161"
"HIV Positive, confirmed by Virologic lab test",3545,PIH,"11162"
Probable HIV diagnosis (without HIV test),3543,PIH,"11163"
Severe Sepsis,4758,PIH,"11164"
Mother's HIV status,3274,PIH,"11165"
Coronary heart disease,4851,PIH,"11166"
Asthenia,4794,PIH,"11167"
Abnormal sounds,1646,PIH,"1117"
Not done,1483,PIH,"1118"
General exam findings,1524,PIH,"1119"
Herpesvirus infection,4908,PIH,"11194"
Chronic diarrhea of unknown origin,4922,PIH,"11195"
Paralytic Stroke,4740,PIH,"11196"
HIV disease,4748,PIH,"11197"
Traveling,3748,PIH,"11198"
Regurgitation,4862,PIH,"11199"
Tonsillitis,4834,PIH,"112"
Skin exam findings,1509,PIH,"1120"
Parotid Swelling,4811,PIH,"11200"
HIV disease resulting in mycobacterial infection,4806,PIH,"11201"
Nonparalytic stroke,4755,PIH,"11202"
Imprisonment and other incarceration,3645,PIH,"11203"
Cytomegaloviral Retinitis,4800,PIH,"11204"
Vague bodily discomfort,4775,PIH,"11205"
Unresolved pneumonia,4900,PIH,"11206"
Cytomegalovirus infection,4683,PIH,"11207"
Recurrent upper respiratory tract infection,3462,PIH,"11208"
Primary Intestinal Lymphangiectasia,4723,PIH,"11209"
Lymph node exam findings,1473,PIH,"1121"
Nausea and vomiting,4923,PIH,"11210"
Lesion of brain,4856,PIH,"11211"
Prurigo Simplex,4759,PIH,"11212"
Chronic Hepatitis C,4912,PIH,"11213"
"Recurrent Manic Episodes, Mild",4613,PIH,"11214"
Dysaesthesia,4728,PIH,"11215"
Acute Hepatitis C,4840,PIH,"11216"
Earache symptoms,4764,PIH,"11217"
Acute Ulcerative Gingivitis,4925,PIH,"11218"
Infective esophagitis,4825,PIH,"11219"
HEENT exam findings,1606,PIH,"1122"
Fungal esophagitis,4880,PIH,"11220"
Duration of other infant feeding method,3709,PIH,"11221"
other infant feeding method,3734,PIH,"11222"
Number of missed medication doses in past 4 days,3741,PIH,"11223"
Impaired psychomotor development,1526,PIH,"11224"
Normal psychomotor development,1527,PIH,"11225"
General motor skills status,1528,PIH,"11226"
Duration of mixed feeding,3758,PIH,"11227"
Duration of infant formula usage,3246,PIH,"11228"
Last HIV viral load,3568,PIH,"11229"
Respiratory exam findings,1469,PIH,"1123"
Last patient reported CD4 count or CD4% date,3654,PIH,"11230"
number of months after birth infant stopped feeding,3348,PIH,"11231"
Date of first antenatal visit,3765,PIH,"11232"
Patient reported CD4%,3341,PIH,"11233"
Pharmacist,1046,PIH,"11234"
CD4 test never done or unknown if done,3395,PIH,"11235"
Viral load test never done or unknown if done,3774,PIH,"11236"
Cardiac exam findings,1659,PIH,"1124"
Abdominal exam findings,1571,PIH,"1125"
Urogenital exam findings,1636,PIH,"1126"
Extremity exam findings,1545,PIH,"1127"
Musculoskeletal exam findings,1591,PIH,"1128"
Neurologic exam findings,1500,PIH,"1129"
Furunculosis,4915,PIH,"113"
Mother received total maternal to child transmission prophylaxis (TPMTCT),3721,PIH,"11301"
Number of siblings not infected with HIV,3596,PIH,"11302"
HIV status disclosed to parent / guardian,3401,PIH,"11303"
Child with age <5 years,385,PIH,"11304"
Date mother started to receive highly active antiretroviral therapy (HAART),3759,PIH,"11305"
"Yes, stopped using",3539,PIH,"11306"
Facility name or name of place where mother gave birth,3283,PIH,"11307"
BCG scar present on examination,4921,PIH,"11308"
Date mother stopped receiving total maternal to child transmission prophylaxis (TPMTCT),3728,PIH,"11309"
Rifampicin + Isoniazid + Pyrazinamide + Ethambutol,2230,PIH,"1131"
"Bacterial Infection, Severe, Recurrent",4877,PIH,"11310"
Currently taking ARV,3337,PIH,"11314"
Anti-retroviral treatment status,3339,PIH,"11315"
Date started on tuberculosis prophylaxis,3668,PIH,"11316"
HIV status disclosed to patient,3638,PIH,"11317"
Eye examination findings,1573,PIH,"11318"
Papanicolaou test status,3690,PIH,"11319"
Serum sodium,2909,PIH,"1132"
Date of last patient visit,3305,PIH,"11320"
Number of siblings with unknown HIV status,3402,PIH,"11321"
PPD test status,3698,PIH,"11322"
Mouth region examination findings,1551,PIH,"11323"
Sexually transmitted disease (STD) in mother during pregnancy,4116,PIH,"11324"
Incomplete,3767,PIH,"11325"
Form status,3768,PIH,"11326"
Date mother stopped receiving highly active antiretroviral therapy (HAART),3740,PIH,"11327"
Other infant feeding method type (text),3267,PIH,"11328"
Mother enrolled in prevention of maternal to child transmission (PMTCT) program,3333,PIH,"11329"
Serum potassium,2921,PIH,"1133"
Facility where mother received prevention of maternal to child transmission (PMTCT),3602,PIH,"11330"
Patient reported prior pneumocystis carinii pneumonia (PCP) prophylaxis,3363,PIH,"11331"
Illness,3258,PIH,"11332"
Health status of contact,3260,PIH,"11333"
Health facility name,1722,PIH,"11334"
Persistent hepatosplenomegaly,3455,PIH,"11335"
Regular menstrual period,4114,PIH,"11336"
Eligible for antiretroviral therapy (ART),3265,PIH,"11337"
Human immunodeficiency virus p24 antigen test,3764,PIH,"11338"
Nose exam findings,1488,PIH,"11339"
Serum chloride,2919,PIH,"1134"
Severe uncomplicated malnutrition,4873,PIH,"11340"
Patient reported mycobacterium avium complex (MAC) prophylaxis,3712,PIH,"11341"
Patient knows medication taken,3295,PIH,"11342"
Mother's patient identifier,3671,PIH,"11343"
Health facility where mother received prenatal care,3378,PIH,"11344"
"Yes, still using",3386,PIH,"11345"
Chronic isosporiasis,3446,PIH,"11346"
Number of siblings who died of HIV,3394,PIH,"11347"
Location where mother gave birth,3703,PIH,"11348"
Neck exam findings,1660,PIH,"11349"
Serum carbon dioxide,2925,PIH,"1135"
Diarrhea for more than two weeks,4808,PIH,"11350"
Verbal skills,3501,PIH,"11351"
Form needs review,3247,PIH,"11352"
Diarrhea for less than two weeks,4849,PIH,"11353"
Antiretroviral treatment comment,3763,PIH,"11354"
Mother received highly active antiretroviral therapy (HAART),3552,PIH,"11355"
TB Treatment comment,3727,PIH,"11356"
Date mother started to receive total maternal to child transmission prophylaxis (TPMTCT),3396,PIH,"11357"
Unwell appearing,4914,PIH,"11358"
Highly active antiretroviral therapy,3737,PIH,"11359"
Pulmonary effusion,4876,PIH,"1136"
Interrupted highly active antiretroviral therapy,3736,PIH,"11360"
PMTCT Option A regimen,3738,PIH,"11361"
Nevirapine administered for six weeks,3735,PIH,"11362"
Maternal ARV Regimen,3739,PIH,"11363"
Percentage antiretroviral adherence in past month,3760,PIH,"11364"
Patient's mother received prenatal care,3722,PIH,"11365"
Suspect HIV caused sibling death,3234,PIH,"11366"
Linear gingival erythema,3464,PIH,"11373"
Voluntary counseling and testing center,3592,PIH,"11376"
Viral laryngitis,4853,PIH,"11377"
TB program,3271,PIH,"11379"
Indeterminate,1172,PIH,"1138"
Home based HIV testing program,3591,PIH,"11380"
Diagnostic testing and counseling for HIV,3586,PIH,"11381"
Mobile voluntary counseling and testing program,3588,PIH,"11382"
Point of HIV testing,3593,PIH,"11383"
Date of last antenatal visit,3636,PIH,"11384"
Number of siblings tested for HIV,3387,PIH,"11385"
Antiretroviral medications given during labor and delivery,3729,PIH,"11386"
HIV test result received date,3611,PIH,"11387"
Presumptive Zika virus positive,3167,PIH,"11388"
Presumptive non-Zika flavivirus positive,3166,PIH,"11389"
Possible Zika virus positive,3168,PIH,"11390"
Zika virus IgG antibody measurement in serum by neutralization,3215,PIH,"11391"
Zika virus IgM antibody measurement in serum by immunoassay,3169,PIH,"11392"
No Pathologic Diagnosis,4813,PIH,"11393"
Abnormal lab result,3743,PIH,"11394"
"Material, supply, or equipment unavailable",3749,PIH,"11395"
Study outcome,178,PIH,"11396"
Zika study concept set,183,PIH,"11397"
Patient removed,177,PIH,"11398"
Patient removed themselves,175,PIH,"11399"
Otitis Media,4719,PIH,"114"
Enrollment blood work status,180,PIH,"11400"
Blood drawn,181,PIH,"11401"
Blood Processed,182,PIH,"11402"
Blood sent,179,PIH,"11403"
Blood results received,173,PIH,"11404"
Dead on arrival,1164,PIH,"11405"
Other risk factor,3532,PIH,"11406"
Recurrent septicemia,3442,PIH,"11407"
Sign/Symptom duration,3302,PIH,"11408"
Bleeding Gums,4741,PIH,"11409"
Infertile,4879,PIH,"11410"
Phimosis,4920,PIH,"11411"
University,3375,PIH,"11412"
Toilet,3551,PIH,"11413"
Ceramic tile,1125,PIH,"11414"
Low glucose level,1165,PIH,"11416"
High glucose level,1175,PIH,"11417"
Blue,1267,PIH,"11418"
Renal function test (RFT),2915,PIH,"11419"
Sickling test,3101,PIH,"11420"
C-reactive protein,2932,PIH,"11421"
Hemoglobin electrophoresis (text),3214,PIH,"11422"
CrAg test,3199,PIH,"11423"
Cerebrospinal fluid protein measurement,3179,PIH,"11424"
Cerebrospinal fluid appearance,3177,PIH,"11425"
Cerebrospinal fluid cell count,3174,PIH,"11426"
Gram stain,3180,PIH,"11427"
Cerebrospinal fluid glucose,3181,PIH,"11428"
Cerebrospinal fluid pressure,3178,PIH,"11429"
Cerebrospinal fluid microscopy,3182,PIH,"11430"
++++,2954,PIH,"11432"
Cerebrospinal fluid AFB stain,3175,PIH,"11435"
Cerebrospinal fluid bacterial culture,3176,PIH,"11436"
CSF assay,3183,PIH,"11437"
H pylori test,3200,PIH,"11438"
Anti-streptolysin O titer,2928,PIH,"11439"
Diabetic foot,4713,PIH,"11441"
Mycobacterium tuberculosis detected with rifampin resistance,3195,PIH,"11442"
Mycobacterium tuberculosis detected without rifampin resistance,3194,PIH,"11443"
Invalid,703,PIH,"11444"
MTB detected with indeterminate RIF resistance,3196,PIH,"11445"
GeneXpert MTB/RIF,3069,PIH,"11446"
Radiology image order (coded),726,PIH,"11447"
HIV outcome,3238,PIH,"11448"
HIV treatment status,3242,PIH,"11449"
Incompatible blood,3205,PIH,"11451"
Blood compatible,3204,PIH,"11452"
Blood cross-matching,3206,PIH,"11453"
Hepatitis B surface antigen spot test,2930,PIH,"11454"
Hepatitis B test set,3217,PIH,"11455"
Chlamydia Ab test,3184,PIH,"11456"
Hepatitis C antibody spot test,3159,PIH,"11457"
Hepatitis C test set,3161,PIH,"11458"
Positive for both Plasmodium falciparum and Plasmodium vivax,3058,PIH,"11459"
Positive for Plasmodium falciparum,3057,PIH,"11461"
Positive for Plasmodium vivax,3056,PIH,"11463"
Malaria RDT,3059,PIH,"11464"
Family planning end date,3732,PIH,"11465"
Family planning start date,3730,PIH,"11466"
Family planning history construct,3733,PIH,"11467"
Inflammatory acne,4964,PIH,"11468"
Limited ultrasound for pregnancy,838,PIH,"11469"
Ultrasound for first trimester pregnancy,830,PIH,"11470"
Not detected,3068,PIH,"11471"
Detected,3067,PIH,"11472"
High,1033,PIH,"11473"
Medium,1031,PIH,"11474"
Low,1032,PIH,"11475"
Very low,3192,PIH,"11476"
Bacillary burden as determined by quantitative cycle threshold,3193,PIH,"11477"
Mycobacterium tuberculosis rifampin resistance detection status,3197,PIH,"11478"
GeneXpert MTB/Rif Lab set,3198,PIH,"11479"
Obstetric over 14 weeks (US),847,PIH,"11480"
Family planning construct,3766,PIH,"11482"
Name of external transfer location,953,PIH,"11483"
TDF + 3TC + ATV/r,2351,PIH,"11486"
Cerebral malaria,4689,PIH,"11487"
Neurosyphilis,4690,PIH,"11488"
Condyloma,1448,PIH,"11489"
Penicillosis,4700,PIH,"11490"
Enteritis,4697,PIH,"11492"
Tuberculous Meningitis,4701,PIH,"11493"
Infection due to Mycobacterium Avium,4682,PIH,"11494"
Pneumocystosis,4693,PIH,"11496"
Hypertension diagnosis set,5367,PIH,"11498"
Heart failure diagnosis set,4142,PIH,"11499"
Inflammatory disorders of breast,4021,PIH,"115"
Respiratory diagnosis set,5368,PIH,"11500"
Diabetes diagnosis set,5089,PIH,"11501"
Sickle cell diagnosis set,4245,PIH,"11502"
Renal disease diagnosis set,5369,PIH,"11503"
NCD Program,410,PIH,"11504"
Outcome,563,PIH,"11505"
NCD clinical status,567,PIH,"11506"
Controlled,565,PIH,"11507"
Not controlled,566,PIH,"11508"
Complication,564,PIH,"11509"
NCD program workflow set,568,PIH,"11510"
Ciclopirox olamine,2274,PIH,"11511"
Benzoyl peroxide,2099,PIH,"11512"
Lidocaine + Prilocaine,2049,PIH,"11513"
Tretinoin,2132,PIH,"11514"
Terbinafine hydrochloride,2122,PIH,"11515"
Clobetasol propionate,2254,PIH,"11516"
Category of HIV screening,3513,PIH,"11517"
Wants to know test results,3511,PIH,"11518"
Reports risky sexual activity,3508,PIH,"11519"
Weaned,920,PIH,"1152"
Referral,3512,PIH,"11521"
HIV test construct,3613,PIH,"11522"
RPR test construct,3716,PIH,"11523"
Health worker exposed to blood or body fluid,3530,PIH,"11524"
Date of post-test counseling,3572,PIH,"11525"
Date of TB test,3773,PIH,"11526"
Source of patient referral,3385,PIH,"11527"
HIV+ pregnant mother,3381,PIH,"11528"
Other VCT site,3382,PIH,"11529"
Other site without VCT,3384,PIH,"11530"
Tuberculosis clinic when TB confirmed,3380,PIH,"11531"
Tuberculosis clinic when TB not confirmed,3383,PIH,"11532"
Physical violence,5399,PIH,"11533"
Sex with injectable drug user,3643,PIH,"11534"
Reason for HIV screening note (coded),3652,PIH,"11535"
RPR drug start date,3594,PIH,"11536"
RPR drug end date,3498,PIH,"11537"
Date referred to HIV service,3694,PIH,"11538"
Start date of HIV drug for blood exposure,3639,PIH,"11539"
Start date of HIV drug for sexual assault,3269,PIH,"11540"
TB evaluation,3412,PIH,"11541"
Transition,3241,PIH,"11542"
Ability to perform main daily activity since illness,3660,PIH,"11543"
OFATMA,158,PIH,"11544"
HIV viral load construct,3146,PIH,"11545"
"HIV viral load, qualitative",3141,PIH,"11546"
Beyond detectable limit,3140,PIH,"11547"
Lower limit of detection,3145,PIH,"11548"
Past medical history unknown,3518,PIH,"11549"
Victim of GBV,3803,PIH,"11550"
DTG,2139,PIH,"11551"
TDF + 3TC + DTG,2033,PIH,"11552"
Sexual activity without condom,3642,PIH,"11553"
Sexual activity with sex worker without condom,3650,PIH,"11554"
Confirmation test,3649,PIH,"11555"
Verification test,3648,PIH,"11556"
Reference by partners and family,3503,PIH,"11557"
Index case,3231,PIH,"11558"
Provider recommending HIV screening,3506,PIH,"11559"
High risk populations,3509,PIH,"11560"
Transgender,3646,PIH,"11561"
Tuberculosis screening set,3423,PIH,"11562"
TB symptom present,3410,PIH,"11563"
TB symptom absent,3411,PIH,"11564"
Fever and night sweats more than 2 weeks,3420,PIH,"11565"
Weight loss > 3kg within the past 4 months,3415,PIH,"11566"
Cough > 2 weeks,3414,PIH,"11567"
Recent contact with active TB,3419,PIH,"11568"
Painful cervical and axillary lymph nodes,3421,PIH,"11569"
Neurological examination (text),1481,PIH,"11570"
Inguinal lymphadenopathy,1470,PIH,"11571"
General lymph node exam (text),1475,PIH,"11572"
Contusion of soft tissue,4772,PIH,"11573"
Mental Health Program,393,PIH,"11574"
Mental Health program workflow set,1037,PIH,"11575"
Hepatitis B test construct,3757,PIH,"11576"
Date of pre-test counseling,3358,PIH,"11577"
Initial chemotherapy session,5731,PIH,"11578"
Oncology program workflow set,198,PIH,"11579"
Oncology program,189,PIH,"11580"
Oncology outcome,188,PIH,"11581"
Active therapy,194,PIH,"11582"
Active surveillance,196,PIH,"11583"
Oncology program status,197,PIH,"11584"
Oncology treatment status,192,PIH,"11585"
Patient Health Questionnaire Nine Item score,967,PIH,"11586"
Panic disorder,4627,PIH,"11587"
"Left scapula, 2 views (X-ray)",770,PIH,"11588"
"Pelvis and left hip, AP and crosstable lateral views (X-ray)",774,PIH,"11589"
"Chest left lateral-decubitus, 1 view (X-ray)",728,PIH,"11590"
"Lumbar and sacral spine, 2 to 3 views (X-ray)",775,PIH,"11591"
Left knee 3 views including sunrise (X-ray),729,PIH,"11592"
"Chest PA/Lateral + right and left lateral-decubitus, 4 views (X-ray)",730,PIH,"11593"
"Shoulder - left Y, 1 view (X-ray)",777,PIH,"11594"
"AP Pelvis with frog-leg positioning, 1 view (X-ray)",779,PIH,"11595"
"Lumbar spine, flexion and extension, 2 views (X-ray)",780,PIH,"11596"
"Pelvis and right hip, AP and crosstable lateral views (X-ray)",782,PIH,"11597"
"Thoracic spine AP/Lat + right and left obliques, 4 views (X-ray)",784,PIH,"11598"
"Lumbar spine AP/lat + right and left obliques, 4 views (X-ray)",786,PIH,"11599"
Arthritis,4754,PIH,"116"
Few,2971,PIH,"1160"
"Right and left oblique lumbar spine, 2 views (X-ray)",732,PIH,"11600"
"Thoracic-lumbar spine, 4 views (X-ray)",789,PIH,"11601"
"Thoracic spine standing, 2 views (X-ray)",739,PIH,"11602"
"Cervical spine, flexion and extension (X-ray)",793,PIH,"11603"
"Abdomen upright, 1 view (X-ray)",801,PIH,"11604"
"Right knee AP/lat + oblique, 3 views (X-ray)",745,PIH,"11605"
"Mandible, 3 views (X-ray)",747,PIH,"11606"
"Mastoid, 3 views (X-ray)",748,PIH,"11607"
"Left knee AP/lat + oblique, 3 views (X-ray)",802,PIH,"11608"
"Right and left oblique thoracic spine, 2 views (X-ray)",749,PIH,"11609"
Right knee 3 views including sunrise (X-ray),803,PIH,"11610"
"Sella turcica, 2 views (X-ray)",750,PIH,"11611"
Sternum (X-ray),751,PIH,"11612"
"Bilateral knees and tunnel, 2 views (X-ray)",752,PIH,"11613"
"Right scapula, 2 views (X-ray)",806,PIH,"11614"
"Pelvis AP and bilateral frog-leg views of hips, 2 views (X-ray)",755,PIH,"11615"
"Cervical spine obliques, 2 views (X-ray)",756,PIH,"11616"
Cholangiogram,810,PIH,"11617"
"Chest right lateral-decubitus, 1 view (X-ray)",759,PIH,"11618"
"Shoulder - right Y, 1 view (X-ray)",811,PIH,"11619"
"Hysterosalpingography (HSG), 6 views (X-ray)",812,PIH,"11620"
Intravenous pyelogram (IVP) (X-ray),814,PIH,"11621"
"Abdomen supine and upright, 2 views (X-ray)",762,PIH,"11622"
"Coccyx, 2 views (X-ray)",815,PIH,"11623"
"Standing lumbar spine, 2 views (X-ray)",763,PIH,"11624"
"Orbit, 2 to 4 views (X-ray)",818,PIH,"11625"
"Left knee AP/lat and tunnel view, 3 views (X-ray)",765,PIH,"11626"
Nasal bones (X-ray),820,PIH,"11627"
"Right knee AP/lat and tunnel, 3 views (X-ray)",767,PIH,"11628"
"Cervical spine AP/lateral and oblique, 4 views (X-ray)",768,PIH,"11629"
Name of community health worker,1385,PIH,"11631"
Palliative care only,5736,PIH,"11632"
Referred for palliative care,5735,PIH,"11633"
Did not have cancer,186,PIH,"11634"
Myocarditis,4396,PIH,"11635"
Transposition of Great Vessels,4417,PIH,"11636"
Pulmonary Artery Stenosis,4408,PIH,"11637"
Patent ductus arteriosus,4398,PIH,"11638"
Mitral valve regurgitation,4423,PIH,"11639"
Atrioventricular canal defect,4425,PIH,"11640"
Pulmonic Valve Stenosis,4412,PIH,"11642"
Splenic sequestration,4244,PIH,"11643"
Double Outlet Right Ventricle,4414,PIH,"11644"
Patent foramen ovale,4415,PIH,"11645"
Pit latrine,3597,PIH,"11649"
Maternal Child Health program set,3944,PIH,"11654"
Dextrose 5% in water,647,PIH,"11657"
Sodium Chloride 0.9%,650,PIH,"11658"
Vincristine,2336,PIH,"11659"
Trimester at enrollment date,3928,PIH,"11661"
Maternal Child Health concept set,3946,PIH,"11662"
Type of delivery,3820,PIH,"11663"
High risk factor during delivery,3864,PIH,"11664"
Mothers group,3888,PIH,"11665"
HIV test performed,3678,PIH,"11672"
Risk factors for current pregnancy,3930,PIH,"11673"
Premedication,283,PIH,"11675"
Oncology concept set,332,PIH,"11676"
Post medication,331,PIH,"11677"
Single cycle status,282,PIH,"11678"
Milligram per square meter,314,PIH,"11679"
Chemotherapy parent,280,PIH,"11680"
Administered dose,330,PIH,"11681"
Cancelled,281,PIH,"11682"
Hematology set,3036,PIH,"11683"
Uric acid,2914,PIH,"11687"
Malpresentation of fetus,3787,PIH,"11688"
VLDL (mmol/L),3116,PIH,"11689"
HIV infected,3547,PIH,"1169"
Indirect bilirubin,2901,PIH,"11690"
Type of treatment,3941,PIH,"11698"
Prenatal group,3938,PIH,"11699"
Bacterial conjuctivitis,1600,PIH,"117"
Spontaneous vaginal delivery,3404,PIH,"1170"
Prenatal individual,3937,PIH,"11700"
Biochemistry set,2927,PIH,"11701"
Partial thromboplastin time,3034,PIH,"11706"
Coagulation profile,6203,PIH,"11707"
Caesarean section,2640,PIH,"1171"
Complete hemogram 5-part diff,3105,PIH,"11710"
Manual hematogram,3011,PIH,"11711"
Laboratory categories,3073,PIH,"11712"
Serum pH measurement,2924,PIH,"11716"
Breech,3405,PIH,"1172"
Mexico primary care diagnosis set,5409,PIH,"11722"
Mexico concept set,7098,PIH,"11723"
Medications more that twice per week,637,PIH,"11724"
Amniotic fluid leaking,4017,PIH,"11725"
Respiratory distress,3792,PIH,"11726"
Hemophilia A,4899,PIH,"11727"
Maternal Child Health outcome,3943,PIH,"11728"
Pediatric group,3939,PIH,"11729"
Keratoderma,1485,PIH,"11730"
Asthma night-time symptoms,634,PIH,"11731"
Foot examination findings,1486,PIH,"11732"
GAD-7 score,988,PIH,"11733"
Not applicable,9,PIH,"1175"
"Laboratory tests ordered, non-coded",3149,PIH,"11762"
Prospera Construct,7087,PIH,"11763"
Has Prospera,7072,PIH,"11764"
Seguro Popular,7052,PIH,"11765"
IMSS,7041,PIH,"11766"
ISSTECH,7023,PIH,"11767"
Mexico Insurance (coded),7017,PIH,"11768"
Test performance details,3079,PIH,"11777"
Test status,3076,PIH,"11778"
In progress,3075,PIH,"11779"
Date test complete,3078,PIH,"11780"
Estimated collection date,3080,PIH,"11781"
Hemiplegia,1493,PIH,"11782"
Religious institution,1043,PIH,"11783"
Instrumental delivery,3817,PIH,"11784"
Vaginal delivery,3819,PIH,"11785"
Severe headache,4708,PIH,"11786"
Decreased fetal movements,3989,PIH,"11787"
Premature uterine contractions,4090,PIH,"11788"
Very premature (28 to 32 weeks),3794,PIH,"11789"
Moderate prematurity (33 to 36 weeks),3790,PIH,"11790"
Location of laboratory (Haiti),3223,PIH,"11791"
University Hospital in Mirebalais,3222,PIH,"11792"
National Laboratory of Public Health,3221,PIH,"11793"
Reason lab procedure not performed,2892,PIH,"11794"
Equipment failure,2889,PIH,"11795"
Blood sample coagulated,2890,PIH,"11796"
Inappropriate sample container used,2888,PIH,"11797"
Christianity (non-Catholic),138,PIH,"11798"
Indigenous,896,PIH,"11799"
Immigrant,909,PIH,"11800"
Found through active casefinding,897,PIH,"11802"
Daytime asthma symptoms more than twice/week,551,PIH,"11803"
Daytime asthma symptoms for more than a few minutes more than once/week,473,PIH,"11804"
Disability,7075,PIH,"11805"
Difficulty Sleeping,1040,PIH,"11806"
Protestant,139,PIH,"11808"
Methodist,140,PIH,"11809"
Nazarine,141,PIH,"11810"
Presbyterian,142,PIH,"11811"
Troponin T measurement,3207,PIH,"11812"
Troponin I measurement,2917,PIH,"11813"
Chorioamnionitis,3804,PIH,"11818"
Acute pulmonary edema,3805,PIH,"11819"
High risk pregnancy due to previous caesarian section,4076,PIH,"11820"
Edema of hands or face,4011,PIH,"11821"
Refrigerator,1158,PIH,"11823"
Television,1157,PIH,"11824"
Presence of household items,1161,PIH,"11825"
Absence of household items,1160,PIH,"11827"
Secondhand Smoke Exposure,1702,PIH,"11828"
Lineas de Vida,7059,PIH,"11829"
Lineas de Vida for age <5,7047,PIH,"11830"
Lineas de Vida for age 5-9,7036,PIH,"11831"
Lineas de Vida for age 10-19,7022,PIH,"11832"
Lineas de Vida for women age 20-59,7016,PIH,"11833"
Lineas de Vida for men age 20-59,7216,PIH,"11834"
Lineas de Vida age 60+,7215,PIH,"11835"
Lineas de Vida pregnant 1st visit,7214,PIH,"11836"
Lineas de Vida pregnant 2nd visit,7213,PIH,"11837"
Lineas de Vida pregnant 3rd visit,7212,PIH,"11838"
Lineas de Vida pregnant 4th+ visit,7211,PIH,"11839"
Lineas de Vida puerperium,7210,PIH,"11840"
Lineas de Vida rabies,7209,PIH,"11841"
Identify factors of poor prognosis of the family environment,7208,PIH,"11842"
Perform full physical examination,7207,PIH,"11843"
Take weight and size and write them down in the National Vaccination Card,7206,PIH,"11844"
Identify postural problems,7204,PIH,"11845"
Promote oral health,7202,PIH,"11846"
Update vaccination schedule,7200,PIH,"11847"
Administer micronutrients (vitamins),7198,PIH,"11848"
"Train on child or girl care, feeding and early stimulation",7196,PIH,"11849"
Promote physical activity and accident prevention,7192,PIH,"11850"
Evaluate visual and auditory acuity,7188,PIH,"11851"
Detect disorders that limit development and learning,7184,PIH,"11852"
Provide nutritional guidance,7181,PIH,"11853"
Promote personal and family hygiene,7176,PIH,"11854"
"Deliver and update the National Vaccination Card, review vaccination schedule and, if applicable, give vaccinations",7172,PIH,"11855"
Sexual and reproductive health orientation,7170,PIH,"11856"
Inform about contraceptive methods and use of condoms,7163,PIH,"11857"
"Manage the pregnant teenager, as a high-risk patient",7160,PIH,"11858"
Detect Sexually Transmitted Infections and HIV / AIDS,7154,PIH,"11859"
Verify tuberculosis risk and take sample for study in the presence of cough and phlegm,7149,PIH,"11860"
Evaluate nutritional status and provide information,7144,PIH,"11861"
Identify cases of attention deficit disorders or addiction problems,7141,PIH,"11862"
"Promote physical activity, oral health and accident prevention",7134,PIH,"11863"
Deliver and update the National Women's Health Booklet,7129,PIH,"11864"
"Orient about cervical cancer and if appropriate, take Papanicolaou",7123,PIH,"11865"
"Report on breast cancer, perform breast examination and, if necessary, prescribe mammography",7115,PIH,"11866"
"Apply Td and SR vaccines, and administer folic acid, as appropriate",7109,PIH,"11867"
Inform about family planning and use of condoms,7100,PIH,"11868"
"Apply questionnaire for the detection of diabetes, hypertension, overweight, obesity and osteoporosis",7089,PIH,"11869"
"Identify signs and symptoms of climacteric and menopause after age 40, and provide guidance",7081,PIH,"11870"
Promote physical activity and accident prevention and report on the risks of alcohol and tobacco consumption,7066,PIH,"11871"
Provide oral health information,7051,PIH,"11872"
Deliver and update the National Man's Health Card,7042,PIH,"11873"
"Report on contraceptive methods, including vasectomy and condoms",7024,PIH,"11874"
"Apply questionnaire for the detection of diabetes, hypertension, overweight and obesity",7015,PIH,"11875"
Apply a questionnaire to detect prostate disease,7197,PIH,"11876"
Report on the risks of alcohol and tobacco consumption,7194,PIH,"11878"
"Check vaccination schedule and give vaccinations, if applicable",7191,PIH,"11879"
Oral health report,7187,PIH,"11880"
Identify visual and auditory deficiencies and promote oral health,7183,PIH,"11881"
Apply questionnaire to identify prostatic disease,7179,PIH,"11882"
"Orient with regards to Acute Respiratory Infections and offer pneumococcal, anti-influenza and Td vaccine",7175,PIH,"11883"
Identify warning signs of cognitive impairment and depression,7171,PIH,"11884"
"Promote physical activity and accident prevention, with an emphasis on falls",7166,PIH,"11885"
Confirm pregnancy,7161,PIH,"11886"
Elaborate Perinatal Clinical History and Perinatal Card,7156,PIH,"11887"
Identify risks and refer the pregnant woman in her case,7151,PIH,"11888"
"Evaluate and monitor weight, height and blood pressure",7147,PIH,"11889"
"Indicate laboratory studies (Syphilis, BH, QS, complete EGO, blood type and Rh)",7142,PIH,"11890"
Apply Td vaccine and investigate history of measles and rubella vaccination,7138,PIH,"11891"
Administer micronutrients,7133,PIH,"11892"
"Prevent and detect STIs and HIV / AIDS, provide STI treatment and refer cases of HIV / AIDS",7127,PIH,"11893"
Provide guidance-counseling and promote parental involvement,7120,PIH,"11894"
Identify alarm signs and symptoms,7111,PIH,"11895"
Request a general urine test,7105,PIH,"11896"
Provide micronutrients,7097,PIH,"11897"
Administered DPT vaccine,3898,PIH,"11898"
Provide guidance-counseling to the pregnant woman and her partner.,7088,PIH,"11899"
Dermatitis,4247,PIH,"119"
Historical drug start date,3313,PIH,"1190"
Record all the activities in the Perinatal Clinical History and the Perinatal Card.,7076,PIH,"11900"
Evaluate fetal presentation,7205,PIH,"11901"
"Request laboratory tests (BH, Glucose and VDRL)",7203,PIH,"11902"
Provide guidance counseling to the pregnant woman and her partner.,7201,PIH,"11903"
Administered the second dose of DPT vaccine,7199,PIH,"11904"
Strengthen the guidance counseling to the pregnant woman and her partner or family.,7195,PIH,"11905"
Prepare or update the Perinatal Clinical History,7189,PIH,"11906"
Promote joint housing and breastfeeding,7180,PIH,"11907"
Examine surgical wounds,7178,PIH,"11908"
Monitor obstetric health,7174,PIH,"11909"
Historical drug stop date,3312,PIH,"1191"
Detect HTA and edema,7169,PIH,"11910"
Check fever,7164,PIH,"11911"
Handle and refer complications in a timely manner,7159,PIH,"11912"
Offer family planning methods,7155,PIH,"11913"
Provide training to the mother on newborn care,7148,PIH,"11914"
"Promote parental involvement in newborn care, family planning and early stimulation",7145,PIH,"11915"
Evaluate the contact with the animal medically,7140,PIH,"11916"
Provide immediate attention to the injury caused by the animal,7135,PIH,"11917"
Give vaccine when there is risk of rabies in the animal aggressor,7131,PIH,"11918"
"Prescribe specific anti-rabies treatment schemes, when appropriate",7124,PIH,"11919"
Record the activities performed,7116,PIH,"11920"
Notify the epidemiology area of the corresponding health jurisdiction,7108,PIH,"11921"
Evaluate psychomotor development,7102,PIH,"11922"
Deliver and update the National Health Book for the Elderly,7090,PIH,"11923"
"Report on cervical cancer and, if appropriate, take Papanicolaou",7077,PIH,"11924"
Limitation of ability to perform main daily activities (coded),506,PIH,"11925"
Heart failure improbable,550,PIH,"11926"
Excessive thirst,4847,PIH,"11927"
Polyphagia,4721,PIH,"11928"
Polyuria,1478,PIH,"11929"
Maternal diagnoses,4395,PIH,"11930"
Stage V,1490,PIH,"11931"
APGAR score range at 5 minutes (coded),3909,PIH,"11932"
Less than 4,3849,PIH,"11933"
Between 4 and 8,3847,PIH,"11934"
Greater than 8,3848,PIH,"11935"
Banking account,1155,PIH,"11936"
Bamboo,1089,PIH,"11937"
Palm leaf,1092,PIH,"11938"
Reed,1086,PIH,"11939"
Rifampicin + Isoniazid,2113,PIH,"1194"
Type of hypertension diagnosis,633,PIH,"11940"
Low risk hypertension,631,PIH,"11941"
High risk hypertension,629,PIH,"11942"
Insulin dependent type 2 diabetes mellitus,584,PIH,"11943"
Type 2 diabetes non-insulin dependent,583,PIH,"11944"
Proteinuria,4930,PIH,"11945"
Sample quality,455,PIH,"11947"
Tuberculosis test type,6207,PIH,"11948"
Packs per year,1673,PIH,"11949"
Unhealthy habits,1708,PIH,"11950"
Name of referring person,5649,PIH,"11951"
Ebola survivor,382,PIH,"11952"
Partner of ebola survivor,373,PIH,"11953"
Date/time of referral,1745,PIH,"11954"
Other PIH site,611,PIH,"11956"
Patient classification,397,PIH,"11957"
Amputee,392,PIH,"11958"
Member of a vulnerable development group (VDG),384,PIH,"11959"
Dependent of amputee,390,PIH,"11960"
Child between 5 and 16,388,PIH,"11961"
Dependent of HIV patient,396,PIH,"11962"
Lactating mother,394,PIH,"11963"
Dependent of staff,386,PIH,"11964"
Community meeting,606,PIH,"11965"
Glucose tolerance test,3121,PIH,"11967"
Birth plan (text),3905,PIH,"11968"
Pregnancy danger sign set,4709,PIH,"11969"
Cognitive processing therapy,1003,PIH,"11970"
Hypertension summary (text),487,PIH,"11971"
Pulmonary comment (text),472,PIH,"11972"
Cardiac comment (text),474,PIH,"11973"
Diabetes comment (text),614,PIH,"11974"
"Darunavir, Raltegravir and Etravirine",2055,PIH,"11975"
Migrated,560,PIH,"11976"
NCD outcome,562,PIH,"11977"
Number of missed medication doses in past 7 days,6321,PIH,"11979"
Other respiratory disorder,4409,PIH,"11990"
Puffs per week of relief inhaler (coded),581,PIH,"11991"
More than once a week,579,PIH,"11992"
Foot care classification,619,PIH,"11993"
Left ventricle systolic function,458,PIH,"11994"
Very weak,456,PIH,"11995"
Echocardiogram findings,470,PIH,"11996"
Right ventricle dimension,465,PIH,"11997"
Mitral valve findings,469,PIH,"11998"
Inferior vena cava findings,463,PIH,"11999"
No pericardial effusion,459,PIH,"12000"
Severe pericardial effusion,460,PIH,"12001"
Antenatal program,3777,PIH,"12002"
"COPD, group C by 2017 GOLD classification",508,PIH,"12003"
"COPD, group B by 2017 GOLD classification",509,PIH,"12004"
"COPD, group D by 2017 GOLD classification",510,PIH,"12005"
"COPD, group A by 2017 GOLD classification",511,PIH,"12006"
COPD group classification,512,PIH,"12007"
Lactose-free infant formula,2000,PIH,"12008"
Mirena hormone-eluting intrauterine device (IUD),2244,PIH,"12009"
"Milksnake antivenom, polyvalent",2040,PIH,"12010"
Dabigatran etexilate,2259,PIH,"12011"
Nutrihuate,2293,PIH,"12012"
Meclizine / pyridoxine,2241,PIH,"12013"
Povidone / Soy flour,2248,PIH,"12014"
Viper antivenin,2107,PIH,"12015"
"Snake antivenom, polyvalent",2204,PIH,"12016"
Estradiol valerate / norethisterone enantate,2148,PIH,"12017"
Psorioderm cream,2093,PIH,"12018"
Acetaminophen / Caffeine / Chlorpheniramine maleate / Phenylephrine hydrochloride,2283,PIH,"12019"
Sunscreen,2023,PIH,"12020"
Amlodipine / irbesartan,2288,PIH,"12021"
Premature infant formula,2327,PIH,"12022"
Aluminium subacetate / hydrocortisone acetate / lidocaine / zinc oxide,2128,PIH,"12023"
Sitagliptin phosphate,2047,PIH,"12024"
Scorpion antivenin,2089,PIH,"12025"
Sitagliptin / metformin,2103,PIH,"12026"
Water of Alibour,2144,PIH,"12027"
"Spider antivenom, polyvalent",2002,PIH,"12028"
Chloramphenicol / sodium sulfacetamide,2056,PIH,"12029"
CDC Category C,3708,PIH,"1203"
Linagliptin / metformin,2126,PIH,"12030"
Linagliptin,1990,PIH,"12031"
"Scorpion antivenom, polyvalent",2304,PIH,"12032"
Hydroquinone,2021,PIH,"12033"
Algestone acetophenide / Estradiol enantate,2035,PIH,"12034"
Change management plan,995,PIH,"12036"
Supportive psychotherapy,998,PIH,"12037"
Deep breathing exercises,1012,PIH,"12038"
Role play technique,1000,PIH,"12039"
WHO Stage 1,3487,PIH,"1204"
Behavioral regulation counseling,1001,PIH,"12040"
Providing the sick role,1014,PIH,"12041"
Decision analysis,1015,PIH,"12042"
Cognitive-behaviour therapy,1016,PIH,"12043"
Informing patient of diagnosis,1004,PIH,"12044"
Interpersonal inventory,1017,PIH,"12045"
Communications analysis,1018,PIH,"12046"
Progressive muscle relaxation (PMR),1006,PIH,"12047"
Instilling hope,1019,PIH,"12048"
Emotional regulation counseling,1007,PIH,"12049"
WHO Stage 2,3470,PIH,"1205"
Glucose tolerance test (coded),3138,PIH,"12051"
Greater than forty percent,3892,PIH,"12052"
Greater than twenty percent,3894,PIH,"12053"
Less than twenty percent,3893,PIH,"12054"
Gestational diabetes risk z-score (coded),3895,PIH,"12055"
Post term pregnancy,1664,PIH,"12057"
Term birth of newborn,1728,PIH,"12058"
WHO Stage 3,3484,PIH,"1206"
Glucose,1948,PIH,"12060"
CES medication set,1958,PIH,"12061"
Celecoxib,1941,PIH,"12062"
Dextromethorphan,1815,PIH,"12063"
Neonatal disease,4300,PIH,"12069"
WHO Stage 4,3454,PIH,"1207"
Patient,1387,PIH,"12070"
Person at visit,1389,PIH,"12071"
Fetus or newborn affected by maternal complication during pregnancy,4270,PIH,"12072"
HIV/AIDS counseling,999,PIH,"12073"
Acute Hepatitis B,5408,PIH,"12074"
"Estrogens, conjugated (usp)",1862,PIH,"12076"
Loratadine,1863,PIH,"12077"
Neomycin,1767,PIH,"12078"
Progesterone,1768,PIH,"12079"
Ethinyl estradiol / norelgestromin,1769,PIH,"12080"
Ciprofloxacin / dexamethasone,1864,PIH,"12081"
Ginkgo biloba leaf,1773,PIH,"12082"
Olanzapine,1865,PIH,"12083"
Etonogestrel,1866,PIH,"12084"
Baby clothing kit,1775,PIH,"12085"
Citalopram,1869,PIH,"12086"
Buprenorphine,1870,PIH,"12087"
Sildenafil,1776,PIH,"12088"
Terazosine,1777,PIH,"12089"
Ketorolac tromethamine,1871,PIH,"12090"
Methylphenidate,1872,PIH,"12091"
Polyvinyl alcohol,1874,PIH,"12092"
Oxcarbazepine,1778,PIH,"12093"
Insulin glargine,1875,PIH,"12094"
Meloxicam,1779,PIH,"12095"
Olopatadine,1876,PIH,"12096"
Levetiracetam,1878,PIH,"12097"
Doxycycline hyclate,1879,PIH,"12098"
Cefmetazole,1880,PIH,"12099"
Myalgia,1403,PIH,"121"
Danazol,1881,PIH,"12100"
Glucose / Lidocaine,1783,PIH,"12101"
Nitazoxanide,1882,PIH,"12102"
Bromocriptine,1784,PIH,"12103"
Naphazoline,1883,PIH,"12104"
Mometasone,1786,PIH,"12105"
Jadelle (implantable contraceptive),1669,PIH,"12106"
Bicalutamide,1884,PIH,"12107"
Sulfacetamide sodium,1788,PIH,"12108"
Human immunoglobulin,1885,PIH,"12109"
Verruca planus,3467,PIH,"1211"
Methocarbamol,1789,PIH,"12110"
Azathioprine,1886,PIH,"12111"
"Estrogens, conjugated (usp) / estrone",1887,PIH,"12112"
Venlafaxine,1790,PIH,"12113"
Bismuth subsalicylate,1791,PIH,"12114"
Perindopril,1792,PIH,"12115"
Clonazepam,1890,PIH,"12116"
ABO blood typing kit,1794,PIH,"12117"
Atorvastatin,1795,PIH,"12118"
Calcium carbonate,1797,PIH,"12119"
Molluscum contagiosum,3460,PIH,"1212"
Sumatriptan,1798,PIH,"12120"
Diphenidol,1894,PIH,"12121"
Mercury,1800,PIH,"12122"
Epinephrine,1896,PIH,"12123"
Felodipine,1897,PIH,"12124"
Methylprednisolone,1801,PIH,"12125"
Cisapride,1802,PIH,"12126"
Phenindione,1898,PIH,"12127"
Chlorthalidone,1803,PIH,"12128"
Terbutaline,1899,PIH,"12129"
HPV,3621,PIH,"1213"
Dorzolamide / timolol,1900,PIH,"12130"
Fluticasone,1901,PIH,"12131"
Paroxetine,1804,PIH,"12132"
Hydrochlorothiazide / Irbesartan,1805,PIH,"12133"
Quassia preparation,1903,PIH,"12134"
Ambroxol,1904,PIH,"12135"
Bisoprolol,1806,PIH,"12136"
Rifaximin,1807,PIH,"12137"
Alcohols,1058,PIH,"12138"
Lorazepam,1808,PIH,"12139"
Psyllium,1906,PIH,"12140"
Dicloxacillin sodium,1907,PIH,"12141"
Calcium hydroxide,1908,PIH,"12142"
Podophyllin,1812,PIH,"12143"
Propafenone,1910,PIH,"12144"
Atropine,1911,PIH,"12145"
Estrogens,1912,PIH,"12146"
Desogestrel / ethinyl estradiol,1813,PIH,"12147"
Hypromellose,1814,PIH,"12148"
Sulfasalazine,1818,PIH,"12149"
Recurrent bacterial pneumonia,3438,PIH,"1215"
Pyrantel,1914,PIH,"12150"
Magnesium,1819,PIH,"12151"
Fluocinolone acetonide,1821,PIH,"12152"
Hydroxyzine,1916,PIH,"12153"
Metamizole,1918,PIH,"12154"
Glibenclamide and metformin,1919,PIH,"12155"
Sennosides,1824,PIH,"12156"
Fluticasone / Salmeterol,1920,PIH,"12157"
Sertraline,1921,PIH,"12158"
Coal tar,1923,PIH,"12159"
Naproxen,1825,PIH,"12160"
"Insulin, zinc, human",1924,PIH,"12161"
Phenylephrine / Zinc sulfate,1925,PIH,"12162"
"Mineral oil, light",1926,PIH,"12163"
Tacrolimus,1827,PIH,"12164"
Medroxyprogesterone,1828,PIH,"12165"
Hydroxychloroquine,1829,PIH,"12166"
Dimenhydrinate,1927,PIH,"12167"
Petrolatum,1928,PIH,"12168"
Biperiden,1832,PIH,"12169"
Tamsulosin,1833,PIH,"12170"
Nimesulide,1834,PIH,"12171"
Piroxicam,1835,PIH,"12172"
Acenocoumarol,1930,PIH,"12173"
Vitamin E,1836,PIH,"12174"
Latanoprost,1931,PIH,"12175"
Aluminum magnesium silicate,1838,PIH,"12176"
Isoconazole,1932,PIH,"12177"
Lamotrigine,1933,PIH,"12178"
Cinitapride,1935,PIH,"12179"
Finasteride,1937,PIH,"12180"
Phenazopyridine,1938,PIH,"12181"
Lacosamide,1939,PIH,"12182"
Hydrochlorothiazide / Telmisartan,1843,PIH,"12183"
Benzonatate,1942,PIH,"12184"
Cabergoline,1944,PIH,"12185"
Quinfamide,1946,PIH,"12187"
Tolperisone,1847,PIH,"12188"
Ketoprofen,1947,PIH,"12189"
Cryptococcosis,4234,PIH,"1219"
Nebivolol,1949,PIH,"12190"
Allantoin / coal tar,1848,PIH,"12191"
Mycophenolic acid,1849,PIH,"12192"
Naltrexone,1850,PIH,"12193"
Nitrofurazone,1950,PIH,"12194"
Colchicine,1851,PIH,"12195"
Theophylline anhydrous,1852,PIH,"12196"
Topiramate,1854,PIH,"12197"
Quetiapine,1951,PIH,"12198"
Metronidazole benzoate,1953,PIH,"12199"
Methimazole,1954,PIH,"12200"
Magnesium valproate,1955,PIH,"12201"
Alendronate,1855,PIH,"12202"
Mupirocin,1857,PIH,"12203"
Clioquinol,1858,PIH,"12204"
Beclomethasone dipropionate,1859,PIH,"12205"
Glipizide,1860,PIH,"12206"
Ezetimibe / Simvastatin,1956,PIH,"12207"
Tiotropium,1957,PIH,"12208"
Moisturizer cream,1780,PIH,"12210"
Asthma Program,572,PIH,"12211"
Cowherd,125,PIH,"12212"
Military,126,PIH,"12213"
Commercial bike rider,127,PIH,"12214"
Pentoxifylline,1826,PIH,"12215"
"The household does not own more than one of these assets (radio, TV, telephone, computer, animal cart, bicycle, motorbike or refrigerator) and does not own a car or truck",1113,PIH,"12216"
Any school-aged child is not attending school up to the age at which he/she would complete class 8,1114,PIH,"12217"
An adult under 70 years of age or a child is undernourished in the household,1115,PIH,"12218"
"The household does not have access to improved drinking water (according to SDG guidelines) or safe drinking water is at least a 30-minute walk from home, round trip",1116,PIH,"12219"
"Housing materials for at least one of roof, walls and floor are inadequate",1117,PIH,"12220"
The household’s sanitation facility is not improved (according to SDG guidelines) or it is improved but shared with other households,1118,PIH,"12221"
"The household cooks with dung, wood, charcoal or coal",1119,PIH,"12222"
No household member aged 10 years or older has completed six years of schooling,1120,PIH,"12223"
Any child has died in the family in the five-year period preceding the survey,1121,PIH,"12224"
The household has no electricity,1122,PIH,"12225"
"2018 Global Multidimensional Poverty Index (MPI) Questions",1123,PIH,"12226"
Type 2 diabetes on followup without hypoglycemic agents,4397,PIH,"12227"
Type 2 diabetes on oral hypoglycemic agents only,4403,PIH,"12228"
Blepharitis,4904,PIH,"12229"
Emergency department,609,PIH,"12230"
Other heart valve disease or congenital heart disease,4406,PIH,"12231"
Acute respiratory infection,4839,PIH,"12232"
Intercostal recession,1464,PIH,"12233"
Tachypnea,1460,PIH,"12234"
Previously hospitalized,1744,PIH,"12236"
district hospital,1718,PIH,"12237"
Hospitalization location (coded),1719,PIH,"12238"
Admission date-time,1724,PIH,"12240"
Family planning counseling,3490,PIH,"12241"
Immunizations up to date,3851,PIH,"12242"
Rhinorrhea,1592,PIH,"12243"
Supervision of normal pregnancy,5407,PIH,"12244"
Ebola symptom,380,PIH,"12245"
Fever greater than 2 days without response to treatment,379,PIH,"12246"
Clinical suspicion,378,PIH,"12247"
Numbness,1495,PIH,"12248"
Lower extremity edema,1590,PIH,"12249"
Peripheral edema,1539,PIH,"12250"
Type 2 Diabetes requiring insulin,4402,PIH,"12251"
Alcaftadine,1809,PIH,"12252"
Carbetocin,1781,PIH,"12253"
Citric acid / potassium citrate,1771,PIH,"12254"
Copper IUD,1830,PIH,"12255"
Ornithylaspartate,1837,PIH,"12256"
Albuterol / ipratropium,1943,PIH,"12257"
Dexamethasone / tobramycin,1873,PIH,"12258"
Tolterodine,1952,PIH,"12259"
"Anemia,iron deficiency",4750,PIH,"1226"
Parasitology set,3061,PIH,"12260"
Schistosoma Mansoni Infection,3042,PIH,"12261"
Rheumatoid factor,2936,PIH,"12263"
Infection by Ascaris Lumbricoides,3039,PIH,"12264"
Rapid syphilis test,2931,PIH,"12265"
Cestode Infection,3041,PIH,"12266"
Reticulocytes (%),3021,PIH,"12267"
Fecal occult blood test,3060,PIH,"12268"
Ancylostomiasis due to Ancylostoma Duodenale,3043,PIH,"12269"
"1+",1624,PIH,"12270"
Trace,2953,PIH,"12271"
Urine protein (dipstick),2957,PIH,"12272"
Urine nitrite test,2976,PIH,"12273"
Urine specific gravity,2977,PIH,"12274"
Urine appears clear,2949,PIH,"12275"
Urine appears turbid,2950,PIH,"12276"
Cloudy urine,2951,PIH,"12277"
Urine aspect,2952,PIH,"12278"
Urine leukocyte esterase test,2958,PIH,"12279"
Reactive,2895,PIH,"1228"
Urine pH,2985,PIH,"12280"
"Glucose measurement, quantitative, urine",2986,PIH,"12282"
Colorless,2943,PIH,"12283"
Brown color,2944,PIH,"12284"
Red color,1177,PIH,"12285"
Dark yellow color,2945,PIH,"12286"
Light yellow color,2946,PIH,"12287"
Yellow-green color,2947,PIH,"12288"
Urine color,2948,PIH,"12289"
Non-reactive,2894,PIH,"1229"
Urine dipstick for blood,2964,PIH,"12291"
"Glucose measurement, qualitative, urine",5433,PIH,"12292"
Urine ketone test,2955,PIH,"12293"
Urine macroscopy panel,3203,PIH,"12294"
Spore presence in urine test,2980,PIH,"12295"
Epithelial casts urine test,2987,PIH,"12296"
Hyphae urine test,2942,PIH,"12297"
Trichomonas vaginalis in urine,2979,PIH,"12298"
"Urinary Cast, Hyaline",3163,PIH,"12299"
Malaria,4781,PIH,"123"
AB+,1755,PIH,"1230"
Ammonium urate crystals in urine,2970,PIH,"12301"
Magnesium phosphate,6052,PIH,"12302"
Triple phosphate crystals,2966,PIH,"12303"
Uric acid crystalluria,6053,PIH,"12305"
Amorphous phosphate crystals in urine,2969,PIH,"12306"
Amorphous urate crystals in urine,2968,PIH,"12307"
Crystals urine test,2972,PIH,"12309"
AB-,1752,PIH,"1231"
Red blood cells in urine test,2982,PIH,"12310"
Bacteria in urine test,2983,PIH,"12311"
White blood cells in urine,2988,PIH,"12312"
Waxy casts urine test,2984,PIH,"12313"
Leukocyte casts urine test,2975,PIH,"12314"
Granular casts urine test,2989,PIH,"12315"
Fatty casts urine test,2973,PIH,"12316"
Casts urine test,3164,PIH,"12317"
Yeast urine test,2960,PIH,"12318"
Urine microscopy panel,3165,PIH,"12319"
Creatinine in urine (24 hours),2940,PIH,"12320"
Creatinine in urine (random) (mmol/L),2938,PIH,"12321"
Urine set,2991,PIH,"12322"
Microbiology set,3070,PIH,"12323"
Immunoserology set,2937,PIH,"12324"
Appearance of stool,3053,PIH,"12329"
Urobilinogen presence in urine test,2959,PIH,"12332"
Mucus in Stool,3040,PIH,"12333"
"N Gonorrhea PCR, qualitative",3090,PIH,"12334"
Chlamydia Ag test,3099,PIH,"12335"
Fat in Stool,3049,PIH,"12338"
Loose Stool,3050,PIH,"12339"
Soft stool,3051,PIH,"12340"
Hard stool,3052,PIH,"12341"
Quinine sulfate,2083,PIH,"12342"
Calcium lactate,2258,PIH,"12343"
Sulfadoxine and pyrimethamine,2216,PIH,"12344"
Benzylpenicillin procaine,2272,PIH,"12345"
Artemether,2159,PIH,"12346"
Quinine dihydrochloride,2243,PIH,"12347"
Coagulation time (min),3028,PIH,"12350"
Medication side effect,617,PIH,"12351"
Side effects from medication (coded),616,PIH,"12352"
Manual slide differential,3029,PIH,"12353"
SL laboratory orderable categories,3107,PIH,"12354"
SL serology set,3100,PIH,"12355"
Bilirubin dipstick test,2956,PIH,"12356"
Inactive status,941,PIH,"12358"
Bleeding time (min),3033,PIH,"12359"
TDF + 3TC,2072,PIH,"12360"
ABC + 3TC,2104,PIH,"12361"
Traumatic event,1045,PIH,"12362"
Enteropathy,4870,PIH,"12363"
Cardiovascular disease,1761,PIH,"12364"
Birthing location for Kono,377,PIH,"12365"
Wellbody,374,PIH,"12366"
Koidu Government Hospital,375,PIH,"12367"
Peripheral Health Unit,376,PIH,"12368"
Perineal tear,3863,PIH,"12369"
Moderate smoker (20 or less per day),1700,PIH,"12370"
Light cigarette smoker (1-9 cigarettes per day),1698,PIH,"12371"
Perineal laceration,4791,PIH,"12372"
Topical,1362,PIH,"12373"
Heavy smoker (more than 20 cigarettes per day),1699,PIH,"12374"
Urinalysis microscopy,2990,PIH,"12375"
Result of suicide risk evaluation,1034,PIH,"12376"
APGAR score range at 1 minute (coded),3918,PIH,"12377"
APGAR score range at 10 minutes (coded),3850,PIH,"12378"
Post-ictal feature construct,1081,PIH,"12380"
Complication of labor and delivery,4054,PIH,"12381"
Injury,4846,PIH,"12382"
Delayed milestone,4263,PIH,"12383"
Memory loss,4857,PIH,"12384"
Drug-related disorder,4814,PIH,"12385"
Lack of Concentration,4727,PIH,"12386"
Paralysis,4864,PIH,"12387"
Symptom or finding since last visit set,636,PIH,"12389"
History of cocaine use,1705,PIH,"12390"
History of cannabis use,1696,PIH,"12391"
History of pork meat consumption,1681,PIH,"12392"
Tonic Seizures,1072,PIH,"12393"
Complex Partial Seizures with Consciousness Impaired,1073,PIH,"12394"
Myoclonic seizures,1074,PIH,"12395"
Unclassified Epileptic Seizures,1075,PIH,"12396"
Absence Seizure,1076,PIH,"12397"
Clonic Seizure,1077,PIH,"12398"
Atonic Seizure,1078,PIH,"12399"
Beclomethasone,528,PIH,"1240"
Seizure type,1079,PIH,"12400"
Treatment or care during seizure,1080,PIH,"12401"
Trigger for seizure,1070,PIH,"12402"
Seizure trigger set,1071,PIH,"12403"
Sounds / Light / Inappropriate touch,1055,PIH,"12404"
Emotional Stress / Anger / Boredom,1056,PIH,"12405"
Recognizes triggers and signs,1082,PIH,"12406"
Epilepsy package,1083,PIH,"12407"
Inhalant abuse,1061,PIH,"12408"
Khat abuse,1062,PIH,"12409"
Narcotic abuse,1063,PIH,"12410"
Barbiturate abuse,1064,PIH,"12411"
Cocaine abuse,1066,PIH,"12412"
Cannabis abuse,1067,PIH,"12413"
Opioid abuse,1068,PIH,"12414"
Substance abuse,1069,PIH,"12415"
Non-compliance with treatment or therapy,1059,PIH,"12416"
Menstruating,1060,PIH,"12417"
Sleep Deprivation,1057,PIH,"12418"
Suspected depression,964,PIH,"12419"
Enalapril,523,PIH,"1242"
Date of last suicide attempt,1035,PIH,"12420"
Suicide prevention intervention,1030,PIH,"12421"
Pediatric Symptom Checklist (PSC),982,PIH,"12422"
Sad or depressed during past 2 weeks,965,PIH,"12423"
Lost interest in things during last 2 weeks,963,PIH,"12424"
History of suicidal thoughts,992,PIH,"12425"
Hospitalize due to suicide risk,1029,PIH,"12426"
Symptoms of depression,966,PIH,"12427"
PTSD Checklist for DSM-V (PCL-5),985,PIH,"12428"
Discuss patient with supervisor,1028,PIH,"12429"
Hydrochlorothiazide,531,PIH,"1243"
Foaming at the mouth,4918,PIH,"12430"
Specimen not labeled,2891,PIH,"12431"
Suicidal ideation based on initial evaluation,1049,PIH,"12432"
FC (Hemoglobin C disease),2992,PIH,"12433"
FAC (Hemoglobin C trait - carrier),2993,PIH,"12434"
FSC (Form of Sickle cell disease),2994,PIH,"12435"
FA (normal),2995,PIH,"12436"
FAE (Hemoglobin E trait - carrier),2996,PIH,"12437"
FAS (Sickle cell trait carrier),2997,PIH,"12438"
FS (Sickle cell anemia),2998,PIH,"12439"
Omeprazole,530,PIH,"1244"
Hemoglobin electrophoresis,2999,PIH,"12440"
Salmonella typhi rapid diagnostic test,3098,PIH,"12441"
Positive for IgM only (Presence of anti-S. typhi IgM),3096,PIH,"12442"
Positive for IgG only (Presence of anti-S.typhi IgG),3095,PIH,"12443"
Negative (no anti-S. typhi antibody detected),3094,PIH,"12444"
Positive for both IgG and IgM (Presence of anti-S. typhi IgG and IgM),3097,PIH,"12445"
Drug-induced,6811,PIH,"12446"
Epoetin alfa,2007,PIH,"12447"
Vaginal fluid wet mount examination panel,3092,PIH,"12448"
"Perineal laceration, fourth degree",3860,PIH,"12449"
Trace hemolyzed blood found on urine dipstick,2962,PIH,"12450"
"Perineal laceration, third degree",3862,PIH,"12451"
Daily cigarette use (coded),1701,PIH,"12452"
Trace non-hemolyzed blood found on urine dipstick,2963,PIH,"12453"
Hyaline casts urine test,2981,PIH,"12454"
Sublingual,1372,PIH,"12455"
"Perineal laceration, second degree",3861,PIH,"12456"
Moderate non-hemolyzed blood found on urine dipstick,2961,PIH,"12457"
Erythrocyte casts urine test,2978,PIH,"12458"
Renal epithelial casts urine test,2974,PIH,"12459"
Scheduled visit,6300,PIH,"1246"
Intra-articular,1367,PIH,"12460"
Wet mount of skin snip for Onchocerca,3055,PIH,"12461"
"Perineal laceration, first degree",3859,PIH,"12462"
SL parasitology set,3083,PIH,"12464"
Epi cells urine test,2965,PIH,"12465"
SL microbiology set,3093,PIH,"12466"
Trichomonas vaginalis in wet preparation,3065,PIH,"12467"
Stool panel,3054,PIH,"12468"
Location of laboratory (Sierra Leone),381,PIH,"12469"
Tetanus toxoid,2260,PIH,"12470"
Dextrose 5% in NaCl,2098,PIH,"12471"
Plumpy'Nut,2162,PIH,"12472"
Artesunate,2313,PIH,"12473"
Ritonavir,2082,PIH,"12474"
Disease requiring hospitalization since last visit,559,PIH,"12476"
Respiratory emergency action plan,590,PIH,"12477"
Long-acting insulin,576,PIH,"12478"
Ulcers,1540,PIH,"12479"
NCD concept set,640,PIH,"12481"
"Chronic Kidney Disease, Stage V",443,PIH,"12482"
Isosorbide mononitrate,1977,PIH,"12483"
Folate / Iron,2265,PIH,"12484"
"Chronic Kidney Disease, Stage IV (Severe)",444,PIH,"12485"
Glomerular filtration rate,6598,PIH,"12486"
Regular diet,6812,PIH,"12487"
Paroxysmal nocturnal dyspnea,4431,PIH,"12488"
Congenital anomaly of liver,4410,PIH,"12489"
Metoprolol,2101,PIH,"12491"
Asterixis,4411,PIH,"12492"
Spleen palpable,4428,PIH,"12493"
Congenital polycystic kidney,4424,PIH,"12494"
Renal artery stenosis,4400,PIH,"12495"
"Chronic Kidney Disease, Stage I",447,PIH,"12496"
"Chronic Kidney Disease, Stage II (Mild)",446,PIH,"12497"
"Chronic Kidney Disease, Stage III (Moderate)",445,PIH,"12498"
Hypertrophic obstructive cardiomyopathy,4420,PIH,"12499"
Head injury,4255,PIH,"125"
Chronic kidney disease stage,448,PIH,"12501"
Lack of physical activity,552,PIH,"12502"
Laboratory concept set,3224,PIH,"12503"
Mitoxantrone,2198,PIH,"12504"
Vancomycin hydrochloride,2296,PIH,"12505"
Bedaquiline,1963,PIH,"12506"
Iopamidol,2298,PIH,"12507"
Dextrose 5% + Ringer lactate,2299,PIH,"12508"
Verapamil hydrochloride,2011,PIH,"12509"
Pneumococcal vaccine,2207,PIH,"12510"
Delamanid,2301,PIH,"12511"
Cisplatin,2163,PIH,"12512"
Barium sulfate,2303,PIH,"12513"
Dorzolamide hydrochloride,2261,PIH,"12514"
Meningitis vaccine,2058,PIH,"12515"
Mesna,2305,PIH,"12516"
Filgrastim,1970,PIH,"12517"
Streptokinase,2061,PIH,"12518"
"Amphotericin B, Liposomal",2310,PIH,"12519"
Reason antiretrovials changed or stopped,3701,PIH,"1252"
Daunorubicin,2064,PIH,"12520"
Dobutamine hydrochloride,2127,PIH,"12521"
Diatrizoate meglumine + Diatrizoate sodium,2176,PIH,"12522"
Potassium Chloride + Dextrose 5% + Sodium chloride,2071,PIH,"12523"
Meropenem,2074,PIH,"12524"
Dextrose 5% + NaCl 0.45%,2027,PIH,"12525"
Sodium nitroprusside,2235,PIH,"12526"
Human albumin,2275,PIH,"12527"
Ceftazidime,2031,PIH,"12528"
Potassium chloride + Sodium chloride,2277,PIH,"12529"
Completed PMTCT treatment,1327,PIH,"1253"
Dacarbazine,2238,PIH,"12530"
Infasurf,1986,PIH,"12531"
Ifosfamide,2190,PIH,"12532"
Mepivacaine hydrochloride,2287,PIH,"12533"
Cytarabine,1991,PIH,"12534"
Vinblastine sulfate,2245,PIH,"12535"
Esmolol,2195,PIH,"12536"
Tuberculin purified protean derivative (PPD),2246,PIH,"12537"
Ferric subsulfate,1980,PIH,"12539"
Silver nitrate + Potassium nitrate,2168,PIH,"12540"
Articaine hydrochloride with adrenaline,2268,PIH,"12541"
Bupivacaine with adrenaline,2014,PIH,"12542"
Calcium folinate,2133,PIH,"12543"
"Monocytes, eosinophils and basophils %",3008,PIH,"12545"
Cardioplegic solution,2123,PIH,"12546"
"Immunoglobulin (Human), Anti-D",2016,PIH,"12547"
"Nutritional supplement for premature infants, High protein",2102,PIH,"12548"
Pneumococcal conjugate vaccine,2085,PIH,"12549"
Milk powder,2209,PIH,"12550"
Role of referral out provider,979,PIH,"12553"
Mental health concept sets,1085,PIH,"12554"
Estimated blood loss (mL),406,PIH,"12555"
Other bone (XRay),400,PIH,"12556"
Sierra Leone concept set,432,PIH,"12557"
SL radiology concepts,405,PIH,"12558"
Dental (XRay),404,PIH,"12559"
Taking initiated ARVs,3334,PIH,"1256"
Obstetric (US),402,PIH,"12560"
Soft tissue (US),398,PIH,"12561"
FAST (US),403,PIH,"12562"
Other (US),399,PIH,"12563"
Problem for newborn,3857,PIH,"12564"
"Eosinophil, Basophil and Monocyte Count",3013,PIH,"12565"
RBC distribution width (CV),3012,PIH,"12566"
RBC distribution width (SD),3016,PIH,"12567"
Liberia concept set,7031,PIH,"12568"
Severity (numeric),3296,PIH,"12569"
Currently on tuberculosis treatment,3715,PIH,"1257"
Complete hemogram 3-part diff,3020,PIH,"12570"
Clinical concept set,5411,PIH,"12571"
Green color,1178,PIH,"12572"
Black color,3046,PIH,"12573"
Yellow color,1176,PIH,"12574"
Color of stool,3048,PIH,"12575"
SL haematology set,3106,PIH,"12576"
SL biochemistry set,3089,PIH,"12577"
Sierra Leone liver function test,3087,PIH,"12578"
Sierra Leone renal function test (RFT),3088,PIH,"12579"
SL urine set,3086,PIH,"12580"
SL urine microscopy panel,3084,PIH,"12581"
Sierra Leone urine dipstick,3085,PIH,"12582"
Cleaner,129,PIH,"12584"
Elevated Jugular Venous Pressure,1599,PIH,"12585"
Daily cigarette use,1704,PIH,"12586"
Traditional alcohol,1685,PIH,"12587"
Change of ARVs,3338,PIH,"1259"
"Tuberculosis, review of screening questions",3714,PIH,"12591"
Self employed,128,PIH,"12593"
Number of hospitalizations,1672,PIH,"12594"
Traditional tobacco product,1692,PIH,"12595"
Modern Cigarette,1694,PIH,"12597"
ARV discontinued,3336,PIH,"1260"
Fever lasting more than two weeks,3416,PIH,"12601"
Date of last hospitalization or ER visit,1711,PIH,"12602"
Medication dispensed for symptom,1717,PIH,"12603"
Medication taken recently,1762,PIH,"12604"
Visit to church or traditional healer,1726,PIH,"12605"
Comment from church or traditional healer,1740,PIH,"12606"
Excessive weight loss,3417,PIH,"12607"
Location of cardiac murmur (coded),1582,PIH,"12608"
Right ventricle,1581,PIH,"12609"
Left ventricle,1580,PIH,"12610"
Has appointment,407,PIH,"12611"
Walk-in,420,PIH,"12612"
Active casefinding,428,PIH,"12613"
Special mental health program for adolescents,421,PIH,"12614"
Illness prevents earning money,1153,PIH,"12615"
Socioeconomics concept set,1162,PIH,"12616"
Normal thyroid,1595,PIH,"12617"
Decreased sensation in feet,1497,PIH,"12618"
Decreased sensation in hands,1498,PIH,"12619"
Clubbing,1538,PIH,"12620"
Irregular heartbeat,1535,PIH,"12621"
Weak pulse,1543,PIH,"12622"
Normal pulse,1537,PIH,"12623"
Child greater than 5 years not attending school,5464,PIH,"12624"
Frequency of CHW visit set,1152,PIH,"12625"
Albendazole treatment date,570,PIH,"12626"
Elevated blood pressure on 2 or more days,621,PIH,"12627"
Thin or normal weight,4850,PIH,"12628"
Uncontrolled hypertension,4726,PIH,"12629"
Dactylitis,4910,PIH,"12630"
Gastroparesis,4422,PIH,"12631"
Uncontrolled Diabetes Mellitus,4404,PIH,"12632"
Partial seizure with impaired consciousness,4407,PIH,"12633"
Severe uncontrolled hypertension,4433,PIH,"12634"
Pitting edema,4738,PIH,"12636"
"Abdominal tenderness, Left Lower Quadrant",1570,PIH,"12637"
"Abdominal tenderness, Right Upper Quadrant",1556,PIH,"12638"
"Abdominal tenderness, Right Lower Quadrant",1558,PIH,"12639"
"Abdominal tenderness, Left Upper Quadrant",1559,PIH,"12640"
Pain crisis,4751,PIH,"12641"
Number of daily meals,1154,PIH,"12642"
Radiology concept set,894,PIH,"12643"
Left Heart Failure,4419,PIH,"12645"
Right heart failure,4413,PIH,"12646"
Dispensing concept set,1391,PIH,"12647"
Ursodiol,1816,PIH,"12648"
Minoxidil,1936,PIH,"12649"
Melatonin,1842,PIH,"12650"
Routes of administration (coded),1325,PIH,"12651"
Diosmin,1774,PIH,"12652"
Urea (measured),2908,PIH,"12653"
Weight for age (z-score),1188,PIH,"12654"
Blood urea nitrogen (mg/dL),2898,PIH,"12655"
PIH EMR Disposition concept set,962,PIH,"12656"
Dietary intake,7079,PIH,"12657"
Sodium,7070,PIH,"12658"
Protein,7053,PIH,"12659"
Calories,7038,PIH,"12660"
Completed,3074,PIH,"1267"
Moderate hypertension,482,PIH,"12695"
Severe hypertension,483,PIH,"12696"
Pre-hypertension,484,PIH,"12697"
Mild hypertension,485,PIH,"12698"
Hypertension stage,486,PIH,"12699"
Dysmenorrhea,4095,PIH,"127"
Reversible airways obstruction,4832,PIH,"12700"
Basilar atelectasis of both lungs,4729,PIH,"12701"
Focal seizure without loss of consciousness,4889,PIH,"12702"
"2+ pitting edema",4911,PIH,"12703"
Trace pitting edema,4733,PIH,"12704"
Noncompliance with dietary regimen,450,PIH,"12705"
Irreversible airways obstruction,4718,PIH,"12706"
Number of emergency room/department visits,1671,PIH,"12707"
Reason for admission,1721,PIH,"12710"
"1+ pitting edema",4843,PIH,"12711"
HbAA (Normal),3022,PIH,"12712"
HbAS (Carrier),3023,PIH,"12713"
HbSS (Disease),3024,PIH,"12714"
HbSC (Disease),3025,PIH,"12715"
Sickle cell RT SCAN,3026,PIH,"12716"
Bottle,320,PIH,"12717"
Before the expected time,623,PIH,"12718"
Mental Health outcome,1036,PIH,"12719"
Type of referral ordered,3844,PIH,"1272"
Vaginal fluid examination,3066,PIH,"12720"
Glucose laboratory set,3082,PIH,"12721"
Delivery within the past 5 years,3834,PIH,"12722"
Counseling for expectant mother,3784,PIH,"12723"
"Antenatal counseling, importance of facility delivery",3779,PIH,"12724"
"Antenatal counseling, good nutrition",3781,PIH,"12725"
Counseling about breastfeeding,3778,PIH,"12726"
"Mid upper arm circumference, qualitative",1179,PIH,"12727"
Sanitation/hygiene counseling,3783,PIH,"12728"
Vaginal infection,4107,PIH,"12730"
Next scheduled date for nutrition,3835,PIH,"12731"
Location of pulse (text),1191,PIH,"12732"
Symptom initiated around delivery time,3908,PIH,"12733"
Patient-generated history: Social history section text,1127,PIH,"12734"
Clinic travel time,1128,PIH,"12735"
Clinic travel time set,1129,PIH,"12736"
Newly diagnosed disease,5382,PIH,"12737"
New or pre-existing diagnoses disease construct,5383,PIH,"12738"
Liberia transfer out location,7033,PIH,"12739"
JFK,3153,PIH,"12740"
Tappita,3151,PIH,"12741"
TB clinic,3843,PIH,"12742"
ARV clinic,3841,PIH,"12743"
Patient referred to hospital,3832,PIH,"12744"
Family member referred to hospital,3906,PIH,"12745"
Reason for mental health referral,3945,PIH,"12746"
Referral for tetanus vaccination,3840,PIH,"12747"
Treatment end date,1347,PIH,"12748"
Diagnosis treatment construct,6814,PIH,"12749"
"Counseling, danger signs of pregnancy",3782,PIH,"12750"
PIH medication concept set,2357,PIH,"12751"
PIH metadata mds concept set,918,PIH,"12752"
PIH allergy concept set,1446,PIH,"12754"
Coronavirus infection,4715,PIH,"12755"
Methylergometrine,2130,PIH,"12756"
Aluminum hydroxide / Magnesium carbonate,2087,PIH,"12757"
Warfarin sodium,2212,PIH,"12758"
Tetracycline hydrochloride,2171,PIH,"12759"
Miconazole nitrate,2314,PIH,"12760"
Thiopental,1973,PIH,"12761"
Zinc sulfate monohydrate,2095,PIH,"12762"
ABC,2285,PIH,"12763"
Timolol maleate,2020,PIH,"12764"
Exposure to COVID-19,5065,PIH,"12774"
COVID-19 diagnoses,5082,PIH,"12775"
Number of weeks pregnant,6866,PIH,"1279"
Pneumonia due to COVID-19,5066,PIH,"12794"
Infection due to COVID-19,5064,PIH,"12799"
Serum SARS-CoV-2 RT-PCR,5580,PIH,"12800"
Suspected COVID-19 infection,5068,PIH,"12801"
Close exposure to COVID-19,5081,PIH,"12810"
High priority for COVID-19 vaccination,5063,PIH,"12811"
Upper respiratory tract infection (URI) due to COVID-19,5076,PIH,"12812"
Disease due to COVID-19,5069,PIH,"12813"
Acute respiratory distress syndrome (ARDS),5078,PIH,"12814"
Acute respiratory disease due to COVID-19,5077,PIH,"12815"
COVID-19 detected,5080,PIH,"12816"
SARS-CoV-2 IgG antibody in serum/plasma,5578,PIH,"12818"
Medication(s) name,1282,PIH,"1282"
SARS-CoV-2 Antigen RDT,709,PIH,"12821"
SARS-CoV-2 IgM antibody in serum/plasma,5577,PIH,"12822"
SARS-CoV-2 RT-PCR,717,PIH,"12824"
Pos IgG; Neg IgM,701,PIH,"12825"
Neg IgM+IgG Ab,702,PIH,"12826"
Pos IgM; Neg IgG,704,PIH,"12827"
Positive IgG+IgM,705,PIH,"12828"
SARS-CoV-2 Antibody RDT (IgM/IgG),706,PIH,"12829"
Loss of taste,5070,PIH,"12831"
Loss of sense of smell,5074,PIH,"12832"
SARS-CoV-2 set,3072,PIH,"12833"
SARS-CoV-2 Antibody + Antigen,5579,PIH,"12834"
"SARS-CoV-2 Xpert, antigen",3071,PIH,"12835"
Referral for pediatric vaccination,3842,PIH,"12836"
Referral construct,3846,PIH,"12837"
Urgent (status),7092,PIH,"12838"
When Convenient (status),7082,PIH,"12839"
Emergency (status),6784,PIH,"12840"
Emergency-Ambulance Required (Status),7055,PIH,"12841"
Referral priority,7046,PIH,"12842"
Referral unmet,3836,PIH,"12843"
"No show, failed to attend",3838,PIH,"12844"
Confirmed present,721,PIH,"12845"
Fulfillment status,3839,PIH,"12846"
Date of test,553,PIH,"12847"
Liberia Radiology Orderables,7030,PIH,"12848"
Aluminium hydroxide + Magnesium hydroxide,2094,PIH,"12851"
Omeprazole / Sodium bicarbonate,2097,PIH,"12852"
Vincristine sulfate,1999,PIH,"12853"
Benzoic acid + salicylic acid,2157,PIH,"12854"
"Penicillin G, benzathine",2220,PIH,"12855"
Doxorubicin hydrochloride,2149,PIH,"12856"
Liberia hematology set,3110,PIH,"12858"
Liberia biochemistry set,3117,PIH,"12859"
Liberia serology set,3111,PIH,"12860"
Liberia parasitology set,3118,PIH,"12861"
Liberia urine set,3109,PIH,"12862"
Liberia microbiology set,3108,PIH,"12863"
Liberia laboratory orderable categories,3119,PIH,"12864"
JJDossen Memorial Hospital,3154,PIH,"12865"
Pleebo Health Center,3155,PIH,"12866"
National Reference Laboratory,3152,PIH,"12867"
Location of laboratory (Liberia),3156,PIH,"12868"
Pending status,3837,PIH,"12869"
Cetirizine,2325,PIH,"12870"
Asymptomatic confirmed COVID-19 infection,5073,PIH,"12872"
Gastroenteritis due to COVID-19,5062,PIH,"12873"
Acute diarrhea due to COVID-19,5072,PIH,"12874"
"Counseling, importance of keeping baby wrapped and warm",3934,PIH,"12875"
"Counseling, identify danger signs and return to hospital",3902,PIH,"12876"
Counseling offered to mother,3936,PIH,"12877"
Nutrition counseling,3900,PIH,"12878"
"Danger signs, baby",3935,PIH,"12879"
Chilblains,5067,PIH,"12880"
Dry cough,5079,PIH,"12881"
Shortness of breath,5071,PIH,"12882"
Sore throat,5075,PIH,"12883"
Psychological first aid (PFA),1013,PIH,"12884"
Cash transfer,1096,PIH,"12885"
Home-care kit,1100,PIH,"12886"
Intravenous fluid administration,641,PIH,"12887"
Co-morbid conditions,675,PIH,"12888"
Room air,677,PIH,"12889"
Supplemental oxygen therapy,678,PIH,"12890"
Type of air supply to patient,679,PIH,"12891"
COVID concept set,725,PIH,"12892"
Level of consciousness,1504,PIH,"12893"
Sign/symptom start date,5379,PIH,"12894"
Patient is contact of known or suspected infectious case,683,PIH,"12895"
Livebirth,3814,PIH,"12897"
Pregnancy outcome,3816,PIH,"12899"
Middle Upper Arm Circumference (cm),1190,PIH,"1290"
Neck examination (text),1572,PIH,"12900"
Probable,720,PIH,"12901"
Suspected,722,PIH,"12902"
Case classification,723,PIH,"12903"
Provide supplemental oxygen via nasal cannula,688,PIH,"12904"
CPAP,693,PIH,"12905"
History of supplemental oxygen therapy,662,PIH,"12906"
Analgesic administration,695,PIH,"12907"
History of admission to intensive care unit (ICU),661,PIH,"12908"
Inspired oxygen concentration (percent),689,PIH,"12909"
History of treatment with vasopressor medication,672,PIH,"12910"
History of noninvasive mechanical ventilation,642,PIH,"12911"
Days in intensive care unit,687,PIH,"12912"
Referring facility name,1742,PIH,"12915"
Pain level (coded),719,PIH,"12916"
Normal capillary filling,684,PIH,"12917"
Prolonged capillary refill time,685,PIH,"12918"
Capillary filling function,686,PIH,"12919"
Functional review of symptoms construct,5398,PIH,"1292"
Capillary filling time (sec),643,PIH,"12920"
Remdesivir,2073,PIH,"12921"
Self-quarantine,945,PIH,"12922"
Procedure name not coded (text),660,PIH,"12923"
New sign/symptom,3301,PIH,"12924"
Partial pressure of carbon dioxide in arterial blood,3134,PIH,"12925"
Delivered oxygen flow rate (L/m),644,PIH,"12926"
Base excess in arterial blood by calculation,3130,PIH,"12927"
pH of arterial blood,3131,PIH,"12929"
Symptom present,5394,PIH,"1293"
Bicarbonate in arterial blood,3136,PIH,"12930"
Partial pressure of oxygen in arterial blood,3133,PIH,"12931"
Oxygen saturation in arterial blood,3132,PIH,"12932"
"Symptom name, uncoded (text)",5378,PIH,"12934"
Mechanical ventilation,691,PIH,"12935"
Provide supplemental oxygen via non-rebreather mask,694,PIH,"12936"
Date/time of discharge from intensive care unit (ICU),682,PIH,"12937"
Date/time of admission to intensive care unit (ICU),663,PIH,"12938"
Administration of bilevel positive airway pressure ventilation (BPAP),692,PIH,"12939"
Isolation due to infection,699,PIH,"12940"
History of antibiotic therapy,698,PIH,"12941"
IV fluid intake rate (mL/hr),654,PIH,"12942"
Supportive care,696,PIH,"12943"
Arterial blood lactate measurement,3135,PIH,"12944"
Provide supplemental oxygen via simple mask,690,PIH,"12945"
Blood gas and lactate panel,3137,PIH,"12947"
Mother's dorm,1712,PIH,"12948"
Rectal exam findings,1630,PIH,"12949"
Adverse effect construct,3309,PIH,"1295"
Patient-generated history: Medication summary text,724,PIH,"12950"
Patient-generated history: Allergies section text,673,PIH,"12951"
Nervous system examination (text),1547,PIH,"12952"
Rectal examination (text),1525,PIH,"12953"
Arterial blood total carbon dioxide,3129,PIH,"12954"
Patient condition resolved,5756,PIH,"12957"
Adverse effect medication,3306,PIH,"1296"
Patient health status,671,PIH,"12960"
Insertion of central venous catheter,657,PIH,"12961"
Critical,667,PIH,"12962"
Category of site of insertion of intravenous catheter (IV),658,PIH,"12963"
Insertion of peripheral intravenous catheter (IV),656,PIH,"12964"
COVID-19 program,680,PIH,"12965"
COVID-19 program workflow set,681,PIH,"12966"
Corticosteroids and derivatives,2024,PIH,"12967"
Venous blood specimen,710,PIH,"12968"
Oropharyngeal swab specimen,711,PIH,"12969"
Adverse effect (coded),3307,PIH,"1297"
Capillary blood specimen,712,PIH,"12970"
Nasal swab specimen,713,PIH,"12971"
Specimen source,714,PIH,"12972"
Specimen set,718,PIH,"12973"
Other antibiotic,697,PIH,"12974"
Transfer from location (coded),700,PIH,"12975"
Comorbidity present,674,PIH,"12976"
Nursing notes,676,PIH,"12977"
Automatic hospital admission,943,PIH,"12978"
Quarantine institution,944,PIH,"12979"
Angioedema,1397,PIH,"1298"
Left against medical advice,937,PIH,"12980"
Type of worker (coded),1112,PIH,"12981"
Nurse aide,1109,PIH,"12982"
Maintenance worker,1110,PIH,"12983"
Medical laboratory tech,1108,PIH,"12984"
Biomedical tech,1111,PIH,"12985"
Serum lactate,3147,PIH,"12986"
Serum calcium (mmol/L),2920,PIH,"12987"
Liberia electrolytes panel,3115,PIH,"12988"
Liberia renal function test (RFT),3113,PIH,"12989"
Triglycerides (mg/dL),2910,PIH,"12990"
Total cholesterol (mg/dL),2911,PIH,"12991"
LDL (mg/dL),2907,PIH,"12992"
HDL (mg/dL),2899,PIH,"12993"
VLDL (mg/dL),2912,PIH,"12994"
Extremities cold,1588,PIH,"12995"
"3+ pitting edema",4874,PIH,"12996"
Duration of illicit drugs (in years),1707,PIH,"12997"
Duration of smoking (in years),1682,PIH,"12998"
Risk factor (text),3527,PIH,"12999"
Puerperal sepsis,3800,PIH,"130"
Adverse effect date,3308,PIH,"1300"
Heterosexual sex with person with blood transfusion,3529,PIH,"13000"
Heterosexual sex with bisexual,3535,PIH,"13001"
Referred for mental health,3495,PIH,"13002"
Cervical cancer screening,3489,PIH,"13003"
Referral for sexually transmitted infection screening,3493,PIH,"13004"
Condoms given during the visit,6147,PIH,"13006"
Prevention with positives services received,3494,PIH,"13008"
Psychologic assistance and counseling set,3497,PIH,"13009"
Transportation comment,1149,PIH,"1301"
"3 HRZE / 5 HR+E",3686,PIH,"13011"
Regimen with D4T,3687,PIH,"13012"
TDF + 3TC + (EFV or NVP),3684,PIH,"13013"
AZT + 3TC + (EFV or NVP),3685,PIH,"13014"
Initial CD4 value construct,3321,PIH,"13019"
Reason about delay,3403,PIH,"13021"
Multi-drug resistant tuberculosis regimen,3556,PIH,"13022"
Syphilis drug start date,3627,PIH,"13023"
Syphilis counseling and treatment,3615,PIH,"13024"
STI treatment date,3617,PIH,"13025"
Syphilis and STI concept set,3628,PIH,"13026"
STI drug set,3624,PIH,"13027"
Fundal height,3809,PIH,"13028"
Pelvic examination findings,1549,PIH,"13029"
Fifth tetanus vaccination for this pregnancy,3865,PIH,"13030"
Third tetanus vaccination for this pregnancy,3866,PIH,"13031"
First tetanus vaccine for this pregnancy,3867,PIH,"13032"
Fourth tetanus vaccination for this pregnancy,3868,PIH,"13033"
Second tetanus vaccine for this pregnancy,3869,PIH,"13034"
Pregnancy tetanus vaccination status,3870,PIH,"13035"
Fetal heart tones not heard,4022,PIH,"13037"
Breast exam findings,1627,PIH,"13038"
Face presentation,3873,PIH,"13039"
Main activity,130,PIH,"1304"
Frank breech presentation,3877,PIH,"13040"
Brow presentation,3878,PIH,"13041"
Compound presentation,3879,PIH,"13042"
Cephalic or vertex presentation,3880,PIH,"13043"
Occiput anterior position,3881,PIH,"13044"
Mentum or chin presentation,3882,PIH,"13045"
Transverse or oblique presentation,3883,PIH,"13046"
Fetal presentation,3884,PIH,"13047"
Duration of labor,3822,PIH,"13048"
Intermittent preventive treatment (IPT) sequence number,3931,PIH,"13049"
Commerce,104,PIH,"1305"
Reason for not providing IPT (intermittent preventive treatment),3932,PIH,"13050"
Intermittent preventive treatment (IPT) construct,3933,PIH,"13051"
Vaginal examination (text),1502,PIH,"13052"
Received insecticide treated bednet,1124,PIH,"13053"
Breast examination (text),1607,PIH,"13054"
Child gender,3823,PIH,"13055"
Longitudinal lie,3925,PIH,"13056"
Fetal lie,3926,PIH,"13057"
Family history of mental disorder,1052,PIH,"13059"
Farmer,111,PIH,"1306"
AZT + 3TC + ATV/r,2354,PIH,"13060"
AZT + 3TC + LPR/r,2355,PIH,"13061"
Other 2nd line,2350,PIH,"13062"
Other 3rd line,2343,PIH,"13063"
CHW visit details (text),3502,PIH,"13065"
Daily visit by a community health worker,3542,PIH,"13066"
Number of antiretroviral medication doses prescribed for last month,3550,PIH,"13067"
Interaction,3700,PIH,"13068"
Student,115,PIH,"1307"
Anti-TB treatment started,3355,PIH,"13071"
Burning on urination,3625,PIH,"13072"
Dosing change,3356,PIH,"13074"
Reason tuberculosis treatment stopped,3367,PIH,"13075"
Sexually transmitted disease (coded),3623,PIH,"13076"
Other STI treatment indicated,3626,PIH,"13077"
Mothers maturity level during previous pregnancy,3830,PIH,"13078"
Early adolescence (10-14 yo),3829,PIH,"13079"
Middle adolescence (15-17 yo),3826,PIH,"13080"
Late adolescence (18-24 yo),3827,PIH,"13081"
Adult (25+ yo),3828,PIH,"13082"
Mirtazapine,2338,PIH,"13083"
Hallucinations,4592,PIH,"13084"
Other 1st line,2346,PIH,"13085"
Year of previous pregnancy,3824,PIH,"13087"
Elevated mood,4606,PIH,"13088"
Self-aware,4607,PIH,"13089"
Unemployed,117,PIH,"1309"
Inappropriate behavior,4623,PIH,"13090"
Mental or behavioral disorder due to alcohol or illicit drug use,4620,PIH,"13092"
Premature infant,3920,PIH,"13093"
Maternal complication (text),3854,PIH,"13094"
Obstetrical Trauma,3910,PIH,"13095"
Neonatal resuscitation,3912,PIH,"13096"
Neonatal complication,3915,PIH,"13097"
Competency using infant formula,928,PIH,"13098"
Child fed other food,929,PIH,"13099"
Other dental caries,4641,PIH,"131"
Vaccination Complete,3871,PIH,"13100"
Routine scheduled lab,3142,PIH,"13101"
Clinically-induced lab,3143,PIH,"13102"
Oral sex,3724,PIH,"13103"
Persistent parotid swelling,3456,PIH,"13104"
Reason for testing,3144,PIH,"13105"
Long-lasting insecticidal net,2210,PIH,"13106"
ETV,2069,PIH,"13107"
Severe nutritional stunting,3452,PIH,"13108"
Pneumocystosis pneumonia,3451,PIH,"13109"
Mild protein-energy malnutrition,4279,PIH,"1311"
Symptomatic lymphoid interstitial pneumonia,3478,PIH,"13110"
DRV + ETV,2352,PIH,"13112"
RAL + ETV,2353,PIH,"13113"
RAL + DRV/r,2342,PIH,"13114"
Antiretroviral treatment line,3229,PIH,"13115"
DVR/r,2347,PIH,"13116"
Duration of menses (days),3899,PIH,"13118"
Personal history of surgery,1748,PIH,"13119"
Moderate malnutrition,3474,PIH,"1312"
Duration of menstrual period,3833,PIH,"13120"
Age of menarche,3919,PIH,"13121"
Excessive and frequent menstruation,3885,PIH,"13123"
Date of previous pregnancy,3825,PIH,"13124"
Pregnancy history construct,3831,PIH,"13125"
Delivery order number,3821,PIH,"13126"
Light and infrequent menstruation,3886,PIH,"13127"
Intensity of menstrual flow,3887,PIH,"13128"
Date of last normal menstrual period,3896,PIH,"13129"
Severe protein-energy malnutrition,4795,PIH,"1313"
Unnatural death,3600,PIH,"13130"
Infectious or parasitic disease,3598,PIH,"13132"
Denver test,1456,PIH,"13133"
Rapid HIV antibody test result at 18 months of age,3219,PIH,"13134"
HIV rapid test set,3220,PIH,"13135"
Mother changed ARV during pregnancy due to side effect,3328,PIH,"13136"
Postpartum,3351,PIH,"13137"
Intrapartum,3353,PIH,"13138"
Antepartum,3352,PIH,"13139"
PMTCT timing,3354,PIH,"13140"
Antiretroviral received by mother (text),3693,PIH,"13141"
Anti-TB treatment history of mother construct,3720,PIH,"13142"
Tuberculosis treatment status,3266,PIH,"13143"
Mother has side effects from ARV during pregnancy,3368,PIH,"13144"
Mother changed ARVs during pregnancy due to side effects (text),3311,PIH,"13145"
"Retreatment phase, TB treatment",3558,PIH,"13146"
"Initial phase, TB treatment",3561,PIH,"13147"
Tuberculosis treatment phase,3563,PIH,"13148"
Gastroenterology,2864,PIH,"13149"
Floor,1126,PIH,"1315"
ABC + 3TC + DTG,2150,PIH,"13151"
DTG + 3TC + AZT,2345,PIH,"13152"
Treatment extended,3365,PIH,"13153"
Treatment line,1340,PIH,"13154"
Transferred from location (text),3609,PIH,"13155"
Previous ARVs for treatment construct,3230,PIH,"13156"
Tuberculin skin test panel,3212,PIH,"13157"
Lactational amenorrhea,1667,PIH,"13158"
Lost to followup status,3239,PIH,"13159"
Cement,1088,PIH,"1316"
Reactivation status,3236,PIH,"13160"
Return to care,3235,PIH,"13161"
Medication(s) 2 name,3225,PIH,"13162"
HIV program set,3243,PIH,"13167"
PEPFAR partner site,952,PIH,"13168"
Referral from location construct,1715,PIH,"13169"
Beaten earth,1091,PIH,"1317"
Transfer out to another location construct,955,PIH,"13170"
Identification number,6339,PIH,"13173"
Psychosocial assessment,3676,PIH,"13175"
Adolescent club,3680,PIH,"13176"
Name of service or program,3681,PIH,"13177"
DREAMS,3674,PIH,"13178"
ZL Family Matters Program,3672,PIH,"13179"
Radio (coded),1156,PIH,"1318"
"Name of service or program, non-coded",3275,PIH,"13180"
Home visit,3673,PIH,"13181"
Contact construct,3261,PIH,"13182"
Roofing material,1131,PIH,"1319"
Fetal heart rate,3897,PIH,"13199"
Sheet metal,1087,PIH,"1320"
Left,1612,PIH,"13200"
BILATERAL,1613,PIH,"13201"
Right,1614,PIH,"13202"
Laterality,1615,PIH,"13203"
Patellar reflex,1616,PIH,"13204"
Ankle reflex,1617,PIH,"13205"
Plantar reflex,1618,PIH,"13206"
Triceps reflex,1619,PIH,"13207"
Biceps reflex,1620,PIH,"13208"
Peripheral reflex,1621,PIH,"13209"
Thatch,1130,PIH,"1321"
Peripheral reflex strength,1625,PIH,"13210"
Peripheral reflex examination,1626,PIH,"13211"
Fetus back position,3927,PIH,"13212"
USAID OVC Program,3691,PIH,"13213"
Present,3921,PIH,"13214"
Uterine contraction,3923,PIH,"13215"
Increase in abdominal size,1548,PIH,"13216"
Uterine cervix examination (text),1455,PIH,"13217"
Income generating activities,3675,PIH,"13218"
Community credit union,3677,PIH,"13219"
Active status,3554,PIH,"13221"
OVC program status,3555,PIH,"13223"
Occiput posterior presentation,3875,PIH,"13224"
Temporarily lost to follow-up,3553,PIH,"13225"
Exited without graduation,3408,PIH,"13226"
OVC program outcome,3409,PIH,"13227"
Urological exam findings,1480,PIH,"13228"
Gynecological exam findings,1454,PIH,"13229"
Number of people living in house,3608,PIH,"1323"
Urological examination (text),1505,PIH,"13230"
Gynecological examination (text),1608,PIH,"13231"
Genital candidiasis,1452,PIH,"13232"
Foul smelling vaginal discharge,1447,PIH,"13233"
Cervical lesion,1453,PIH,"13234"
New visit,3959,PIH,"13235"
Visit type,3961,PIH,"13236"
Family history of epilepsy,1025,PIH,"13237"
Family history of behavior problem,1027,PIH,"13238"
Duration of cannabis use (in years),1690,PIH,"13239"
Number of rooms (in house),3667,PIH,"1324"
Number of prior stillbirths,3916,PIH,"13240"
Number of previous newborn deaths,3890,PIH,"13241"
History of traditional medicine,1679,PIH,"13242"
Squamous cell carcinoma,4686,PIH,"13243"
"HIV western blot, qualitative",3172,PIH,"13244"
Genitourinary problem,4688,PIH,"13245"
TB program set,3272,PIH,"13246"
Pediatric individual,3940,PIH,"13247"
Norethindrone,1670,PIH,"13248"
Combined oral contraceptive pills,1668,PIH,"13249"
Questions on contacts of the patient,148,PIH,"1325"
Age of first sexual intercourse (years),3929,PIH,"13250"
Primary genital syphilis,4694,PIH,"13251"
Gynecology specialty,3963,PIH,"13254"
Current drug used,1746,PIH,"13255"
HIV test within 3 months,3696,PIH,"13256"
Date enrolled in HIV care,3397,PIH,"13257"
"Birth plan, perinatal ARV prophylaxis planned",3889,PIH,"13259"
Manual laborer,113,PIH,"1326"
"Birth plan, planned location of delivery",3855,PIH,"13260"
Club for mothers,3856,PIH,"13261"
PMTCT Club,3853,PIH,"13262"
Child,3248,PIH,"13263"
Parent,3249,PIH,"13264"
Relationship to patient,3250,PIH,"13265"
Counseling about infant feeding practices,3903,PIH,"13266"
Full name of contact person,144,PIH,"1327"
Type of counseling provided,3904,PIH,"13271"
General treatment status,3858,PIH,"13272"
Other support and assistance,3852,PIH,"13273"
Start,3614,PIH,"13274"
Transfer to another ZL site,3237,PIH,"13275"
Name of CHW picking up the medication,1358,PIH,"13276"
Aminosalicylic acid,2286,PIH,"13277"
Amprenavir,2057,PIH,"13278"
Rifampicin + Ethambutol,2066,PIH,"13279"
Relationship to patient (text),145,PIH,"1328"
Streptomycin + Rifampicin + Isoniazid + Pyrazinamide + Ethambutol,2008,PIH,"13280"
Grand multiparity,3988,PIH,"13281"
Poor weight gain,4892,PIH,"13282"
High risk pregnancy due to advanced maternal age,4065,PIH,"13283"
"Antenatal counseling, birth preparedness",3901,PIH,"13284"
Sacubitril / Valsartan,1934,PIH,"13285"
Dimethicone / Magaldrate,1889,PIH,"13286"
Rivaroxaban,1940,PIH,"13287"
Thalidomide,1909,PIH,"13288"
Disposable menstrual product,1785,PIH,"13289"
Pinaverium bromide and dimethicone,1840,PIH,"13290"
Dimethicone / Pinaverium,8394,PIH,"13290"
Pediatric nutrition drink,1892,PIH,"13291"
Dimethicone,1822,PIH,"13292"
Fludrocortisone,1787,PIH,"13293"
Silymarin,1915,PIH,"13294"
Tobramycin,1905,PIH,"13295"
Ketotifen,1831,PIH,"13296"
Loteprednol,1888,PIH,"13297"
Sucralfate,1793,PIH,"13298"
Acetaminophen / tramadol,1902,PIH,"13299"
Goiter,1605,PIH,"133"
Vigabatrin,1867,PIH,"13300"
Fluorometholone,1913,PIH,"13301"
Polyethylene glycols / propylene glycol,1891,PIH,"13302"
Tizanidine,1799,PIH,"13303"
Chest (X-ray),3775,PIH,"13306"
Rifampicin resistant mycobacterium tuberculosis,3630,PIH,"13307"
Extremely drug-resistant tuberculosis infection,3631,PIH,"13308"
Poly-resistance mycobacterium tuberculosis,3633,PIH,"13309"
Sensitivity,3634,PIH,"13310"
Tuberculosis drug resistance types,3635,PIH,"13311"
Site of tuberculosis disease,3393,PIH,"13312"
Latent tuberculosis,3772,PIH,"13313"
Mono-drug resistant tuberculosis infection,3629,PIH,"13314"
TB case index,3232,PIH,"13315"
Aripiprazole,1893,PIH,"13316"
Deflazacort,1853,PIH,"13317"
Current drugs (text),3389,PIH,"13318"
Paraplegia,1499,PIH,"13319"
Postnatal visit number,3891,PIH,"13320"
Number of antenatal visits for current pregnancy,5553,PIH,"13321"
Procedure performed quantity,5380,PIH,"13322"
Procedures performed this encounter,5381,PIH,"13323"
Activities set,3662,PIH,"13324"
Provider name (non-coded),3573,PIH,"13326"
Lab technician (non-coded),3081,PIH,"13327"
Anti-tuberculosis treatment (non-coded),3653,PIH,"13328"
"Major Puerperal Infection, Postpartum",4391,PIH,"13329"
Mastitis-Postpartum,4392,PIH,"13330"
"Unspecified maternal hypertension, postpartum condition or complication",4393,PIH,"13331"
Complication of puerperium,4394,PIH,"13332"
Tier 4,5412,PIH,"13333"
Tier 1,5413,PIH,"13334"
Tier 3,5414,PIH,"13335"
Tier 2,5415,PIH,"13336"
Immunization priority tier,5416,PIH,"13337"
ARV during pregnancy,5417,PIH,"13338"
Stiffness of neck,5419,PIH,"13339"
Danger sign(s) present,5418,PIH,"13340"
Loss of consciousness,5420,PIH,"13341"
Tinnitus,5422,PIH,"13342"
Vaginal bleeding,5423,PIH,"13343"
Type of COVID test performed,5581,PIH,"13344"
"ARV treatment reason, non-coded",5424,PIH,"13345"
Regimen failed,5428,PIH,"13350"
Date of last cervical cancer screening,5430,PIH,"13351"
E histolytica,5432,PIH,"13352"
Giardia lamblia,5431,PIH,"13353"
Epithelial cells in wet preparation,5434,PIH,"13354"
Serum lipase,5440,PIH,"13355"
Prostate specific antigen (PSA) measurement (ng/mL),5441,PIH,"13356"
Bacteria in microscopy of saline mount,5438,PIH,"13357"
Simple yeast in microscopy of saline mount,5435,PIH,"13358"
White blood cells in microscopy of saline mount,5436,PIH,"13359"
Physical examination (text),1609,PIH,"1336"
Ascorbate presence in urine test,5442,PIH,"13360"
Leukocytes in stool test,5439,PIH,"13361"
Hyphae in microscopy of saline mount,5437,PIH,"13362"
"No ova, cysts, and parasites",5443,PIH,"13363"
Cyst of entamoeba,5444,PIH,"13384"
Tuberculosis drug sensitivity testing (text),5496,PIH,"1339"
Cellulitis,1533,PIH,"134"
Fisherman,120,PIH,"13415"
Market vendor,121,PIH,"13418"
Civil servant,122,PIH,"13423"
Stockbroker,5460,PIH,"13435"
Guard,5449,PIH,"13436"
Agronomist,5469,PIH,"13437"
Assistant driver,5488,PIH,"13438"
Archivist,5489,PIH,"13439"
Surveyor,5492,PIH,"13440"
Artisan,5462,PIH,"13441"
Serum iron measurement (umol/L),5447,PIH,"13442"
Artist,5471,PIH,"13443"
Secretary,5450,PIH,"13444"
Serum magnesium measurement (mg/dL),5445,PIH,"13446"
Lawyer,5525,PIH,"13447"
Prostate specific antigen (PSA) (qualitative),5446,PIH,"13448"
Absolute reticulocyte count,5448,PIH,"13449"
Confirmed,193,PIH,"1345"
Librarian,5480,PIH,"13450"
Lottery worker,5475,PIH,"13451"
Cashier,5493,PIH,"13452"
Singer,5466,PIH,"13453"
Hunter,5452,PIH,"13455"
Chef,5454,PIH,"13456"
Shoeshiner,5483,PIH,"13457"
Accountant,5486,PIH,"13458"
Shoemaker,5456,PIH,"13459"
Presumed,207,PIH,"1346"
Fashion designer,5474,PIH,"13460"
Cabinetmaker,5476,PIH,"13461"
Electrician,5482,PIH,"13462"
Beautician,5451,PIH,"13463"
Florist,5453,PIH,"13464"
Bodyguard,5487,PIH,"13465"
Legal or legislative clerk,5457,PIH,"13466"
Bailiff,5494,PIH,"13467"
Customs inspector,5472,PIH,"13469"
Judge,5485,PIH,"13470"
Community leader,5484,PIH,"13471"
Laundry worker,5468,PIH,"13472"
Construction worker,5490,PIH,"13473"
Butler,5458,PIH,"13474"
Mechanic,5461,PIH,"13475"
Messenger,5465,PIH,"13477"
Musician,5473,PIH,"13478"
Pastry chef,5491,PIH,"13479"
Photographer,5470,PIH,"13480"
Plumber,5455,PIH,"13481"
Radiologist,5463,PIH,"13482"
Refrigeration manager,5477,PIH,"13483"
Waiter,5459,PIH,"13484"
Tailor,5481,PIH,"13485"
Bookkeeper,5478,PIH,"13487"
Sex worker,5467,PIH,"13488"
Traditional birth attendant (TBA),5479,PIH,"13489"
Welder,5501,PIH,"13491"
Foreman,5498,PIH,"13492"
Carpenter,5499,PIH,"13493"
Personal assistant,5497,PIH,"13494"
Vendor,5500,PIH,"13495"
Suspected HIV free-text notes,7037,PIH,"13496"
Suspected TB free-text notes,7025,PIH,"13497"
Suspected COVID free-text notes,7018,PIH,"13498"
Manager,5508,PIH,"13499"
Burn,1235,PIH,"135"
Bacterial pneumonia,4681,PIH,"1350"
Material handler,5509,PIH,"13500"
Electronics technician,5506,PIH,"13501"
Animal breeder,5510,PIH,"13502"
Football player,5512,PIH,"13503"
Informatician,5505,PIH,"13504"
Electrical engineer,5513,PIH,"13505"
Journalist,5511,PIH,"13506"
"Number per day, non-coded",5502,PIH,"13507"
Mosquito net,5503,PIH,"13508"
RBC in stool,5504,PIH,"13509"
Licensed practical nurse,5507,PIH,"13510"
Previously undocumented transfer - confirmed,5514,PIH,"13511"
Previously undocumented transfer - not confirmed,5515,PIH,"13512"
Transferred within the country - confirmed,5517,PIH,"13513"
Transferred within the country - not confirmed,5516,PIH,"13514"
Transferred outside the country - confirmed,5518,PIH,"13515"
Transferred outside the country - not confirmed,5519,PIH,"13516"
Next of kin name (text),5522,PIH,"13517"
Is HIV suspected,7054,PIH,"13518"
Is tuberculosis suspected,7040,PIH,"13519"
Is COVID suspected,7028,PIH,"13520"
Fetal head engaged,5524,PIH,"13521"
Maternal condition during puerperium (text),5523,PIH,"13522"
Syphilis and STI medication set,5529,PIH,"13523"
Trichloroacetic acid,5526,PIH,"13524"
Famciclovir,5528,PIH,"13525"
Valacyclovir,5527,PIH,"13526"
Reason for c-section,5531,PIH,"13527"
Prior cesarean delivery,5530,PIH,"13528"
Dynamic dystocia,5538,PIH,"13529"
Mechanical dystocia,5539,PIH,"13530"
Dystocia type,5540,PIH,"13531"
Late umbilical cord clamping,5534,PIH,"13532"
Managed third stage of labor,5533,PIH,"13533"
Birth defects,5532,PIH,"13534"
Complete placenta at delivery,5535,PIH,"13535"
Incomplete placenta at delivery,5536,PIH,"13536"
Visual examination of placenta completeness,5537,PIH,"13537"
Fluphenazine decanoate,5586,PIH,"13538"
Fetal macrosomia,5542,PIH,"13540"
Severe asthma,5543,PIH,"13541"
Failed induction,5544,PIH,"13542"
TB screening test result,5545,PIH,"13543"
Macerated fetus,5548,PIH,"13544"
Low birth weight,5546,PIH,"13545"
Retained placenta,5547,PIH,"13546"
Intact fetal membranes,5549,PIH,"13547"
Ruptured membranes,5550,PIH,"13548"
Status of fetal membranes,5551,PIH,"13549"
Placenta delivery method,5552,PIH,"13550"
Child name,5554,PIH,"13552"
Newborn details,5563,PIH,"13555"
Early neonatal death,5559,PIH,"13556"
Neonatal death,5557,PIH,"13557"
Apgar score,5562,PIH,"13558"
"Live birth, died before arrival at facility",5558,PIH,"13559"
"Live birth, died after arrival or delivery in facility",5560,PIH,"13560"
Qualitative birth outcome,5561,PIH,"13561"
Intrapartum hemorrhage,5564,PIH,"13562"
Estimated maternal blood loss (qualitative),5566,PIH,"13563"
Adopts modern family planning method immediately post-partum,5565,PIH,"13564"
Maternal viral disease,5568,PIH,"13565"
Maternal pelvic abnormality,5569,PIH,"13566"
HIV with high viral load,5572,PIH,"13567"
SL vaginal fluid examination panel,5567,PIH,"13570"
Maternal reason for c-section,5573,PIH,"13571"
Fetal reason for c-section,5571,PIH,"13572"
Obstetrical reason for c-section,5570,PIH,"13573"
Uterine scar from previous surgery,5574,PIH,"13575"
Failed instrumental delivery,5575,PIH,"13576"
History of retained placenta,5592,PIH,"13579"
Bacterial infection,6672,PIH,"1358"
Prior trachelectomy,5601,PIH,"13580"
History of cervical cerclage,5594,PIH,"13581"
History of pelvis reconstruction,5593,PIH,"13582"
Perimortem cesarean delivery,5591,PIH,"13583"
Cerebral arteriovenous malformation,5597,PIH,"13584"
Cerebral arterial aneurysm,5599,PIH,"13585"
Post myomectomy,5600,PIH,"13586"
Deformity of pelvis,5596,PIH,"13587"
Congenital malformation of fetus,5595,PIH,"13588"
Obstructive mass of birth canal,5598,PIH,"13589"
Cryptococcal meningitis,4699,PIH,"1359"
Haloperidol decanoate,5584,PIH,"13590"
Pre-cancerous dysplasia,5582,PIH,"13591"
Fetal exam construct,5583,PIH,"13592"
Mental health medication set,5587,PIH,"13593"
Results modified treatment plan,5615,PIH,"13594"
Left ventricle dimension,5617,PIH,"13595"
Impossible to evaluate,5606,PIH,"13596"
Suspected stenosis,5611,PIH,"13597"
Normal ejection fraction,5607,PIH,"13598"
Very low ejection fraction,5609,PIH,"13599"
Chest Pain,1250,PIH,"136"
Left ventricular dilatation,5616,PIH,"13600"
PMTCT status,5603,PIH,"13602"
Not pregnant,5602,PIH,"13603"
Death concept set,5588,PIH,"13604"
Pharyngotonsillitis,5590,PIH,"13609"
Mexico (CES) mental health diagnosis set,8405,PIH,"13610"
Mild or moderate pericardial effusion,5612,PIH,"13612"
Previous known suicide attempt,5589,PIH,"13613"
Disease treatment monitoring construct,5605,PIH,"13614"
Partner disease treatment monitoring construct,5604,PIH,"13615"
AIDS meningoencephalitis,4691,PIH,"1362"
Moderna COVID-19 vaccine,5620,PIH,"13624"
Janssen COVID-19 vaccine,5622,PIH,"13625"
Astrazeneca COVID-19 vaccine,5618,PIH,"13626"
Pfizer-BioNtech COVID-19 vaccine,5619,PIH,"13627"
Sinopharm-Wuhan COVID-19 vaccine,5621,PIH,"13628"
Vaccine lot number,5623,PIH,"13629"
Vaccine manufacturer,5624,PIH,"13630"
Immunization concept set,5626,PIH,"13631"
COVID-19 vaccine,5625,PIH,"13632"
Rh isoimmunization,5627,PIH,"13633"
Antenatal syphilis screening,5630,PIH,"13634"
Sarilumab,5629,PIH,"13635"
Tocilizumab,5628,PIH,"13636"
On prophylaxis,5633,PIH,"13637"
EID treatment status,5634,PIH,"13638"
Expressed breastmilk,6161,PIH,"13639"
Clinical impression comments,1275,PIH,"1364"
Breastfed predominately,6162,PIH,"13640"
Cow milk,6163,PIH,"13641"
Feeding plan,6164,PIH,"13642"
Duration of breastfeeding (months),5636,PIH,"13643"
Suddenly,5638,PIH,"13644"
Slowly,5639,PIH,"13645"
Weaning speed,5640,PIH,"13646"
Prone position,5641,PIH,"13647"
History of hemorrhage,5643,PIH,"13648"
Received daily ARV,5642,PIH,"13649"
Bacillary Dysentery,4679,PIH,"1365"
Delusions,5647,PIH,"13650"
PHQ-9 question set,6835,PIH,"13651"
PHQ-2 score,6836,PIH,"13652"
GAD-2 score,6837,PIH,"13653"
Received daily dose of cotrimoxizole,5644,PIH,"13654"
ARV counsel prior to birth,5645,PIH,"13655"
STD prevention counseling,5646,PIH,"13656"
Rehab concept set,5725,PIH,"13657"
Sitting vital signs construct,5685,PIH,"13658"
Nurse Accompagnateur,27,PIH,"13659"
More than half the days,6815,PIH,"13660"
Little interest or pleasure in doing things,6826,PIH,"13661"
"Feeling down, depressed, or hopeless",6832,PIH,"13662"
"Trouble falling or staying asleep, or sleeping too much",6827,PIH,"13663"
Feeling tired or having little energy,6828,PIH,"13664"
Poor appetite or overeating,6833,PIH,"13665"
Feels like they have failed someone,6830,PIH,"13666"
Distracted easily,6834,PIH,"13667"
Feels slower than normal,6829,PIH,"13668"
Has thought about ending their life,6831,PIH,"13669"
GAD-7 question set,6825,PIH,"13670"
"Feeling nervous, anxious, or on edge",6819,PIH,"13671"
Not being able to stop worrying or not being able to control worry,6824,PIH,"13672"
Worrying too much about different things,6823,PIH,"13673"
Difficulty relaxing,6818,PIH,"13674"
Being so restless that it is difficult to sit quietly,6822,PIH,"13675"
Getting upset or irritable easily,6820,PIH,"13676"
Feeling scared as if something terrible could happen,6821,PIH,"13677"
Surgery concept set,5726,PIH,"13678"
Referred from women health clinic,5733,PIH,"13679"
Leflunomide,5738,PIH,"13687"
Dexlansoprazole,5737,PIH,"13688"
Daclatasvir,5778,PIH,"13689"
Benztropine,5786,PIH,"13690"
Dydrogesterone,5785,PIH,"13691"
Atracurium besylate,5773,PIH,"13692"
Tetracaine,5791,PIH,"13693"
Diethylcarbamazine,5770,PIH,"13694"
Aluminum hydroxide,5792,PIH,"13695"
Cetrimide / chlorhexidine,5772,PIH,"13696"
Amodiaquine / Artesunate,5780,PIH,"13697"
Carbimazole,5782,PIH,"13698"
Clomiphene citrate,5779,PIH,"13699"
Prurigo nodularis,3468,PIH,"1370"
ARV consent form signed,5740,PIH,"13701"
Location form completed,5739,PIH,"13702"
ASCVD Risk Score,6813,PIH,"13703"
HEARTS Program,7193,PIH,"13704"
Treatment changed to follow algorithm,7186,PIH,"13705"
Axillary temperature,5746,PIH,"13706"
Oral temperature (C),5747,PIH,"13707"
Rectal temperature (C),5748,PIH,"13708"
Referral or Transfer?,5742,PIH,"13712"
Obstetric ultrasound,5743,PIH,"13714"
"X-ray of chest, 1 view, AP",5744,PIH,"13715"
Medication Duration Units,5745,PIH,"13716"
Economist,5754,PIH,"13717"
Engineer,5749,PIH,"13718"
Obstetrician,5750,PIH,"13719"
Dentist,5753,PIH,"13720"
Taxi driver,5755,PIH,"13721"
Health technician,5752,PIH,"13722"
Biomedical engineer,5751,PIH,"13723"
Recurrence of disease,5758,PIH,"13724"
Condition clinical status,5759,PIH,"13725"
Hormonal contraception,5761,PIH,"13726"
Barrier method of contraception,5762,PIH,"13727"
Ulipristal acetate,5763,PIH,"13728"
Emergency contraceptive pills,5764,PIH,"13729"
Method of contraception failure,5765,PIH,"13730"
Wanted Pregnancy,5760,PIH,"13731"
Intentional pregnancy,5766,PIH,"13732"
Number of abortions before 20 weeks of gestation,7063,PIH,"13733"
Number of abortions after 20 weeks of gestation,7106,PIH,"13734"
Sofosbuvir,5787,PIH,"13735"
Able to read and write,5768,PIH,"13736"
History of pregnancy tea,5767,PIH,"13737"
Pancuronium bromide,5783,PIH,"13738"
Sodium fluorescein,5771,PIH,"13739"
Syphilis and STI comment,3616,PIH,"1374"
Hydrochlorothiazide / Losartan,5784,PIH,"13740"
Halothane,5774,PIH,"13741"
Piperacillin / Tazobactam,5781,PIH,"13742"
Labetalol hydrochloride,5776,PIH,"13743"
Oxybutynin,5775,PIH,"13744"
Pethidine hydrochloride,5777,PIH,"13745"
Money available for transportation,5788,PIH,"13746"
Partner supports prenatal care,5789,PIH,"13747"
Number of blood transfusions received,6148,PIH,"13748"
Other non-pathological history comment,7096,PIH,"13749"
Number of days per month alcohol is consumed,6810,PIH,"13750"
Symptom progression comment,7083,PIH,"13751"
Other pathological history comment,7064,PIH,"13752"
Extremity examination (text),5790,PIH,"13754"
ATT DEFAULT ATTACHMENT,3,PIH,"13755"
ATT IMAGE ATTACHMENT,4,PIH,"13756"
"Review of systems, gastrointestinal (comment)",6482,PIH,"13757"
"Review of systems, respiratory (comment)",6480,PIH,"13758"
"Review of systems, urinary (comment)",6477,PIH,"13759"
"Review of systems, reproductive (comment)",6484,PIH,"13760"
"Review of symptoms, cardiovascular (comment)",6478,PIH,"13761"
"Review of systems, nervous (comment)",6483,PIH,"13762"
"Review of systems, musculoskeletal (comment)",6479,PIH,"13763"
"Review of systems, endocrine (comment)",6481,PIH,"13764"
Review of systems,6485,PIH,"13765"
Ciprofloxacin hydrochloride,5793,PIH,"13766"
Abbreviated surgical history,7112,PIH,"13767"
Number of surgeries,7101,PIH,"13768"
Date of last surgery,7093,PIH,"13769"
Type of procedure (non-coded),7080,PIH,"13770"
Reason for procedure,7065,PIH,"13771"
History of COVID-19,5801,PIH,"13772"
Isoniazid / Vitamin B6,5794,PIH,"13773"
Fluvoxamine maleate,5795,PIH,"13774"
Cefuroxime axetil,5799,PIH,"13777"
Indomethacin sodium trihydrate,5798,PIH,"13778"
Moxifloxacin hydrochloride,5800,PIH,"13779"
Taptap,5804,PIH,"13780"
Non-clinical antenatal care provider,5820,PIH,"13781"
Houngan,5818,PIH,"13782"
Manbo,5819,PIH,"13783"
RAL,5802,PIH,"13784"
DRV,5803,PIH,"13785"
INH prophlylaxis treatment line,5805,PIH,"13786"
Diagnosis certainty,208,PIH,"1379"
Iohexol,5933,PIH,"13828"
Interferon alfa-2b,5841,PIH,"13829"
Hepatitis B immune globulin,5855,PIH,"13839"
Ethanolamine oleate,5869,PIH,"13840"
Dexrazoxane,5927,PIH,"13841"
"Estrogens, conjugated (usp) / medroxyprogesterone",5922,PIH,"13842"
Vinorelbine,5905,PIH,"13843"
Budesonide,5904,PIH,"13844"
Irinotecan hydrochloride,5943,PIH,"13845"
Etilefrine,5900,PIH,"13846"
Thioguanine,5862,PIH,"13847"
Aurothiomalate,5919,PIH,"13848"
Hydroxocobalamin,5908,PIH,"13849"
Sertraline hydrochloride,5930,PIH,"13850"
Mitomycin,5917,PIH,"13851"
Gadopentetate dimeglumine,5929,PIH,"13852"
Valganciclovir,5935,PIH,"13853"
Trastuzumab,5883,PIH,"13854"
Ampicillin / sulbactam,5835,PIH,"13855"
Nifurtimox,5913,PIH,"13856"
Zoledronic acid,5886,PIH,"13857"
Desmopressin acetate,5851,PIH,"13858"
Dasatinib,5938,PIH,"13859"
Gemcitabine,5887,PIH,"13860"
Acitretin,5907,PIH,"13861"
Benzylpenicillin Sodium,5833,PIH,"13862"
Diethylstilbestrol,5948,PIH,"13863"
Miltefosine,5885,PIH,"13864"
Thiamine hydrochloride,5946,PIH,"13865"
Ribavirin,5945,PIH,"13866"
Procarbazine,5861,PIH,"13867"
Deferoxamine,5916,PIH,"13868"
Disulfiram,5864,PIH,"13869"
Activated charcoal,5898,PIH,"13870"
Oxacillin,5906,PIH,"13871"
Pralidoxime chloride,5915,PIH,"13872"
Oxycodone hydrochloride,5881,PIH,"13873"
Simethicone,5921,PIH,"13874"
Calcium disodium edetate,5897,PIH,"13875"
Alteplase,5877,PIH,"13876"
Fusidic acid,5891,PIH,"13877"
Triclabendazole,5838,PIH,"13878"
Melphalan,5849,PIH,"13879"
Fludrocortisone 21-acetate,5854,PIH,"13880"
Rituximab,5865,PIH,"13881"
Sodium stibogluconate,5925,PIH,"13882"
Calcitriol,5863,PIH,"13883"
Dimercaprol,5902,PIH,"13884"
Tamsulosin hydrochloride,5872,PIH,"13885"
Thioridazine hydrochloride,5858,PIH,"13886"
Saquinavir,5878,PIH,"13887"
Methylphenidate hydrochloride,5903,PIH,"13888"
Nimodipine,5870,PIH,"13889"
Delivery location (text),6268,PIH,"1389"
Fludarabine phosphate,5896,PIH,"13890"
Cyclopentolate hydrochloride,5889,PIH,"13891"
Carmustine,5918,PIH,"13892"
Triamcinolone acetonide,5845,PIH,"13893"
Zolpidem tartrate,5844,PIH,"13895"
Sodium thiosulfate,5866,PIH,"13896"
Anastrozole,5857,PIH,"13897"
Furazolidone,5937,PIH,"13898"
Amyl nitrite,5875,PIH,"13899"
Vaginitis,3998,PIH,"139"
Clomipramine hydrochloride,5928,PIH,"13900"
Chorionic gonadotropin,5837,PIH,"13901"
Leuprolide acetate,5901,PIH,"13902"
Meglumine iodamide,5893,PIH,"13903"
Cilastatin / imipenem,5871,PIH,"13904"
Pentamidine isethionate,5920,PIH,"13905"
Ethambutol hydrochloride,5940,PIH,"13906"
Busulfan,5876,PIH,"13907"
Dantrolene sodium,5856,PIH,"13908"
Temozolomide,5846,PIH,"13909"
Sodium hypochlorite,5860,PIH,"13910"
Isoxsuprine hydrochloride,5834,PIH,"13911"
Trifluoperazine hydrochloride,5912,PIH,"13912"
Succimer,5888,PIH,"13913"
Macrogol 3350,5842,PIH,"13914"
Clobazam,5939,PIH,"13915"
Penicillamine,5859,PIH,"13916"
Nitrous oxide,5892,PIH,"13917"
Oxaliplatin,5894,PIH,"13918"
Gemfibrozil,5914,PIH,"13919"
Isotretinoin,5926,PIH,"13920"
Sodium nitrite,5839,PIH,"13921"
Cyproterone acetate,5853,PIH,"13922"
Diphtheria antitoxin,5882,PIH,"13923"
Ethosuximide,5890,PIH,"13924"
Bevacizumab,5852,PIH,"13925"
Prussian blue,5874,PIH,"13926"
Dalteparin sodium,5840,PIH,"13927"
Triptorelin,5879,PIH,"13928"
Estriol,5944,PIH,"13929"
Flutamide,5848,PIH,"13930"
Estradiol,5880,PIH,"13931"
Methylene blue,5923,PIH,"13932"
"Sodium phosphate, dibasic / sodium phosphate, monobasic",5909,PIH,"13933"
Cephaelis ipecacuanha preparation,5899,PIH,"13934"
Diloxanide furoate,5843,PIH,"13935"
Iothalamate meglumine,5947,PIH,"13936"
Clozapine,5941,PIH,"13937"
Peginterferon alfa-2a,5884,PIH,"13938"
Pyridoxine hydrochloride,5910,PIH,"13939"
Alendronic acid,5934,PIH,"13940"
Epirubicin hydrochloride,5873,PIH,"13941"
Meglumine antimoniate,5836,PIH,"13942"
Benznidazole,5936,PIH,"13943"
Cetuximab,5924,PIH,"13944"
Lanatoside C,5868,PIH,"13945"
Electrolyte solution,5895,PIH,"13946"
Bothropic antivenom,5847,PIH,"13947"
Crotalic antivenom,5932,PIH,"13948"
Lachesic antivenom,5911,PIH,"13949"
Socio-economic assistance construct,1107,PIH,"1395"
Loxosceles antivenom,5931,PIH,"13950"
Pulmonary surfactant,5867,PIH,"13951"
Vitamin D / vitamin D2,5942,PIH,"13952"
Received HIV test result,5806,PIH,"13953"
New diagnosis of HIV infection,5810,PIH,"13954"
HIV known status category,5812,PIH,"13955"
Known HIV positive status,5811,PIH,"13956"
Services status,5809,PIH,"13957"
Accepted,5807,PIH,"13958"
Offered,5808,PIH,"13959"
ARV #3,5813,PIH,"13960"
Prescriber construct,5816,PIH,"13961"
License identifier number,5815,PIH,"13962"
Clinical officer/physician assistant,5817,PIH,"13963"
Partogram completed at delivery,5821,PIH,"13964"
During labor and delivery,5822,PIH,"13965"
Entry to PMTCT for newly diagnosed HIV mothers,5823,PIH,"13966"
Provider of financial support,5831,PIH,"13967"
Aunt / Uncle,5830,PIH,"13968"
Provider of non-financial support,5832,PIH,"13969"
Vocational training,6466,PIH,"1397"
Private vehicle,5825,PIH,"13971"
Motorcycle taxi,5827,PIH,"13972"
Private moto,5826,PIH,"13973"
Number of vaginal pads used per time,5966,PIH,"13974"
Number of vaginal pads,5965,PIH,"13975"
Financial aid,1098,PIH,"1398"
Socio-economic assistance comment,1104,PIH,"1399"
Parasitic diarrhea,4695,PIH,"14"
Scabies,4830,PIH,"140"
Nutritional assistance,1097,PIH,"1400"
Surgical wound healed,5950,PIH,"14008"
Caesarean wound disruption,5951,PIH,"14009"
Current opportunistic infection,3710,PIH,"1401"
Wound intact and healing,5952,PIH,"14010"
Infection of obstetric surgical wound,5953,PIH,"14011"
Cesarean section wound status,5954,PIH,"14012"
Main daily activities before illness,3658,PIH,"1402"
Lochia excessive,5955,PIH,"14032"
Lochia foul smelling,5964,PIH,"14033"
"Lochia, postnatal physical examination",5967,PIH,"14034"
Pink/brown-green tinge lochia,5956,PIH,"14038"
White/yellow-green tinge lochia,5957,PIH,"14039"
Housework,103,PIH,"1404"
Lochia alba,5958,PIH,"14040"
Lochia serosa,5959,PIH,"14041"
Red-green tinge lochia,5960,PIH,"14042"
Lochia rubra,5961,PIH,"14043"
Lochia sanguinolenta,5962,PIH,"14044"
Lochia type,5963,PIH,"14045"
Involution of uterus,5949,PIH,"14046"
Tender uterus,5968,PIH,"14047"
Non-tender uterus,5969,PIH,"14048"
Findings on palpation of uterus,5970,PIH,"14049"
Caesarean section wound healing status,5972,PIH,"14050"
Wound dehiscence,5971,PIH,"14051"
Postpartum exam set,5973,PIH,"14052"
Postpartum examination (text),5974,PIH,"14053"
Molnupiravir,5991,PIH,"14054"
Paxlovid,5992,PIH,"14055"
Quantity of lochia (qualitative),5980,PIH,"14056"
Resumed sexual intercourse,5975,PIH,"14057"
Cracked nipple,5979,PIH,"14058"
"Abscess of breast, postpartum",5976,PIH,"14059"
Amikacin,2194,PIH,"1406"
Breast engorgement,5977,PIH,"14060"
Sufficient milk production,5978,PIH,"14061"
Lochia odor,5981,PIH,"14062"
Uterus level from umbilicus during postpartum involution (cm),5985,PIH,"14063"
"Intact perineum, on exam",5984,PIH,"14064"
Perineum wound infection,5986,PIH,"14065"
Abscess,5982,PIH,"14066"
Change of dressing,5996,PIH,"14067"
Ultrasound type,7069,PIH,"14068"
Musculoskeletal ultrasound,7057,PIH,"14069"
Contaminated,2873,PIH,"1407"
Heart,7190,PIH,"14071"
Thyroid,7185,PIH,"14072"
Vascular system,7182,PIH,"14073"
Breast,7177,PIH,"14074"
Eye,7173,PIH,"14075"
Mexico ultrasound concepts,7167,PIH,"14076"
Type of FAST ultrasound,7165,PIH,"14077"
Biparietal diameter,7157,PIH,"14079"
++,1622,PIH,"1408"
Gestational sac diameter,7152,PIH,"14080"
Head-to-toe length,7146,PIH,"14081"
"Average of biparietal diameter, head circumference, and head-to-toe length",7139,PIH,"14082"
Amniotic fluid index,7128,PIH,"14083"
Estimated fetal weight,7121,PIH,"14084"
Pregnancy trimester,7114,PIH,"14085"
Gestational age in weeks from ultrasound,7099,PIH,"14086"
Femur length,7086,PIH,"14088"
+++,1623,PIH,"1409"
Gynocological ultrasound,7071,PIH,"14090"
Change of diagnosis,7058,PIH,"14091"
Molar pregnancy,6039,PIH,"14098"
Typhoid fever,4698,PIH,"141"
Months residing in country,5995,PIH,"14105"
Orientation status,5997,PIH,"14107"
Homicidal ideation present,6001,PIH,"14108"
Insight level,6000,PIH,"14109"
Capreomycin,1845,PIH,"1411"
Judgment,6002,PIH,"14110"
Suspected cancer,5998,PIH,"14111"
Negativism,6015,PIH,"14119"
Clofazimine,2173,PIH,"1412"
Unconscious,6009,PIH,"14120"
Asleep,6010,PIH,"14121"
Wakefulness finding,6011,PIH,"14122"
Paranoid delusion,6014,PIH,"14124"
Thin build,6017,PIH,"14125"
Physical appearance exam findings,6023,PIH,"14126"
Unkempt appearance,6019,PIH,"14127"
Inappropriately dressed,6020,PIH,"14128"
Normal weight,6018,PIH,"14129"
Cycloserine,2197,PIH,"1413"
Appropriate clothing for the situation,6022,PIH,"14130"
Mood,6004,PIH,"14131"
Euthymia,6003,PIH,"14132"
Preparatory school education incomplete,6037,PIH,"14133"
Preparatory school education complete,6034,PIH,"14134"
Primary school education incomplete,6035,PIH,"14135"
Secondary school education incomplete,6036,PIH,"14136"
Fosfomycin,6032,PIH,"14137"
Mifepristone,6031,PIH,"14138"
Vascular medicine,7130,PIH,"14139"
Ethionamide,1978,PIH,"1414"
Blood donation,6038,PIH,"14140"
Nephrology specialty,7122,PIH,"14141"
"Ear, nose and throat department",7117,PIH,"14142"
Internal medicine specialty,6498,PIH,"14143"
Hematopathology specialty,7110,PIH,"14144"
Colorectal surgery specialty,7103,PIH,"14145"
Dermatology specialty,7091,PIH,"14146"
Pulmonary medicine specialty,7078,PIH,"14147"
Neurology specialty,7067,PIH,"14148"
Maxillofacial surgery department,7056,PIH,"14149"
Psychiatry specialty,7168,PIH,"14150"
Endocrinology specialty,7162,PIH,"14151"
Rehabilitation specialty,7158,PIH,"14152"
Cardiology specialty,7153,PIH,"14153"
Clinical genetics specialty,7150,PIH,"14154"
Affect,6008,PIH,"14155"
Thought process,6029,PIH,"14156"
Thought content,6016,PIH,"14157"
Denies suicidal ideation,6012,PIH,"14158"
Denies homicidal ideation,6013,PIH,"14159"
Goal oriented,6025,PIH,"14160"
Linear thought process,6027,PIH,"14161"
Circumferential thought process,6026,PIH,"14162"
Tangential thinking,6028,PIH,"14163"
Flight of ideas,6024,PIH,"14164"
Labile affect,6005,PIH,"14165"
Restricted affect,6006,PIH,"14166"
Flat affect,6007,PIH,"14167"
Normal affect,6030,PIH,"14169"
Kanamycin,2169,PIH,"1417"
Endocrine Disorder,7143,PIH,"14170"
Description of diet,7137,PIH,"14171"
Description of housing,7132,PIH,"14172"
Description of personal hygiene,7126,PIH,"14173"
Occupation history and risk factors,7119,PIH,"14174"
Description of vaccine history,7113,PIH,"14175"
Menstrual cycle description,7104,PIH,"14176"
Obstetric event notes,7095,PIH,"14177"
CES history concepts,7085,PIH,"14178"
Ofloxacin,2273,PIH,"1418"
Breast exam status,7074,PIH,"14180"
Prostate exam status,7060,PIH,"14182"
Prostate specific antigen (PSA) test status,7049,PIH,"14185"
Male health comment,7125,PIH,"14187"
Menopause has occurred,7118,PIH,"14188"
Age of menopause,7107,PIH,"14189"
Tuberculosis in pregnancy,6040,PIH,"14190"
Victim of rape,6041,PIH,"14191"
Serum lithium,6043,PIH,"14192"
Serum phosphorus,6042,PIH,"14193"
Glucose tolerance 2 hour test,6044,PIH,"14194"
Glucose tolerance 3 hour test,6045,PIH,"14195"
Glucose tolerance 1/2 hour test,6046,PIH,"14196"
Glucose tolerance 1 hour test,6047,PIH,"14197"
Glucose tolerance 4 hour test,6048,PIH,"14198"
Glucose tolerance test 5 specimens (75g) panel,6049,PIH,"14199"
Allergy,4197,PIH,"142"
"HPV negative, without cervical lesion",7094,PIH,"14200"
"Positive HPV, without cervical lesion",7084,PIH,"14201"
Papanicolaou smear of vagina with atypical squamous cells cannot exclude high grade squamous intraepithelial lesion (ASC-H),7073,PIH,"14202"
Endocervical adenocarcinoma,7061,PIH,"14205"
Papanicolaou smear of anus with atypical squamous cells of undetermined significance (ASC-US),7050,PIH,"14206"
Atypical glandular cells on Pap smear,6844,PIH,"14207"
Cholera rapid antigen test,6050,PIH,"14208"
Immunohistochemistry needed,6055,PIH,"14209"
Immunohistochemistry sent,6054,PIH,"14210"
Unhealthy habit details construct,6079,PIH,"14211"
Age at onset (years),6077,PIH,"14213"
Relationship of person when started,6075,PIH,"14214"
Attempted to stop,6076,PIH,"14215"
Age of youngest child (years),6092,PIH,"14217"
Grandiose delusion disorder,6115,PIH,"14218"
Psychomotor development finding,6131,PIH,"14219"
Tactile hallucinations,6102,PIH,"14220"
Auditory hallucinations,6101,PIH,"14221"
Visual hallucinations,6103,PIH,"14222"
Delusion of persecution,6117,PIH,"14223"
Slow rate of speech,6128,PIH,"14224"
Olfactory hallucinations,6104,PIH,"14225"
Total protein (mg/dL),6059,PIH,"14226"
History of exposure to domestic violence as a child,6114,PIH,"14227"
Glucose tolerance 1 1/2 hour test,6056,PIH,"14228"
Post-prandial blood glucose panel,6065,PIH,"14229"
Post-prandial blood glucose measurement 1/2 hour after meal,6061,PIH,"14230"
Post-prandial blood glucose measurement 1 hour after meal,6063,PIH,"14231"
Post-prandial blood glucose measurement 1.5 hour after meal,6064,PIH,"14232"
Post-prandial blood glucose measurement 2 hours after meal,6062,PIH,"14233"
LDH (mg/dL),6057,PIH,"14234"
Total lipids,6058,PIH,"14235"
Pus in urine (microscopy),6060,PIH,"14236"
Renal epithelial cells presence in urine sediment by light microscopy,6066,PIH,"14237"
Serum albumin (mg/dL),6067,PIH,"14238"
Date laboratory specimen sent,6068,PIH,"14239"
Tuberculosis treatment in past,3245,PIH,"1424"
Cryptococcus neoformans (india ink),6069,PIH,"14240"
Protein in urine from 24 hour collection,6070,PIH,"14241"
Consent given for sex,6088,PIH,"14242"
Age of sexual partner (years),6087,PIH,"14243"
Monogamous,6089,PIH,"14244"
Partner multiple sexual partners,6090,PIH,"14246"
Age of oldest child (years),6093,PIH,"14247"
Date stop attempted,6078,PIH,"14248"
Outcome of stopping (text),6133,PIH,"14249"
Axis II Diagnosis,6109,PIH,"14250"
Axis IV Diagnosis,6111,PIH,"14251"
Axis V Diagnosis,6108,PIH,"14252"
Axis I Diagnosis,6110,PIH,"14253"
Axis III Diagnosis,6112,PIH,"14254"
DSM diagnosis set,6113,PIH,"14255"
TB prophylaxis,6072,PIH,"14256"
Syphilis and STI treatment,6073,PIH,"14257"
HIV prophylaxis,6074,PIH,"14258"
Delusion type,6118,PIH,"14259"
Religious delusion,6116,PIH,"14260"
Ayahuasca use,6082,PIH,"14261"
Benodiazepine misuse,6083,PIH,"14262"
Hallucinogen use,6081,PIH,"14263"
Gamma hydroxybutyrate (GBH) use,6080,PIH,"14264"
Attitude toward interview,6100,PIH,"14265"
Cooperative,6097,PIH,"14266"
Hostile behavior,6098,PIH,"14267"
Defensive behavior,6099,PIH,"14268"
Manipulative behavior,6096,PIH,"14269"
Seductive behavior,6095,PIH,"14270"
Ability to concentrate (qualitative),6094,PIH,"14271"
Memory performance,6107,PIH,"14272"
Hallucination type,6105,PIH,"14273"
Bacteria in urine sediment by light microscopy,6119,PIH,"14280"
Marijuana use,6084,PIH,"14281"
Crack cocaine use,6085,PIH,"14282"
"Illicit drug use, specified",6086,PIH,"14283"
Leukocyte in urine sediment by light microscopy (count/HPF),6120,PIH,"14284"
Erythrocyte in urine sediment by light microscopy (count/HPF),6121,PIH,"14285"
Type of speech,6130,PIH,"14286"
Spontaneous speech,6122,PIH,"14287"
Loud speech,6129,PIH,"14288"
Soft speech,6127,PIH,"14289"
Hospitalized,429,PIH,"1429"
Fast speech,6124,PIH,"14290"
Pressured speech,6125,PIH,"14291"
Muted speech,6126,PIH,"14292"
Impaired speech,6123,PIH,"14293"
Instructions to patient and/or family,6134,PIH,"14294"
Relationship and involvement with children (text),6137,PIH,"14295"
Common Elements Treatment Approach (CETA) completed,6135,PIH,"14296"
CAGE alcohol questionnaire questions,6142,PIH,"14297"
Have you ever felt you needed to Cut down on your drinking?,6141,PIH,"14298"
Have people Annoyed you by criticizing your drinking?,6139,PIH,"14299"
Have you ever felt Guilty about drinking?,6140,PIH,"14300"
Have you ever felt you needed a drink first thing in the morning (Eye-opener) to steady your nerves or to get rid of a hangover?,6138,PIH,"14301"
History of homicidal ideation,6136,PIH,"14302"
Medication for family member(s),6143,PIH,"14303"
Family educated about patient's illness,6146,PIH,"14304"
Medication training completed,6145,PIH,"14305"
Living situation (text),6144,PIH,"14306"
Right ventricular failure,6149,PIH,"14308"
Program exit,7062,PIH,"14309"
Program outcome,7048,PIH,"14310"
ONA,6620,PIH,"14311"
FHADIMAC,6619,PIH,"14312"
Confirmed cancer,6155,PIH,"14313"
Post report diagnosis construct,6154,PIH,"14314"
Specimen sent construct,6153,PIH,"14315"
High-risk pregnancy due to previous obstetrical history,6156,PIH,"14316"
Specimen 5 comment,6157,PIH,"14317"
Specimen 6 comment,6159,PIH,"14318"
Specimen 7 comment,6160,PIH,"14319"
Current treatment,3263,PIH,"1432"
Specimen 8 comment,6158,PIH,"14320"
Family planning service status,6165,PIH,"14321"
Type of heart failure,6167,PIH,"14323"
Delivery of twins,6168,PIH,"14324"
Womens health sterilization procedures,6169,PIH,"14325"
Subtotal hysterectomy,6170,PIH,"14327"
Hysterectomy for postpartum hemorrhage,6171,PIH,"14328"
"Culture and sensitivity, urine",6172,PIH,"14330"
Body fluid culture and sensitivity,6173,PIH,"14331"
Pus culture and sensitivity,6174,PIH,"14332"
Stool culture (bacterial),6175,PIH,"14333"
Blood culture and sensitivity,6176,PIH,"14334"
Culture panel,6177,PIH,"14335"
Blood culture (qualitative),6178,PIH,"14337"
History of pregnancy complications,6179,PIH,"14338"
ZL laboratory orderable categories,6194,PIH,"14339"
ZL hematology set,6190,PIH,"14340"
ZL biochemistry set,6189,PIH,"14341"
ZL immunoserology set,6193,PIH,"14342"
ZL parasitology set,6192,PIH,"14343"
ZL urine set,6188,PIH,"14344"
ZL microbiology set,6191,PIH,"14345"
Zika laboratory set,6187,PIH,"14346"
Days per week with chronic respiratory symptoms,6199,PIH,"14347"
Received Hepatitis B immunization,6195,PIH,"14348"
Fibrinogen assay,6202,PIH,"14349"
"PPD, qualitative",3123,PIH,"1435"
D-dimer (mg/L),6201,PIH,"14350"
Nights per week with chronic respiratory symptoms,6204,PIH,"14352"
Medication dispense status,6214,PIH,"14353"
Discontinued,6211,PIH,"14354"
Entered in error report status,6210,PIH,"14355"
On hold,6212,PIH,"14356"
Preparation,6209,PIH,"14357"
Chlamydia,6217,PIH,"14363"
Patient tested for sexually transmitted illness in current visit,6216,PIH,"14364"
Suspected STD (coded),6215,PIH,"14365"
STD treatment,6218,PIH,"14366"
Adjustment disorder,6219,PIH,"14367"
Reason for not receiving medications,6220,PIH,"14368"
Fresh stillbirth,6221,PIH,"14371"
Early initiation of breastfeeding,6222,PIH,"14372"
Uterotonic provided after birth,6223,PIH,"14373"
Mifepristone / Misoprostol combination,6227,PIH,"14375"
Post-abortion treatment,6228,PIH,"14376"
Labor start date and time,6229,PIH,"14377"
Newborn antiretroviral use,6259,PIH,"14386"
Phototherapy,6258,PIH,"14387"
Macerated stillbirth,6226,PIH,"14388"
Antibiotic therapy,6257,PIH,"14389"
"Gestational age at delivery, abortion or miscarriage (weeks)",6230,PIH,"14390"
Prior visit diagnoses,6231,PIH,"14391"
Child admission construct,6251,PIH,"14392"
Age (days),6249,PIH,"14393"
Age (hours),6250,PIH,"14394"
Date/time arrival of patient at health facility,6254,PIH,"14395"
Infant's medical record number,6244,PIH,"14396"
Weight on admission (kg),6248,PIH,"14397"
Care management start date and time,6253,PIH,"14398"
Datetime of death,6252,PIH,"14399"
Tinea capitis,5027,PIH,"144"
Gandorhun CHC,6237,PIH,"14400"
Kainkordu CHC,6234,PIH,"14401"
Kayima CHC,6239,PIH,"14402"
Sewafe CHC,6238,PIH,"14403"
Kombayendeh CHC,6240,PIH,"14404"
Tombodu CHC,6232,PIH,"14405"
UMC Jaima Nimikoro,6236,PIH,"14406"
Yengema CHC,6241,PIH,"14407"
Yormandu CHC,6233,PIH,"14408"
Kangama Gorama CHC,6235,PIH,"14409"
Midwife,6245,PIH,"14410"
Delivery assistant,6246,PIH,"14411"
Delivery assistant construct,6247,PIH,"14412"
Kangaroo mother care (KMC),6242,PIH,"14413"
Presentation and position (text),6255,PIH,"14414"
Other role (text),6256,PIH,"14415"
Abnormal blood glucose,6262,PIH,"14416"
APGAR score at 5 minutes,6261,PIH,"14417"
Perimenopausal status,6267,PIH,"14418"
APGAR score at 1 minute,6263,PIH,"14419"
Reason for referral (text),6264,PIH,"14420"
Severe birth asphyxia,6266,PIH,"14421"
Urine specific gravity x 1000,6269,PIH,"14422"
Was procedure performed/carried out,6270,PIH,"14423"
Sierra Leone transfer out location,6271,PIH,"14424"
Premenopausal patient,6272,PIH,"14425"
Postmenopausal Status (Age-Related) (Natural),6273,PIH,"14426"
Menstrual status,6274,PIH,"14427"
Menopause,6275,PIH,"14428"
SubstanceAdminSubstitutionReason,6280,PIH,"14429"
Formulary policy,6278,PIH,"14430"
Regulatory requirement,6279,PIH,"14431"
ActSubstanceAdminSubstitutionCode,6289,PIH,"14432"
Equivalent substitution,6284,PIH,"14433"
Equivalent composition substitution,6286,PIH,"14434"
Brand composition substitution,6281,PIH,"14435"
Generic composition substitution,6285,PIH,"14436"
Therapeutic alternative substitutiion,6282,PIH,"14437"
Therapeutic brand substitutiion,6288,PIH,"14438"
Therapeutic generic substitutiion,6287,PIH,"14439"
Formulary substitution,6283,PIH,"14440"
Enrolled in social support,6292,PIH,"14443"
Other test performed,6290,PIH,"14444"
Screening program,6296,PIH,"14445"
Missed days of school,6294,PIH,"14446"
Patient diagnosed with active tuberculosis,6293,PIH,"14447"
Missed medication doses in past seven days,6297,PIH,"14448"
Patient understands their disease and prognosis,6298,PIH,"14449"
Date medication refills due,6295,PIH,"14450"
Radiology results,6299,PIH,"14451"
Excess salt intake,6302,PIH,"14452"
Intake of soy sauce or other salty seasoning,6303,PIH,"14453"
Chemotherapy detail,6304,PIH,"14454"
Morbid Obesity,6305,PIH,"14455"
Complications related to hypertension,6315,PIH,"14456"
Hypertension complications (text),6314,PIH,"14457"
Hospitalization related to hypertension,6316,PIH,"14458"
Left ventricular dysfunction,6306,PIH,"14459"
Start ARV for PMTCT,3523,PIH,"1446"
Overall treatment adherence,6310,PIH,"14460"
Hypertension followup indicators,6313,PIH,"14462"
HTN concept set,6317,PIH,"14463"
Patient condition/problem/disease controlled,6312,PIH,"14464"
Patient understands their treatment,6311,PIH,"14465"
Diabetes concept set,6325,PIH,"14466"
Discharge date for diabetes,6324,PIH,"14467"
Treatment at discharge time,6309,PIH,"14468"
Diabetes followup indicators,6322,PIH,"14469"
Treatment plan (text),6403,PIH,"14479"
Diabetic retinopathy,6326,PIH,"14480"
Insulin,6308,PIH,"14481"
Diabetic coma with ketoacidosis,6328,PIH,"14482"
Diabetic ketoacidosis without coma,6329,PIH,"14483"
Sexual dysfunction,6318,PIH,"14484"
Complications related to diabetes,6319,PIH,"14485"
Cloxacillin sodium,6330,PIH,"14486"
Omeprazole sodium,6332,PIH,"14487"
Oral anti-diabetic medication class,6331,PIH,"14488"
Fundoscopic exam performance status,6334,PIH,"14489"
Fundoscopic exam findings,6335,PIH,"14490"
Ability to read and manage home glucometer,6333,PIH,"14491"
Housing type,6337,PIH,"14492"
Community supporter construct,6344,PIH,"14493"
Role of community supporter,6342,PIH,"14494"
CHP (Community Health Promoter),6340,PIH,"14495"
CHA (Community Health Assistant),6341,PIH,"14496"
Insulin glulisine,6347,PIH,"14497"
Flupenthixol decanoate,6349,PIH,"14498"
Bisoprolol fumarate,6346,PIH,"14499"
Doxazosin mesylate,6345,PIH,"14500"
"Antirabies serum,equine",6348,PIH,"14501"
PSSA (Psychosocial assistant),6350,PIH,"14502"
Possesses home glucometer,6401,PIH,"14503"
Hypoglycemic episode in past month,6402,PIH,"14504"
Methadone,6352,PIH,"14505"
Methadone hydrochloride,6351,PIH,"14506"
Severe traumatic event,6360,PIH,"14507"
Neck swelling,6355,PIH,"14512"
Restlessness and agitation,6357,PIH,"14513"
Coma,6359,PIH,"14514"
Tired,6356,PIH,"14515"
Unwell with known diabetes,6353,PIH,"14516"
Severe pallor,6358,PIH,"14517"
Urgent referral,6354,PIH,"14518"
Aggressive behavior,6361,PIH,"14519"
Burn of genitalia,6362,PIH,"14520"
Knife or gunshot wound,6363,PIH,"14521"
Schizophreniform disorder,6364,PIH,"14522"
SL automated complete hemogram 3,6369,PIH,"14523"
Platelet distribution width,6368,PIH,"14524"
Mean platelet volume,6367,PIH,"14525"
Plateletcrit,6365,PIH,"14526"
Platelet-large cell ratio (P-LCR),6366,PIH,"14527"
Hepatitis B and C test set,6370,PIH,"14528"
Specimen not available,6371,PIH,"14529"
JJ Dossen,7035,PIH,"14530"
On ACE inhibitors,6400,PIH,"14531"
Presence of indications for use of ACE inhibitor,6399,PIH,"14532"
Motivational interviewing,6372,PIH,"14533"
Date INH prophylaxis started,6374,PIH,"14534"
Date INH prophylaxis completed,6373,PIH,"14535"
Numerous,6375,PIH,"14555"
Entamoeba coli in stool by light microscopy,6376,PIH,"14556"
Giardia lamblia in stool by light microscopy,6377,PIH,"14557"
Dientamoeba fragilis in stool by iight microscopy,6378,PIH,"14558"
Balantidium coli in stool by light microscopy,6379,PIH,"14559"
Entamoeba histolytica in stool by light microscopy,6380,PIH,"14560"
Strongyloide stercoralis in stool by light microscopy,6381,PIH,"14561"
Trichomonas intestinalis in stool by light microscopy,6383,PIH,"14562"
Hymenolepis nana in stool by light microscopy,6382,PIH,"14563"
Enterobius vermicularis in stool by light microscopy,6384,PIH,"14564"
Chilomastix mesnili in stool by light microscopy,6385,PIH,"14565"
Vibrio cholerae in stool by light microscopy,6387,PIH,"14566"
Endolimax nana in stool by light microscopy,6386,PIH,"14567"
Taenia solium in stool by light microscopy,6388,PIH,"14568"
Trichuris trichiura in stool by light microscopy,6389,PIH,"14569"
Taenia saginata in stool by light microscopy,6390,PIH,"14570"
Ancylostoma duodenale in stool by light microscopy,6391,PIH,"14571"
Ascaris lumbricoides in stool by light microscopy,6392,PIH,"14572"
Stool microscopy panel,6393,PIH,"14573"
Care provider stopped patient treatment,6397,PIH,"14574"
S. mansoni identified in stool,6394,PIH,"14575"
SL stool microscopy panel,6395,PIH,"14576"
Vitamin K,6396,PIH,"14577"
Liberia Mental Health outcome,6398,PIH,"14578"
Diabetes with hyperosmolar coma,6404,PIH,"14579"
Lactic acidosis,4905,PIH,"1458"
Depressed left ventricular ejection fraction,6405,PIH,"14580"
ECG/EKG finding comment,6406,PIH,"14581"
History of pulmonary tuberculosis,6408,PIH,"14582"
Occupational exposure,6410,PIH,"14583"
History of seasonal allergies,6409,PIH,"14584"
Emphysema,6413,PIH,"14585"
Interstitial lung pattern,6412,PIH,"14586"
GINA assessment of asthma control,6415,PIH,"14587"
Inhaler more than twice per week,6414,PIH,"14589"
Retinal detachment,6419,PIH,"14590"
Thrombosis of retinal vein,6417,PIH,"14591"
Deep retinal hemorrhage,6416,PIH,"14592"
Optic nerve disease,6420,PIH,"14593"
Cotton wool spots,6418,PIH,"14594"
Enteral nutrition,6422,PIH,"14595"
Octreotide,6421,PIH,"14596"
Entecavir,6424,PIH,"14597"
Kabiven total parenteral nutrition (TPN),6423,PIH,"14598"
Parenchymal lung diseases,6427,PIH,"14599"
Satisfactory,453,PIH,"1460"
Interstitial lung disease,6426,PIH,"14600"
Restrictive lung disease post-infection,6425,PIH,"14601"
CLD screening test,6431,PIH,"14602"
Treatment for chronic lung disease,6445,PIH,"14603"
Short-acting beta agonists,6444,PIH,"14604"
Short-acting muscarinic antagonists,6439,PIH,"14605"
Long-acting beta agonists,6441,PIH,"14606"
Long-acting muscarinic antagonists,6443,PIH,"14607"
Oral steroid,6442,PIH,"14608"
Inhaled glucocorticoids,6440,PIH,"14609"
Spirometry results set,6438,PIH,"14610"
Forced Expiratory Volume 1,6433,PIH,"14611"
Forced Vital Capacity (FVC) (liters),6432,PIH,"14612"
FEV1 / FVC ratio progress (coded),6436,PIH,"14613"
Post-bronchodilator spirometry (qualitative),6437,PIH,"14614"
Decreased,6435,PIH,"14615"
Increased,6434,PIH,"14616"
Spirometry progress status,6430,PIH,"14617"
GINA assessment more than 1,6429,PIH,"14618"
Triggers cause exacerbation of asthma,6428,PIH,"14619"
COPD evaluation set,6451,PIH,"14620"
Chest tightness,6452,PIH,"14621"
Increased inhaler usage,6446,PIH,"14622"
Wheezing during clinical exam,6449,PIH,"14623"
Acute exacerbation of COPD,6450,PIH,"14624"
Stopped smoking,6447,PIH,"14625"
Night waking with dyspnea (coded),6448,PIH,"14626"
Intervention provided,6454,PIH,"14627"
Reintegration support,6453,PIH,"14628"
Emotional disorder,6455,PIH,"14629"
Overall condition,3500,PIH,"1463"
"Bipolar affective disorder, manic",6457,PIH,"14630"
Bipolar depression,6456,PIH,"14631"
Religious faith healer,6459,PIH,"14635"
Clinical consultation,6458,PIH,"14636"
School,6497,PIH,"14637"
Ages of children (text),6461,PIH,"14638"
Christianity,6465,PIH,"14639"
Patient-generated history: Psychiatric section text,6463,PIH,"14640"
Score for CAGE questionnaire for detection of alcoholism,6464,PIH,"14641"
Heroin,6462,PIH,"14642"
Education or school comment (text),6467,PIH,"14644"
CHV (Community health volunteer),6469,PIH,"14645"
Patient escorted,6470,PIH,"14646"
Liberia NCD condition set,7039,PIH,"14648"
Self or family,6472,PIH,"14649"
Liberia mental health condition set,7034,PIH,"14650"
Blunted affect,6474,PIH,"14651"
Thought blocking,6476,PIH,"14652"
Associative looseness,6475,PIH,"14653"
Sad mood,6473,PIH,"14654"
Counseling plan (text),6486,PIH,"14655"
Medication dispense status reason,6494,PIH,"14656"
Medication dispense status close reason,6495,PIH,"14657"
Medication dispense status pause reason,6488,PIH,"14658"
Order discontinued,6490,PIH,"14659"
Stale-dated order,6489,PIH,"14660"
Incomplete data,6492,PIH,"14661"
Prescription/Request requires clarification,6487,PIH,"14662"
Mother pregnant or currently breastfeeding,6491,PIH,"14663"
Duplicate therapy,6493,PIH,"14664"
Drug off market and not available,6496,PIH,"14665"
Denies HIV+ status,6500,PIH,"14666"
Medications administered to patient's child at his/her delivery,6501,PIH,"14667"
Trauma Screening Questionnaire (TSQ) score,6502,PIH,"14668"
Meningococcal vaccination,6506,PIH,"14669"
Clinical Global Impressions efficacy index of drug effect,6507,PIH,"14670"
Psychomotor development (text),6508,PIH,"14671"
Violence as a child (text),6509,PIH,"14672"
Violence as a adult (text),6511,PIH,"14673"
Victim of gender-based violence in past three months,6512,PIH,"14674"
Gender-based violence in past three months (text),6510,PIH,"14675"
Personal history of seizure disorder,6515,PIH,"14676"
History of substance abuse,6514,PIH,"14677"
Missed dose in past 24 hours,6516,PIH,"14678"
Problem or complication (text),6518,PIH,"14679"
Seizures since last visit (coded),6517,PIH,"14680"
Reason for stopping (text),6520,PIH,"14681"
Amount (text),6521,PIH,"14682"
Frequency (text),6519,PIH,"14683"
Influenza virus vaccine,6522,PIH,"14684"
Not needed,6525,PIH,"14690"
Name of family member,6523,PIH,"14691"
Family involvement,6527,PIH,"14692"
Not available,6526,PIH,"14693"
Medication evaluation due date,6524,PIH,"14694"
Provided medication to family member(s),6528,PIH,"14695"
Current use of condoms,6529,PIH,"14696"
Homelessness status,6530,PIH,"14697"
Sunken eyes,6534,PIH,"14698"
Slow skin turgor,6531,PIH,"14699"
Bronchitis,4929,PIH,"147"
Small infant at less than 2 months old,6532,PIH,"14700"
Shock triage symptom,6536,PIH,"14701"
Dehydration triage symptom,6535,PIH,"14702"
Lethargy,6533,PIH,"14703"
Local contact details set,6538,PIH,"14704"
Lipohypertrophy,6541,PIH,"14705"
Complications at injection site,6543,PIH,"14706"
"Infection following infusion, injection, transfusion and/or vaccination",6542,PIH,"14707"
Number of hypoglycemic episode(s) in the past month,6539,PIH,"14708"
Patient adjusted insulin based on glucometer results,6540,PIH,"14709"
Hematoma,6544,PIH,"14710"
Other complications from diabetes (text),6545,PIH,"14711"
On NSAIDs,6547,PIH,"14712"
On nephrotoxic drugs,6548,PIH,"14713"
Chronic kidney disease (CKD) concept set,6549,PIH,"14714"
Treatment at discharge time (text),6546,PIH,"14715"
Controlled hypertension,6553,PIH,"14716"
Chronic kidney disease followup indicators,6555,PIH,"14717"
Stable creatinine level,6550,PIH,"14718"
Dialysis referral,6552,PIH,"14719"
On dialysis,6554,PIH,"14720"
Glomerulonephritis relapse,6551,PIH,"14721"
Family history of cardiovascular disease,6559,PIH,"14722"
On beta-blockers,6557,PIH,"14723"
Heart failure followup indicators,6558,PIH,"14724"
Heart failure concept set,6560,PIH,"14725"
Thromboembolic disorder,6561,PIH,"14726"
Rheumatic mitral stenosis with regurgitation,6562,PIH,"14727"
Tuberculosis of pericardium,6564,PIH,"14728"
Malignant pericardial effusion,6566,PIH,"14729"
Atrial flutter,6565,PIH,"14730"
Rheumatic aortic stenosis with regurgitation,6563,PIH,"14731"
CKD symptoms construct,6570,PIH,"14732"
Heart failure symptoms construct,6571,PIH,"14733"
Heart decompensation,6569,PIH,"14734"
Jugular venous distension,6567,PIH,"14735"
Hypertensive cardiomyopathy,6568,PIH,"14736"
Low salt adherence diet,6572,PIH,"14737"
Referred for surgical evaluation,6576,PIH,"14738"
Endocarditis prevention therapy,6575,PIH,"14739"
Improvement seen on echocardiogram,6573,PIH,"14740"
Ability to titrate treatment,6574,PIH,"14741"
Congenital heart disease comment,6578,PIH,"14742"
Other heart diagnosis (text),6577,PIH,"14743"
Never been homeless,6579,PIH,"14744"
Hematoma at injection site,6580,PIH,"14745"
Chemotherapy-induced cardiomyopathy,6584,PIH,"14746"
Pericarditis due to human immunodeficiency virus,6586,PIH,"14747"
Viral cardiomyopathy,6581,PIH,"14748"
Mixed mitral valve disease due to rheumatic disease,6585,PIH,"14749"
Mixed mitral and aortic valve disease (MMAVD) due to rheumatic disease,6582,PIH,"14750"
Loud heart murmur,6583,PIH,"14751"
Miscellaneous heart failure diagnoses (coded),6591,PIH,"14752"
Cardiomyopathy due to unknown factors,6587,PIH,"14753"
Other cardiomyopathy (text),6588,PIH,"14754"
Right heart failure due to unknown factor,6589,PIH,"14755"
Other thromboembolic disease(text),6590,PIH,"14756"
Glomerulonephritis,6592,PIH,"14759"
Nephrotic syndrome with lesion of minimal change glomerulonephritis,6594,PIH,"14760"
Chronic kidney insufficiency,6595,PIH,"14761"
Malignant neoplasm of liver,6597,PIH,"14762"
Adverse reaction to non-steroidal anti-inflammatory drug (NSAID),6593,PIH,"14763"
Acute tubular necrosis,6596,PIH,"14764"
Cause of secondary chronic renal failure,6600,PIH,"14765"
Nephrotic syndrome related disease,6599,PIH,"14766"
Nephrotic syndrome related to membraneous glomerulonephritis (GN),6604,PIH,"14767"
Symptom management,6606,PIH,"14768"
Erythrocyte sedimentation rate,3124,PIH,"1477"
Counseling status,6601,PIH,"14770"
Hematologic cancer,6603,PIH,"14771"
Refractory heart failure,6605,PIH,"14772"
Disease requiring palliative care treatment,6602,PIH,"14773"
Palliative treatment at discharge,6772,PIH,"14774"
Short acting morphine,6607,PIH,"14775"
Long acting morphine,6608,PIH,"14776"
Palliative care concept set,6609,PIH,"14777"
Foot examination (text),6612,PIH,"14778"
Foot examination performance status,6611,PIH,"14779"
RPR,2935,PIH,"1478"
Numbness of foot,6610,PIH,"14780"
Referral to surgery for foot care,6614,PIH,"14781"
Diabetic foot improvement since last visit,6613,PIH,"14782"
Patient not available,6615,PIH,"14783"
District county concept,6616,PIH,"14784"
APGAR score at 10 minutes,6617,PIH,"14785"
Payment receipt number,6618,PIH,"14786"
Cyanotic congenital heart disease,6622,PIH,"14787"
Acyanotic congenital heart disease,6623,PIH,"14788"
Foot infection,6641,PIH,"14789"
Liberia urinalysis microscopy,6624,PIH,"14790"
Drugs of abuse panel in urine,6639,PIH,"14791"
Amphetamines screening in urine,6625,PIH,"14792"
Barbituates screening in urine,6635,PIH,"14793"
Benzodiazepines screening in urine,6628,PIH,"14794"
Buprenorphine screening in urine,6633,PIH,"14795"
Cocaine screening in urine,6636,PIH,"14796"
Marijuana screening in urine,6626,PIH,"14797"
Methadone screening in urine,6632,PIH,"14798"
Methaphetamine screening in urine,6629,PIH,"14799"
Methylenedioxy Methamphetamine screening in urine,6634,PIH,"14800"
Opiates screening in urine,6637,PIH,"14801"
Oxycodone screening in urine,6627,PIH,"14802"
Phencyclidine screening in urine,6631,PIH,"14803"
Propoxyphene screening in urine,6630,PIH,"14804"
Tricyclic antidepressants screening in urine,6638,PIH,"14805"
Non-rheumatic heart valve disorder,6645,PIH,"14806"
Rheumatic aortic regurgitation,6643,PIH,"14807"
Rheumatic mitral regurgitation,6642,PIH,"14808"
Rheumatic aortic stenosis,6644,PIH,"14809"
Mitral and aortic valve disease,6640,PIH,"14810"
On spironolactone,6646,PIH,"14811"
Chronic lung disease followup indicators,6647,PIH,"14812"
Renal comment (text),6648,PIH,"14813"
Biopsy construct,6651,PIH,"14814"
Biopsy performed,6650,PIH,"14815"
Palliative care comment (text),6653,PIH,"14816"
Palliative care followup indicators,6652,PIH,"14817"
SL KGH triage internal transfer to location,6656,PIH,"14818"
Operating room,6655,PIH,"14819"
HIV Program,417,PIH,"1482"
Pediatrics emergency,6654,PIH,"14820"
Chronic kidney disease due to hypertension,6666,PIH,"14821"
Mexico prescription construct,7026,PIH,"14822"
Part of day 2,7021,PIH,"14823"
Quantity of medication prescribed per dose 2,7014,PIH,"14824"
"Dosing units 2, coded",7009,PIH,"14825"
Sickle cell followup indicators,6660,PIH,"14826"
Liver followup indicators,6662,PIH,"14827"
Sickle cell concept set,6661,PIH,"14828"
Liver concept set,6663,PIH,"14829"
Aortic insufficiency and aortic stenosis,6667,PIH,"14830"
Mitral stenosis with insufficiency,6664,PIH,"14831"
Hyperglycemia without complications,6665,PIH,"14832"
Employed,6657,PIH,"14833"
Leave of absence,6658,PIH,"14834"
Number of disease exacerbations,6659,PIH,"14835"
Degenerative heart disease,6669,PIH,"14836"
Thoracic outlet syndrome,6671,PIH,"14838"
Complications related to sickle cell disease during hospitalization,6670,PIH,"14839"
Creatinine in urine (random) (mg/dL),6673,PIH,"14840"
Total PSA,6688,PIH,"14841"
Treatment postponed due to non-medical reason,6674,PIH,"14842"
Procalcitonin,6687,PIH,"14843"
Cancer antigen 19-9,6675,PIH,"14844"
Carcinoembryonic antigen,6686,PIH,"14845"
Alpha fetoprotein,6689,PIH,"14846"
Cancer antigen 125,6677,PIH,"14847"
Free PSA,6681,PIH,"14848"
Creatine kinase-myocardial band,6682,PIH,"14849"
Serum lactate (mg/dL),6683,PIH,"14850"
Thyrotropin,6679,PIH,"14851"
Total triiodothyronine (T3),6676,PIH,"14852"
Total thyroxine (T4),6678,PIH,"14853"
Ionized calcium,6684,PIH,"14854"
C-peptide test,6680,PIH,"14855"
Liberia i-STAT CHEM8+ panel,6685,PIH,"14856"
Treatment for sickle cell (coded),6694,PIH,"14857"
Sickle cell symptoms construct,6693,PIH,"14858"
Palliative care signs and symptoms,6691,PIH,"14859"
Liberia lipid panel,6690,PIH,"14860"
Malarial prophylaxis,6692,PIH,"14861"
Guardian understands patient's disease and prognosis,6699,PIH,"14863"
Serum ferritin,6695,PIH,"14864"
Liberia immunoassay lab test,6696,PIH,"14865"
Need for blood transfusion,6698,PIH,"14866"
Complications developed since last visit,6697,PIH,"14867"
Liver palpable,6704,PIH,"14868"
Hydroxyurea indicated,6702,PIH,"14869"
Treatment with hydroxyurea,6701,PIH,"14870"
Complications related to hydroxyurea,6700,PIH,"14871"
Sickle cell complications set,6703,PIH,"14872"
Risk factors for liver disease,6707,PIH,"14873"
Risk factors for Hepatitis B,6708,PIH,"14874"
Liver symptoms construct,6705,PIH,"14875"
Current drug user,6706,PIH,"14880"
Hepatitis B virus e antigen assay,6710,PIH,"14883"
APRI score,6709,PIH,"14884"
Chronic viral Hepatitis B,6716,PIH,"14885"
Drug for hepatitis B (coded),6713,PIH,"14888"
Treatment for Hepatitis B (coded),6711,PIH,"14889"
Hepatitis B treatment set,6715,PIH,"14890"
Adverse event reported,6712,PIH,"14891"
Treatment response,6714,PIH,"14892"
Asymptomatic liver disease,6718,PIH,"14893"
Maternal infection,6724,PIH,"14894"
Sibling infection,6722,PIH,"14895"
Partner infected,6723,PIH,"14896"
History of therapeutic abdominal paracentesis,6717,PIH,"14897"
Hepatocarcinoma due to Hepatitis B,6720,PIH,"14898"
Hepatocarcinoma due to Hepatitis C,6721,PIH,"14899"
Cervicitis,1451,PIH,"149"
Cryptogenic cirrhosis,6719,PIH,"14900"
Liver cirrhosis due to Hepatitis B,6731,PIH,"14901"
Liver cirrhosis due to Hepatitis C,6730,PIH,"14902"
Alcoholic cirrhosis,6735,PIH,"14903"
NCD clinic,6726,PIH,"14904"
TB / HIV clinic,6729,PIH,"14905"
Isolation ward,6728,PIH,"14906"
Surgical outpatient department,6727,PIH,"14907"
Cardiac cirrhosis,6737,PIH,"14908"
Hepatic cirrhosis due to schistosomiasis,6736,PIH,"14909"
Family planning comment,3610,PIH,"1491"
Cirrhosis secondary to non-alcoholic steatohepatitis,6738,PIH,"14910"
Hepatocarcinoma due to unknown cause,6734,PIH,"14911"
"Ultrasound, hepatic",6733,PIH,"14912"
Hepatocarcinoma,6744,PIH,"14913"
Reason for Hepatitis B treatment,6732,PIH,"14914"
Heterogeneous without signs of cirrhosis,6745,PIH,"14915"
Liver cirrhosis with portal hypertension,6743,PIH,"14916"
Liver cirrhosis without portal hypertension,6747,PIH,"14917"
Periportal fibrosis,6746,PIH,"14918"
Hepatitis B DNA quantitative (IU/mL),6742,PIH,"14919"
Traditional ceremony,6739,PIH,"14920"
Hospitalization discharge diagnosis,6740,PIH,"14921"
Other hospitalization discharge diagnosis (text),6741,PIH,"14922"
Sickle cell beta thalassemia,6748,PIH,"14923"
Sickle cell diagnosis (text),6749,PIH,"14924"
Acute on chronic renal failure,6755,PIH,"14946"
Malignant hypertension,6759,PIH,"14947"
Opioid intoxication,6750,PIH,"14948"
Respiratory insufficiency,6761,PIH,"14949"
Acute heart failure,6762,PIH,"14950"
Bone pain,6753,PIH,"14951"
Uraemic encephalopathy,6754,PIH,"14952"
Hyperosmolar hyperglycemic syndrome,6751,PIH,"14953"
Complicated diabetic foot,6763,PIH,"14954"
Amputation for diabetic foot,6760,PIH,"14955"
Cirrhosis of liver with ascites,6757,PIH,"14956"
Sickle-cell vaso-occlusive pain crisis,6752,PIH,"14957"
Decompensated nephrotic syndrome,6756,PIH,"14958"
Uncontrolled cancer pain,6758,PIH,"14959"
Hemorrhagic stroke,6764,PIH,"14960"
Antibiotics,6765,PIH,"14961"
Prophylactic antibiotic,6766,PIH,"14962"
Liver medications,6770,PIH,"14963"
Spironolactone 25mg,6774,PIH,"14965"
Spironolactone 100mg,6773,PIH,"14966"
Kidney medications,6767,PIH,"14967"
Noncommunicable disease,6777,PIH,"14968"
FSH measurement,6781,PIH,"14969"
Anion gap (moles/vol),6778,PIH,"14970"
SL i-STAT CHEM8+ panel,6779,PIH,"14971"
SL i-STAT CG4+ panel,6780,PIH,"14972"
Transfer or referral location (coded),6783,PIH,"14973"
KGH Clinical Services Set,6790,PIH,"14974"
In service,6787,PIH,"14975"
Triage service,6791,PIH,"14976"
Waiting,6788,PIH,"14978"
Normal priority (status),6785,PIH,"14982"
PIH Queue Priority Set,6786,PIH,"14984"
PIH Queue Status Set,6789,PIH,"14985"
New client,6795,PIH,"14986"
Telehealth consultation,6793,PIH,"14987"
Medication renewal,6792,PIH,"14988"
Patient delivered since last visit,6796,PIH,"14990"
CHW (for mental health),6797,PIH,"14991"
Repair existing laceration,6799,PIH,"14992"
Vaginal myomectomy,6802,PIH,"14993"
Excision of vulvar and perineal condyloma,6798,PIH,"14994"
Episiorrhaphy,6804,PIH,"14995"
Laparotomy for ectopic pregnancy,6805,PIH,"14996"
Exploratory laparotomy with drainage of pelvic abcess,6803,PIH,"14997"
Endometrial and parietal excision,6801,PIH,"14998"
Exploratory abdominal laparotomy,6800,PIH,"14999"
Pharyngitis,4177,PIH,"150"
Pregnancy mental health program,6806,PIH,"15000"
NCD condition set,6808,PIH,"15001"
All diagnoses concept superset,6838,PIH,"15002"
Placenta accreta,6840,PIH,"15003"
Placenta increta,6839,PIH,"15004"
Placenta percreta,6841,PIH,"15005"
Normal pregnancy,6842,PIH,"15006"
Previous treatment prophylaxis construct,3683,PIH,"1501"
Primary female infertility,6847,PIH,"15014"
Surgical follow-up care,6849,PIH,"15015"
ASCUS,6851,PIH,"15016"
Ovarian mass,6846,PIH,"15017"
Rhesus isoimmunization affecting pregnancy,6843,PIH,"15018"
Vaginitis due to Gardnerella Vaginalis,6848,PIH,"15019"
Secondary female infertility,6850,PIH,"15020"
Pain in pelvis,6852,PIH,"15021"
Second stage of labor,6853,PIH,"15022"
Chronic nonspecific lung disease,6856,PIH,"15023"
Occupational lung disease,6855,PIH,"15024"
Abnormal placental attachment,6857,PIH,"15026"
Other service referral (text),6858,PIH,"15027"
Anamnios,6860,PIH,"15028"
Chronic hypertension,6859,PIH,"15029"
History of one prior cesarean section,6863,PIH,"15030"
History of two prior cesarean sections,6862,PIH,"15031"
Nonreassuring fetal heart rate pattern,6861,PIH,"15032"
Severe pre-eclampsia (stabilized),6864,PIH,"15033"
Muscle tone and strength,6865,PIH,"15034"
MCCU service,6869,PIH,"15035"
NICU,6868,PIH,"15036"
Loss ward,6872,PIH,"15037"
Post-Op Service,6871,PIH,"15038"
Pre-Op/PACU Service,6870,PIH,"15039"
Waiting for transfer,6867,PIH,"15040"
Restrictive lung disease,6873,PIH,"15041"
SL microbiology blood culture panel,6883,PIH,"15042"
Escherichia coli (organism),6874,PIH,"15043"
SL blood culture organism,6875,PIH,"15044"
Gram-positive cocci in clusters,6879,PIH,"15045"
Gram-positive rods,6880,PIH,"15046"
Gram-negative rods,6877,PIH,"15047"
Gram-positive cocci in chains,6881,PIH,"15048"
Gram-positive cocci in pairs,6878,PIH,"15049"
Gram-negative cocci,6876,PIH,"15050"
Blood culture gram stain,6882,PIH,"15051"
Genitourinary tract infection,6884,PIH,"15052"
Budding yeast (gram stain),6888,PIH,"15053"
Yeast with capsules (gram stain),6885,PIH,"15054"
Gram-negative diplococcus,6886,PIH,"15055"
Gram-negative coccobacillus,6887,PIH,"15056"
Intravascular hemolysis,6891,PIH,"15057"
Systemic infection,6889,PIH,"15058"
Avascular necrosis of bone,6890,PIH,"15059"
Gram-positive diplococcus,6892,PIH,"15060"
Staphylococcus aureus,6897,PIH,"15061"
Salmonella enterica serovar Typhi,6895,PIH,"15062"
Klebsiella pneumoniae,6900,PIH,"15063"
Streptococcus pneumoniae,6894,PIH,"15064"
Non-typhoidal Salmonella (NTS),6898,PIH,"15065"
Coagulase-negative Staphylococcus,6896,PIH,"15066"
Haemophilus influenzae,6893,PIH,"15067"
Pseudomonas aeruginosa,6899,PIH,"15068"
Fetal moulding score,6901,PIH,"15071"
MCOE Triage Queue Status Set,6902,PIH,"15072"
Womens health triage,6905,PIH,"15073"
Ambulance,6903,PIH,"15074"
Neonatal visit,6904,PIH,"15075"
Third stage of labor,6906,PIH,"15076"
First stage of labor,6907,PIH,"15077"
Fourth stage of labor,6908,PIH,"15078"
Stage of labor,6909,PIH,"15079"
Date/time of birth,6912,PIH,"15080"
Date and time of transfer,6911,PIH,"15081"
Abnormal fetal presentation,6914,PIH,"15082"
Post-term infant,6913,PIH,"15083"
Birth trauma,6915,PIH,"15084"
Trauma/injury history comment,6916,PIH,"15085"
Congenital malformation (text),6917,PIH,"15086"
Method of gestational age determination,6918,PIH,"15090"
Malaria in pregnancy,6919,PIH,"15091"
Antepartum rupture of membranes date/time,6920,PIH,"15092"
Administration of prophylactic antibiotics to neonatal eyes,6928,PIH,"15093"
Umbilical cord stump cleaning,6927,PIH,"15094"
Fetal heart rate monitoring method,6926,PIH,"15095"
Pinard stethoscope,6921,PIH,"15096"
Fetal doppler,6923,PIH,"15097"
Moyo fetal heart rate monitor,6925,PIH,"15098"
Janitri fetal monitor,6924,PIH,"15099"
Abdominal pain,1251,PIH,"151"
Continuous cardiotocography monitor (CTG),6922,PIH,"15100"
Face exam findings,6929,PIH,"15101"
Umbilical cord examination findings,6933,PIH,"15102"
Face exam (text),6931,PIH,"15103"
Mouth region exam (text),6930,PIH,"15104"
Umbilical cord exam (text),6932,PIH,"15105"
Danger to harm others,6934,PIH,"15106"
Description of scar,6936,PIH,"15108"
Abdominal scar,6935,PIH,"15109"
Meconium stained amniotic fluid (MSAF) classification,6937,PIH,"15110"
Fetal membranes color,6942,PIH,"15111"
Green-brown color,6940,PIH,"15112"
Induced labor,6938,PIH,"15113"
Method of labor induction,6944,PIH,"15114"
Mechanical induction of labor,6943,PIH,"15115"
Start date/time of labor induction,6939,PIH,"15116"
Hemoglobin electrophoresis by HPLC,6945,PIH,"15117"
Coarctation of aorta,6946,PIH,"15118"
"Meconium stained liquor, Grade I",6947,PIH,"15119"
"Meconium stained liquor, Grade II",6948,PIH,"15120"
"Meconium stained liquor, Grade III",6949,PIH,"15121"
Stool examination (text),6953,PIH,"15122"
Red eyes,6954,PIH,"15123"
HIV Viral Load panel,6952,PIH,"15124"
Neonatal umbilical stump moist,6957,PIH,"15132"
Neonatal umbilical stump clean,6958,PIH,"15133"
Neonatal umbilical stump not healed,6959,PIH,"15134"
Neonatal umbilical stump not clean,6960,PIH,"15135"
Neonatal umbilical stump dry,6961,PIH,"15136"
Neonatal umbilical stump healed,6962,PIH,"15137"
Neonatal umbilical stump status,6963,PIH,"15138"
Abdominal scar indicative of prior caesarean section,6964,PIH,"15140"
Isoelectric focusing (IEF) for hemoglobin variant testing,6971,PIH,"15141"
Gazelle hemoglobin variant test,6973,PIH,"15142"
Method of sickle cell confirmation,6974,PIH,"15143"
HemoTypeSC hemoglobin variant test,6972,PIH,"15144"
Feeding technique for newborn,6969,PIH,"15145"
Cup feeding of infant,6965,PIH,"15146"
Spoon feeding of infant,6968,PIH,"15147"
Tube feeding of infant,6966,PIH,"15148"
Bottle feeding of infant,6967,PIH,"15149"
Administration of oxytocin,6979,PIH,"15150"
Administration of misoprostol,6978,PIH,"15151"
Meconium colored feces,6970,PIH,"15152"
Neonatal conjunctivitis of both eyes,6975,PIH,"15153"
Neonatal conjunctivitis of left eye,6976,PIH,"15154"
Neonatal conjunctivitis of right eye,6977,PIH,"15155"
Liver fibrosis secondary to Schistosoma,6981,PIH,"15156"
Complications related to sickle cell disease,6980,PIH,"15157"
Hospitalization due to DKA in past year,6982,PIH,"15158"
Hospitalization outcome,6986,PIH,"15159"
Number of hospitalizations related to NCDs,6984,PIH,"15160"
Death during hospitalization,6987,PIH,"15161"
Transfusion set for past 12 months,6993,PIH,"15162"
Oral salbutamol,6991,PIH,"15163"
On medical prophylaxis to prevent variceal bleeding,6997,PIH,"15164"
Mechanical valve replacement,6988,PIH,"15165"
Biological valve replacement,6990,PIH,"15166"
Valvuloplasty,6989,PIH,"15167"
On secondary antibiotic prophylaxis,6992,PIH,"15168"
Reason for no hydroxyurea treatment,6996,PIH,"15169"
Complete blood count results not available,6994,PIH,"15170"
No sickle-cell test confirmation,6995,PIH,"15171"
Test result free text,6998,PIH,"15172"
Number of containers,7005,PIH,"15173"
Duration (coded),7010,PIH,"15174"
Newborn internal transfer or referral location,7002,PIH,"15175"
Postnatal with mother,7001,PIH,"15176"
Newborn transfer out locations,7000,PIH,"15177"
Ola During Children’s Hospital,6999,PIH,"15178"
Dysentery,4804,PIH,"152"
"Previous treatment with other medications, non-coded",3359,PIH,"1527"
Medication category,1384,PIH,"1535"
Health care worker,123,PIH,"1538"
Contraceptive use,5576,PIH,"1544"
Extra-pulmonary tuberculosis,3392,PIH,"1547"
In the past,1678,PIH,"1548"
Pulmonary tuberculosis,3391,PIH,"1549"
Epilepsy,502,PIH,"155"
Currently,1677,PIH,"1550"
Smoked since last visit,6196,PIH,"1551"
History of alcohol use,1683,PIH,"1552"
Patient needs tuberculosis treatment,3357,PIH,"1559"
TB symptoms,3422,PIH,"1560"
TB treatment outcome,3718,PIH,"1568"
Child still alive,6224,PIH,"1571"
Refused treatment,1331,PIH,"1574"
On ART,3240,PIH,"1577"
Active not on ARVs,3335,PIH,"1578"
Treatment stopped,561,PIH,"1579"
"Reason order stopped, non-coded",5427,PIH,"1582"
Tuberculosis exposure or diagnosis since last visit,6200,PIH,"1583"
Completed treatment for disease,3424,PIH,"1585"
Previous TB treatment history construct,3314,PIH,"1589"
Previous HIV treatment history construct,3360,PIH,"1590"
Disease of Lung,4684,PIH,"1598"
Diarrhea,236,PIH,"16"
Every day,577,PIH,"1602"
Some days,6817,PIH,"1603"
Other activities before illness,3659,PIH,"1604"
Ability with previous other activities before illness (text),3661,PIH,"1605"
Stretcher,1136,PIH,"1606"
Lymphadenopathy,1513,PIH,"161"
AZT + 3TC + NVP,2295,PIH,"1610"
Previous treatment regimen,3689,PIH,"1611"
AZT + 3TC + EFV,2341,PIH,"1612"
Stavudine / Lamivudine / Efavirenz,2349,PIH,"1613"
Rifampicin + Isoniazid + Ethambutol,2196,PIH,"1614"
Candidiasis of the Esophagus,4702,PIH,"1616"
STAT (immediately),1293,PIH,"1619"
Comments at conclusion of examination,3595,PIH,"1620"
Constipation,264,PIH,"1628"
Tremor,8696,PIH,"1631"
Prevention of maternal to child transmission program,3575,PIH,"1647"
Sexual assault,4192,PIH,"165"
Outpatient consultation,426,PIH,"1651"
Donkey,5828,PIH,"1659"
Dog bite,4836,PIH,"166"
Horse,5824,PIH,"1660"
Ambulatory,2835,PIH,"1664"
Bedridden,3323,PIH,"1665"
Wall material,1093,PIH,"1668"
Sticky,6950,PIH,"1670"
Miner,116,PIH,"1682"
Factory worker,106,PIH,"1683"
Fruit or vegetable vendor,118,PIH,"1684"
Shepherd,119,PIH,"1685"
Brewer,108,PIH,"1686"
Shop owner,112,PIH,"1687"
Highest education level,3377,PIH,"1688"
Reason anti-tuberculosis treatment started,6071,PIH,"1689"
Td booster,171,PIH,"17"
Tertiary school,6291,PIH,"1701"
Heel to ear score,8419,PIH,"170683"
Plantar surface score,8431,PIH,"170687"
Reason for no ARVs (text),3316,PIH,"1709"
Fungal Infection,1482,PIH,"171"
Treatment stopped - side effects,5521,PIH,"1713"
Patient completed treatment,184,PIH,"1714"
Hospitalized since last visit,481,PIH,"1715"
Diagnosis while hospitalized (coded),6621,PIH,"1716"
Levonorgestrel,44,PIH,"1718"
Tubal ligation,45,PIH,"1719"
Gastritis,4736,PIH,"172"
Abstinence,54,PIH,"1720"
Vasectomy,46,PIH,"1721"
Deteriorated,3499,PIH,"1723"
"Adverse effect, non-coded",5994,PIH,"1729"
Comorbidity comment (text),7003,PIH,"1731"
Symptom absent,5396,PIH,"1734"
Symptom presence unknown,5397,PIH,"1735"
Symptom comment,5395,PIH,"1736"
Number of ARV medication doses missed in last month,3607,PIH,"1738"
Sexually transmitted infection,1727,PIH,"174"
Community-based organization,6301,PIH,"1741"
Patient died,176,PIH,"1742"
Defaulted,1326,PIH,"1743"
Patient transferred out,185,PIH,"1744"
Patient cured,1336,PIH,"1746"
Patient pregnant,383,PIH,"1755"
Drug not available - out of stock,1333,PIH,"1761"
Health condition improved,932,PIH,"1768"
Fracture,4790,PIH,"177"
Ebola concept set,6809,PIH,"1785"
STI service,3505,PIH,"1786"
Self-refer,602,PIH,"1791"
Shoulder dislocation,4206,PIH,"180"
Continuation phase,3366,PIH,"1804"
Contaminated needle stick,3289,PIH,"181"
Reason order stopped,1338,PIH,"1812"
Date of death,956,PIH,"1815"
Genital discharge,1633,PIH,"1816"
Nutritional marasmus,4815,PIH,"1818"
Kwashiorkor,4822,PIH,"1819"
Guardian relationship to child,24,PIH,"1826"
HIV test date,3612,PIH,"1837"
Nutrition program,3949,PIH,"1845"
Food package,1102,PIH,"1847"
Cholecystitis,5355,PIH,"185"
Miscarried,3942,PIH,"1852"
Ability to perform main daily activities (coded),639,PIH,"1863"
Mobile clinic,6208,PIH,"1877"
Good,670,PIH,"1897"
Fair,664,PIH,"1898"
Poor,665,PIH,"1899"
Condoms,51,PIH,"190"
Moderate,669,PIH,"1900"
Mild,666,PIH,"1901"
Severe,668,PIH,"1903"
Very severe,7857,PIH,"1904"
Not at all,578,PIH,"1905"
No partner,3491,PIH,"1914"
Bronchopneumonia,4264,PIH,"193"
Gastroenteritis,4169,PIH,"197"
Cholera,4757,PIH,"198"
Helminthiasis,4773,PIH,"199"
Number of hospitalizations for DKA in past 12 months,7224,PIH,"20000"
Diabetes ketoacidosis (DKA) requires hospitalization,7223,PIH,"20001"
Reason not on ACE inhibitors (text),7222,PIH,"20002"
Blood pressure indicates hospitalization,7221,PIH,"20003"
Unknown heart failure without echocardiogram,7220,PIH,"20004"
Hepatitis C RNA quantitative (IU/mL),7219,PIH,"20005"
Avascular necrosis of the head of femur,7218,PIH,"20006"
Hepatitis B core antibody test,7217,PIH,"20007"
Respiratory decompensation,7230,PIH,"20008"
Asymptomatic sickle cell,7229,PIH,"20010"
Pancytopenia,7228,PIH,"20011"
Complication related to hydroxyurea (coded),7227,PIH,"20012"
Elevated ALT/AST,7226,PIH,"20013"
Elevated creatinine,7225,PIH,"20014"
Chronic hepatitis C with HIV infection,7232,PIH,"20015"
Viral load not available during pregnancy,7231,PIH,"20016"
Underweight,7236,PIH,"20017"
APRI score over 1.5 or ultrasound indicates cirrhosis,7235,PIH,"20018"
Hepatitis B DNA (Viral Load) above 2000 and ALT 1.5x above upper limit,7234,PIH,"20019"
Hepatitis B DNA (Viral Load) above 2000 or HbeAg positive during pregnancy,7233,PIH,"20020"
No duration,7249,PIH,"20021"
Without suspending,7248,PIH,"20022"
Blurred vision,7247,PIH,"20023"
Spotting complicating pregnancy,7242,PIH,"20024"
Imminent vaginal delivery,7246,PIH,"20025"
Severe abdominal pain,7245,PIH,"20026"
Skipped heart beats,7243,PIH,"20027"
Fetal movements present,7244,PIH,"20028"
No fetal movements,7241,PIH,"20029"
Airway exam findings,7240,PIH,"20030"
MCH triage symptom set,7238,PIH,"20031"
Patent airway,7239,PIH,"20032"
Fetus exam findings,7237,PIH,"20033"
Rh factor,7257,PIH,"20034"
Blood group AB,7253,PIH,"20035"
Blood group cell type,7256,PIH,"20036"
Blood group O,7252,PIH,"20037"
Blood group A,7255,PIH,"20038"
Blood group B,7254,PIH,"20039"
Type of instrument assistance,7251,PIH,"20040"
D-dimer (ng/mL),7250,PIH,"20041"
Bleeding time (seconds),7262,PIH,"20042"
Coagulation time (sec),7261,PIH,"20043"
Creatine kinase,7260,PIH,"20044"
"Gamma glutamyl transpeptidase, serum",7259,PIH,"20045"
Serum globulin (mg/dL),7258,PIH,"20046"
Human chorionic gonadotropin (b-hCG) (numeric),7265,PIH,"20047"
Hepatitis B viral load construct,7264,PIH,"20048"
Hepatitis B DNA qualitative,7263,PIH,"20049"
Spontaneous rupture of membranes,7269,PIH,"20050"
Spontaneous rupture of membranes over day ago,7268,PIH,"20051"
Troponin I rapid test,7266,PIH,"20052"
Troponin T rapid test,7267,PIH,"20054"
Hematology (text),7280,PIH,"20055"
Biochemistry (text),7279,PIH,"20056"
Infectious disease (text),7278,PIH,"20057"
Urinalysis (text),7277,PIH,"20058"
Microbiology (text),7276,PIH,"20059"
Parasitology (text),7275,PIH,"20060"
Lab category comment set,7274,PIH,"20061"
Hepatitis C viral load construct,7273,PIH,"20062"
Hepatitis C RNA qualitative,7272,PIH,"20063"
Hepatitis B virus e antibody,7271,PIH,"20064"
Hepatitis B virus surface antibody,7270,PIH,"20065"
Diastolic 2,7282,PIH,"20066"
Systolic 2,7281,PIH,"20067"
History of spontaneous abortion,7285,PIH,"20068"
"Birth weight of immediate previous delivery, qualitative",7284,PIH,"20069"
"Birth weight of previous deliveries, qualitative",7283,PIH,"20072"
Administration of ferrous sulphate and folic acid,7287,PIH,"20073"
Intermittent preventive treatment in pregnancy with sulphadoxine-pyrimethamine,7286,PIH,"20074"
SL Hepatitis B panel,7288,PIH,"20075"
Automated RPR (syphilis),7300,PIH,"20076"
Salmonella typhi O antibody titer,7299,PIH,"20077"
Salmonella typhi H antibody titer,7298,PIH,"20078"
Plasmodium species seen on smear,7297,PIH,"20079"
Malaria smear impression,7296,PIH,"20080"
Malaria smear density,7295,PIH,"20081"
Positive for Plasmodium malariae,7294,PIH,"20082"
Positive for Plasmodium ovale,7293,PIH,"20083"
Trophozoite,7292,PIH,"20084"
Plasmodium form seen on smear,7291,PIH,"20085"
Gametocyte of Plasmodium,7290,PIH,"20086"
Schizont of Plasmodium,7289,PIH,"20087"
Trophozoite of Plasmodium,7301,PIH,"20088"
Reason for visit (text),7317,PIH,"20089"
Preventing Mother to Child Transmission Visit,7306,PIH,"20090"
Tuberculosis Visit,7307,PIH,"20091"
Antenatal Visit,7311,PIH,"20092"
Kaposi Sarcoma Visit,7308,PIH,"20093"
Return visit type,7303,PIH,"20094"
"Follow-up visit, regular",7305,PIH,"20095"
Antiretroviral Treatment Visit,7304,PIH,"20096"
Pre-ART Visit,7309,PIH,"20097"
Early Infant Diagnosis Visit,7316,PIH,"20098"
Pharmacy Visit,7312,PIH,"20099"
Acute Appendicitis,4760,PIH,"201"
Sometimes,3516,PIH,"2010"
Emergency Visit,7310,PIH,"20100"
Results of poor adherence (text),7315,PIH,"20101"
Accept restart of HIV treatment,7314,PIH,"20102"
Review of socio-economic assistance,7313,PIH,"20103"
Reason for return visit,7302,PIH,"20105"
History of kush use,7324,PIH,"20106"
History of tramadol use,7323,PIH,"20107"
Malaria smear panel,7320,PIH,"20108"
Duration of kush use (in years),7322,PIH,"20109"
Duration of tramadol use (in years),7321,PIH,"20110"
Total triiodothyronine (T3) (ng/dL),7319,PIH,"20111"
Total thyroxine (T4) (ug/dL),7318,PIH,"20112"
Start datetime of second labor stage,7327,PIH,"20113"
Duration time of first stage labor (hours),7326,PIH,"20114"
Duration time of first stage labor (minutes),7325,PIH,"20115"
Duration time of second stage labor (hours),7331,PIH,"20116"
Duration time of second stage labor (minutes),7330,PIH,"20117"
Type of birth attendant,7329,PIH,"20118"
Type of birth attendant (text),7328,PIH,"20119"
Rarely,2941,PIH,"2012"
Number of surgical sutures,7334,PIH,"20121"
Placenta weight (g),7333,PIH,"20122"
Count of Acid-fast bacillus (AFB) in sputum,7332,PIH,"20123"
Duration time of third stage (hours),7342,PIH,"20124"
Duration time of third stage (minutes),7341,PIH,"20125"
Name of suturing person,7340,PIH,"20126"
Name of person removing sutures,7339,PIH,"20127"
Perineum comments,7338,PIH,"20128"
Umbilical cord length (cm),7337,PIH,"20129"
Estimated blood loss before delivery (mL),7336,PIH,"20130"
Estimated blood loss after delivery (mL),7335,PIH,"20131"
Telmisartan,7346,PIH,"20132"
Hydrochlorothiazide / Telmisartan,1843,PIH,"20133"
Labor time set,7345,PIH,"20134"
Episode start date/time,7344,PIH,"20135"
Episode end date/time,7343,PIH,"20136"
Number of days since birth,7349,PIH,"20137"
Leg pain,7348,PIH,"20138"
Bowel movements status,7347,PIH,"20139"
Readmission,7350,PIH,"20140"
Other casts urine test (text),7356,PIH,"20141"
Mucus in urine (microscopy),7355,PIH,"20142"
Magnesium phosphate crystals in urine,7354,PIH,"20143"
Other crystals in urine (text),7353,PIH,"20144"
Calcium oxalate crystals in urine microscopy,7352,PIH,"20145"
Uric acid crystals in urine microscopy,7351,PIH,"20146"
Slightly cloudy urine,7357,PIH,"20147"
Yellow orange,7359,PIH,"20148"
Myomectomy,7358,PIH,"20149"
Patient exists in EMR,7360,PIH,"20150"
Number of condoms,7361,PIH,"20151"
Placenta exam (text),7362,PIH,"20152"
Bag valve mask ventilation,7365,PIH,"20153"
Endotracheal intubation,7364,PIH,"20154"
Cardiopulmonary resuscitation (CPR),7363,PIH,"20155"
SECHN midwife,7368,PIH,"20156"
RN midwife,7367,PIH,"20157"
Emergency surgical officer,7366,PIH,"20158"
Maternal postpartum complication from most recent pregnancy,7370,PIH,"20159"
Counseling on postpartum danger signs,7369,PIH,"20160"
Rheumatic Disease of Aortic Valve,7377,PIH,"20161"
Trichomonas vaginalis,7376,PIH,"20162"
Other congenital heart disease,7374,PIH,"20164"
Unknown congenital heart disease,7375,PIH,"20165"
Rheumatic isolated disease of aortic valve,7373,PIH,"20166"
Other rheumatic heart disease,7372,PIH,"20167"
Unknown rheumatic heart disease,7371,PIH,"20168"
Arrhythmia-induced cardiomyopathy,7378,PIH,"20169"
Mild intellectual disability,7406,PIH,"20170"
Neurodevelopmental disorders,7405,PIH,"20171"
Moderate intellectual disability,7404,PIH,"20172"
Severe intellectual disability,7403,PIH,"20173"
Profound intellectual disability,7402,PIH,"20174"
Social (pragmatic) communication disorder,7401,PIH,"20175"
Communication disorder unspecified,7400,PIH,"20176"
Chronic motor or vocal tic disorder,7399,PIH,"20177"
Specific reading disorder,7398,PIH,"20178"
Developmental arithmetic disorder,7397,PIH,"20179"
Developmental expressive writing disorder,7396,PIH,"20180"
Developmental disabilities,7395,PIH,"20181"
Other specified neurodevelopmental disorders,7394,PIH,"20182"
Postpartum mental disorders of mother,7393,PIH,"20183"
Postpartum eclampsia,7392,PIH,"20184"
Postpartum malaria,7391,PIH,"20185"
Postpartum mental disorder,7390,PIH,"20186"
Postpartum depression,7389,PIH,"20187"
Schizotypal personality disorder,7388,PIH,"20188"
Brief psychotic disorder,7387,PIH,"20189"
Catatonia with mental disorder,7386,PIH,"20190"
"Schizoaffective disorder, bipolar",7385,PIH,"20191"
"Schizoaffective disorder, depressive",7384,PIH,"20192"
Drug or other substance-induced psychotic disorder,7383,PIH,"20193"
Psychotic disorder due to medical condition with hallucinations,7382,PIH,"20194"
Psychotic disorder due to medical condition with delusions,7381,PIH,"20195"
Other specified schizophrenia spectrum or specified psychotic disorder,7380,PIH,"20196"
Schizophrenia spectrum disorder or psychotic disorder,7379,PIH,"20197"
Absconded,7423,PIH,"20198"
"Bipolar I disorder, most recent episode (or current) manic, mild",7416,PIH,"20199"
Rheumatoid arthritis,4240,PIH,"202"
"Bipolar I disorder, most recent episode (or current) manic, moderate",7415,PIH,"20200"
"Bipolar I disorder, most recent episode (or current) manic, severe",7414,PIH,"20201"
Bipolar I disorder with psychotic features and manic episode,7413,PIH,"20202"
"Mild bipolar I disorder, most recent episode (or current) depressed",7412,PIH,"20203"
Severe depressed bipolar I disorder without psychotic features,7422,PIH,"20204"
"Bipolar I disorder, most recent episode (or current) depressed, severe, specified as with psychotic behavior",7409,PIH,"20205"
Bipolar II disorder,7408,PIH,"20206"
Cyclothymic disorder,7417,PIH,"20207"
Bipolar disorder caused by a medical condition with manic features,7419,PIH,"20208"
Bipolar disorder caused by medical condition with mixed features,7420,PIH,"20209"
Drug-induced mood disorder,7421,PIH,"20210"
Bipolar disorder with manic or hypomanic features caused by general medical condition,7418,PIH,"20211"
"Moderate bipolar I disorder, most recent episode (or current) depressed",7411,PIH,"20212"
Severe depressed bipolar I disorder,7410,PIH,"20213"
Other specified bipolar disorder,7407,PIH,"20214"
Psychological and mental health diagnoses set of sets,7460,PIH,"20215"
Schizophrenia spectrum and other psychotic disorders,7458,PIH,"20216"
Bipolar and related disorders,7456,PIH,"20217"
Depressive disorders,7454,PIH,"20218"
Anxiety disorders,7451,PIH,"20219"
Obsessive-compulsive disorders,7449,PIH,"20220"
Disorders related to trauma or stress factors,7447,PIH,"20221"
Dissociative disorders,7444,PIH,"20222"
Somatic symptom and related disorders (SSDs),7443,PIH,"20223"
Eating disorders,7442,PIH,"20224"
Elimination disorders,7459,PIH,"20225"
Sleep-wake schedule disorders,7457,PIH,"20226"
Sexual dysfunctions,7455,PIH,"20227"
Gender dysphorias,7453,PIH,"20228"
"Disruptive, impulse control and behavior disorders",7452,PIH,"20229"
Substance abuse and addictive disorders,7450,PIH,"20230"
Neurocognitive disorders,7448,PIH,"20231"
Personality disorders,7446,PIH,"20232"
Paraphiliac disorders,7445,PIH,"20233"
Dysthymic disorder,7430,PIH,"20234"
Premenstrual dysphoric disorder,7431,PIH,"20235"
"Mild major depression, single episode",7432,PIH,"20236"
"Moderate major depression, single episode",7433,PIH,"20237"
"Major depressive disorder, single episode, severe with psychotic features",7434,PIH,"20238"
Disruptive behavior disorder,7435,PIH,"20239"
Recurrent major depressive episodes,7437,PIH,"20240"
"Recurrent major depressive episodes, mild",7438,PIH,"20241"
Severe recurrent major depression,7439,PIH,"20242"
Mixed anxiety and depressive disorder,7440,PIH,"20243"
"Major depressive disorder, single episode with atypical features",7441,PIH,"20244"
"Recurrent major depressive episodes, moderate",7436,PIH,"20245"
"Severe major depression, single episode, without psychotic features",7429,PIH,"20246"
Drug-induced depressive state,7428,PIH,"20247"
Other specified depressive disorder,7427,PIH,"20248"
Other unspecified depressive disorder,7426,PIH,"20249"
"Recurrent major depressive disorder, severe with psychotic features",7425,PIH,"20250"
Depressive disorder due to medical condition with depressive features,7424,PIH,"20251"
Outborn unit (NICU),7473,PIH,"20252"
Body temperature above normal,7471,PIH,"20253"
Decreased body temperature,7472,PIH,"20254"
Unable to drink or breastfeed,7470,PIH,"20255"
Cold hands and feet,7469,PIH,"20256"
Delivered at home,7468,PIH,"20257"
En route to health facility,7467,PIH,"20259"
Location of birth,7466,PIH,"20260"
Caput Succedaneum,7465,PIH,"20261"
TB exposure,7464,PIH,"20262"
Illness of mother,7463,PIH,"20263"
Failure to pass meconium,7462,PIH,"20264"
Infant of a diabetic mother,7461,PIH,"20265"
Datetime of urination,7475,PIH,"20266"
"Datetime of feces, defecation, stool, or meconium",7474,PIH,"20267"
Phobic anxiety disorder of childhood,7492,PIH,"20268"
Anxiety disorder in conditions classified elsewhere,7485,PIH,"20269"
Needle phobia,7486,PIH,"20270"
Agoraphobia,7487,PIH,"20271"
Social phobia,7488,PIH,"20272"
Separation anxiety disorder of childhood,7491,PIH,"20273"
Anxiety disorder due to a general medical condition,7477,PIH,"20274"
Elective mutism,7490,PIH,"20275"
Separation anxiety disorder,7489,PIH,"20280"
Other specific phobia,7484,PIH,"20281"
Zoophobia,7483,PIH,"20282"
Phobia of the natural environment,7482,PIH,"20283"
Fear of blood,7481,PIH,"20284"
Fear of an accident,7480,PIH,"20285"
Situational phobia,7479,PIH,"20286"
Fear of medical care,7478,PIH,"20287"
Drug-induced anxiety disorder,7476,PIH,"20288"
Datetime of intravenous placement,7495,PIH,"20289"
Number of days with intravenous,7494,PIH,"20290"
Number of days with respiratory support,7493,PIH,"20291"
Surgery recommended,7497,PIH,"20292"
Child's nutritional status,7496,PIH,"20293"
Trichotillomania,7504,PIH,"20294"
Body dysmorphic disorder,7503,PIH,"20295"
Hoarding disorder,7502,PIH,"20296"
Obsessive-compulsive disorder caused by drug use,7501,PIH,"20297"
Obsessive-compulsive disorder caused by medical condition,7500,PIH,"20298"
Other obsessive-compulsive disorder specified,7499,PIH,"20299"
Other unspecified obsessive-compulsive disorder,7498,PIH,"20300"
Reactive attachment disorder of infancy or early childhood,7525,PIH,"20301"
Disinhibited attachment disorder of childhood,7526,PIH,"20302"
Other specified trauma and stress disorders,7524,PIH,"20303"
Other unspecified trauma and stress disorders,7523,PIH,"20304"
Depersonalization disorder,7521,PIH,"20305"
Psychogenic amnesia,7522,PIH,"20306"
Other specified neurotic disorders,7520,PIH,"20307"
Drug rehabilitation program,7519,PIH,"20308"
Member of support group,7518,PIH,"20309"
Bulimia nervosa,7510,PIH,"20310"
Factitious illness,7517,PIH,"20311"
Rumination disorder,7511,PIH,"20312"
Undifferentiated somatoform disorder,7512,PIH,"20313"
Hypochondriasis,7513,PIH,"20314"
Pica,7514,PIH,"20315"
"Anorexia nervosa, restricting type",7515,PIH,"20316"
Psychological factors affecting medical condition,7516,PIH,"20317"
Other specified eating disorder,7509,PIH,"20318"
Anorexia nervosa,7508,PIH,"20319"
Enuresis,7507,PIH,"20320"
Encopresis,7506,PIH,"20321"
Fecal Incontinence,7505,PIH,"20322"
Failure to cry at birth,7532,PIH,"20323"
Lumley Children’s Hospital,7531,PIH,"20324"
Inborn unit (NICU),7529,PIH,"20326"
Stepdown unit,7528,PIH,"20327"
Toxin (text),7527,PIH,"20328"
Recommended,7534,PIH,"20329"
Minor surgery,7533,PIH,"20330"
Parasomnia,7552,PIH,"20331"
Sleep disordered breathing,7553,PIH,"20332"
Narcolepsy,7554,PIH,"20333"
Hypersomnia,7555,PIH,"20334"
Other sleep disturbances,7551,PIH,"20335"
Pyromania,7546,PIH,"20336"
Intermittent explosive disorder,7549,PIH,"20337"
Oppositional defiant disorder,7550,PIH,"20338"
Conduct disorder of unspecified onset,7548,PIH,"20339"
Kleptomania,7545,PIH,"20340"
Antisocial personality disorder,7547,PIH,"20341"
"Conduct disorder, undifferentiated type",7544,PIH,"20342"
Female sexual arousal disorder,7539,PIH,"20343"
Disorder of female genital organs,7541,PIH,"20344"
Hypoactive sexual desire disorder,7542,PIH,"20345"
Premature ejaculation,7543,PIH,"20346"
Inhibited female orgasm,7540,PIH,"20347"
Dyspareunia,7538,PIH,"20348"
Delayed ejaculation,7537,PIH,"20349"
Erection disorder,7536,PIH,"20350"
Drug-induced sexual dysfunction,7535,PIH,"20351"
Gender identity disorder of adulthood,7556,PIH,"20352"
Gender identity disorder of childhood,7558,PIH,"20353"
Gender identity disorder,7559,PIH,"20354"
Gender identity disorder of adolescence,7557,PIH,"20355"
Very poor,7567,PIH,"20356"
CPAP machine pressure,7566,PIH,"20357"
Private health care clinic/facility,7565,PIH,"20358"
Twins,7564,PIH,"20359"
Singleton,7562,PIH,"20360"
Triplets,7561,PIH,"20361"
Quantitative outcome of delivery,7563,PIH,"20362"
Mother alive,7560,PIH,"20363"
Whiff test,7593,PIH,"20364"
Psychosis due to substance diagnoses,7592,PIH,"20365"
Psychosis caused by cannabis with mild disorder of cannabis use,7590,PIH,"20366"
Psychosis caused by cannabis with moderate or severe disorder of cannabis use,7588,PIH,"20367"
Psychotic disorder caused by cannabis but without current cannabis use,7585,PIH,"20368"
Psychosis caused by cocaine with mild disorder of cocaine use,7583,PIH,"20369"
Psychosis caused by cocaine with moderate or severe disorder of cocaine use,7581,PIH,"20370"
Psychotic disorder caused by cocaine but without current cocaine use,7579,PIH,"20371"
Psychosis caused by hallucinogen with mild disorder of hallucinogen use,7577,PIH,"20372"
Psychosis caused by hallucinogen with moderate or severe disorder of hallucinogen use,7574,PIH,"20373"
Psychotic disorder caused by hallucinogen but without current hallucinogen use,7572,PIH,"20374"
Psychosis caused by phencyclidine with mild disorder of phencyclidine use,7568,PIH,"20375"
Psychosis caused by phencyclidine with moderate or severe disorder of phencyclidine use,7570,PIH,"20376"
Psychosis caused by phencyclidine but without current phencyclidine use,7569,PIH,"20377"
Psychosis caused by antidepressant or antianxiety drugs with mild disorder of antidepressant or antianxiety drug use,7591,PIH,"20378"
Psychosis caused by antidepressant or antianxiety drugs with moderate or severe disorder of antidepressant or antianxiety drug use,7589,PIH,"20379"
Psychosis caused by antidepressant or antianxiety drugs but without current antidepressant or antianxiety drug use,7587,PIH,"20380"
Psychosis caused by other substance with mild disorder of other substance use,7586,PIH,"20381"
Psychosis caused by other substance with moderate or severe disorder of other substance use,7584,PIH,"20382"
Psychosis caused by other substance but without current other substance use,7582,PIH,"20383"
Psychosis caused by inhalant with mild disorder of inhalant use,7580,PIH,"20384"
Psychosis caused by inhalant with moderate or severe disorder of inhalant use,7578,PIH,"20385"
Psychosis caused by inhalant but without current inhalant use,7576,PIH,"20386"
Psychosis caused by alcohol with mild disorder of alcohol use,7575,PIH,"20387"
Psychosis caused by alcohol with moderate or severe disorder of alcohol use,7573,PIH,"20388"
Psychotic disorder caused by alcohol but without current alcohol use,7571,PIH,"20389"
Bipolar due to substance diagnoses,7647,PIH,"20390"
Depression due to substance diagnoses,7646,PIH,"20391"
Organic mental disorder,7645,PIH,"20392"
Paraphilia,7644,PIH,"20393"
Frotteurism,7641,PIH,"20394"
Transvestism,7636,PIH,"20395"
Exhibitionism,7642,PIH,"20396"
Sexual masochism,7640,PIH,"20397"
Voyeurism,7643,PIH,"20398"
Fetishism,7637,PIH,"20399"
Candidiasis,1635,PIH,"204"
Sexual sadism,7639,PIH,"20400"
Pedophilia,7638,PIH,"20401"
Bipolar disorder caused by cocaine with mild disorder of cocaine use,7611,PIH,"20402"
Bipolar disorder caused by cocaine with moderate or severe disorder of cocaine use,7609,PIH,"20403"
Bipolar disorder caused by cocaine but without current cocaine use,7607,PIH,"20404"
Bipolar disorder caused by hallucinogen with mild disorder of hallucinogen use,7605,PIH,"20405"
Bipolar disorder caused by hallucinogen with moderate or severe disorder of hallucinogen use,7603,PIH,"20406"
Bipolar disorder caused by hallucinogen but without current hallucinogen use,7601,PIH,"20407"
Bipolar disorder caused by phencyclidine with mild disorder of phencyclidine use,7599,PIH,"20408"
Bipolar disorder caused by phencyclidine with moderate or severe disorder of phencyclidine use,7597,PIH,"20409"
Bipolar disorder caused by phencyclidine but without current phencyclidine use,7595,PIH,"20410"
Bipolar disorder caused by antidepressant or antianxiety drugs with mild disorder of antidepressant or antianxiety drug use,7610,PIH,"20411"
Bipolar disorder caused by antidepressant or antianxiety drugs with moderate or severe disorder of antidepressant or antianxiety drug use,7608,PIH,"20412"
Bipolar disorder caused by antidepressant or antianxiety drugs but without current antidepressant or antianxiety drug use,7606,PIH,"20413"
Bipolar disorder caused by other substance with mild disorder of other substance use,7604,PIH,"20414"
Bipolar disorder caused by other substance with moderate or severe disorder of other substance use,7602,PIH,"20415"
Bipolar disorder caused by other substance but without current other substance use,7600,PIH,"20416"
Bipolar disorder caused by alcohol with mild disorder of alcohol use,7598,PIH,"20417"
Bipolar disorder caused by alcohol with moderate or severe disorder of alcohol use,7596,PIH,"20418"
Bipolar disorder caused by alcohol but without current alcohol use,7594,PIH,"20419"
Depression caused by cocaine with mild disorder of cocaine use,7635,PIH,"20420"
Depression caused by cocaine with moderate or severe disorder of cocaine use,7633,PIH,"20421"
Depression caused by cocaine but without current cocaine use,7631,PIH,"20422"
Depression caused by hallucinogen with mild disorder of hallucinogen use,7629,PIH,"20423"
Depression caused by hallucinogen with moderate or severe disorder of hallucinogen use,7627,PIH,"20424"
Depression caused by hallucinogen but without current hallucinogen use,7625,PIH,"20425"
Depression caused by opiate with mild disorder of opiate use,7623,PIH,"20426"
Depression caused by opiate with moderate or severe disorder of opiate use,7621,PIH,"20427"
Depression caused by opiate but without current opiate use,7620,PIH,"20428"
Depression caused by phencyclidine with mild disorder of phencyclidine use,7618,PIH,"20429"
Depression caused by phencyclidine with moderate or severe disorder of phencyclidine use,7616,PIH,"20430"
Depression caused by phencyclidine but without current phencyclidine use,7614,PIH,"20431"
Depression caused by antidepressant or antianxiety drugs with mild disorder of antidepressant or antianxiety drug use,7634,PIH,"20432"
Depression caused by antidepressant or antianxiety drugs with moderate or severe disorder of antidepressant or antianxiety drug use,7632,PIH,"20433"
Depression caused by antidepressant or antianxiety drugs but without current antidepressant or antianxiety drug use,7630,PIH,"20434"
Depression caused by other substance with mild disorder of other substance use,7628,PIH,"20435"
Depression caused by other substance with moderate or severe disorder of other substance use,7626,PIH,"20436"
Depression caused by other substance but without current other substance use,7624,PIH,"20437"
Depression caused by inhalant with mild disorder of inhalant use,7622,PIH,"20438"
Depression caused by inhalant with moderate or severe disorder of inhalant use,7619,PIH,"20439"
Depression caused by inhalant but without current inhalant use,7617,PIH,"20440"
Depression caused by alcohol with mild disorder of alcohol use,7615,PIH,"20441"
Depression caused by alcohol with moderate or severe disorder of alcohol use,7613,PIH,"20442"
Depression caused by alcohol but without current alcohol use,7612,PIH,"20443"
Neurocognitive disorder,7654,PIH,"20444"
Mild neurocognitive disorder,7653,PIH,"20445"
Huntington's chorea,7652,PIH,"20446"
Major neurocognitive disorder without behavior changes caused by Huntington's disease,7648,PIH,"20447"
Major Neurocognitive Disorder with behavior changes caused by Huntington's disease,7651,PIH,"20448"
Major Neurocognitive Disorder without behavior changes caused by traumatic brain injury,7650,PIH,"20449"
Major neurocognitive disorder with behavior changes caused by traumatic brain injury,7649,PIH,"20450"
Forearm,7663,PIH,"20451"
Scalp,7662,PIH,"20452"
Hand,7661,PIH,"20453"
Foot,7660,PIH,"20454"
Upper arm,7659,PIH,"20455"
Upper extremities,7658,PIH,"20456"
Duration time of labor (hours),7657,PIH,"20457"
Duration time of labor (minutes),7656,PIH,"20458"
Male erectile disorder,7655,PIH,"20459"
Apnea duration,7668,PIH,"20460"
Blood transfusion reaction,7667,PIH,"20461"
Neonatal exchange transfusion,7666,PIH,"20462"
Simple blood transfusion,7665,PIH,"20463"
Type of blood transfusion,7664,PIH,"20464"
"1 part RL to 4 parts D10%",7669,PIH,"20465"
"75mL D5% + 5mL D50% + 20mL NS + 1mL calcium gluconate",7670,PIH,"20466"
Rifapentine,7681,PIH,"20467"
Rifapentine + Isoniazid,7680,PIH,"20468"
Organic personality disorder,7679,PIH,"20469"
Dependent personality disorder,7673,PIH,"20470"
Paranoid personality disorder,7671,PIH,"20471"
Schizoid personality disorder,7672,PIH,"20472"
Avoidant personality disorder,7674,PIH,"20473"
Obsessive-compulsive personality disorder,7675,PIH,"20474"
Histrionic personality disorder,7676,PIH,"20475"
Narcissistic personality disorder,7677,PIH,"20476"
Borderline personality disorder,7678,PIH,"20477"
Benzocaine,7687,PIH,"20478"
Biperiden lactate,7686,PIH,"20479"
Biperiden hydrochloride,7685,PIH,"20480"
Fluorometholone,1913,PIH,"20481"
Pediatric nutritional supplement,7684,PIH,"20482"
Ponatinib,7683,PIH,"20483"
Rocuronium bromide,7682,PIH,"20484"
Lorazepam,1808,PIH,"20485"
Biperiden,1832,PIH,"20486"
Antenatal,7688,PIH,"20487"
Pregnancy program outcome,7692,PIH,"20489"
Patient delivered,7691,PIH,"20490"
Infant program outcome,7690,PIH,"20491"
Patient aged out,7689,PIH,"20492"
Compulsive gambling,7731,PIH,"20493"
Dissociative motor disorder,7730,PIH,"20494"
Umbilical cord examination findings,6933,PIH,"20495"
Mild alcohol use disorder,7729,PIH,"20496"
Moderate alcohol use disorder,7727,PIH,"20497"
Severe alcohol use disorder,7725,PIH,"20498"
Caffeine use disorder,7723,PIH,"20499"
Moderate cannabis use disorder,7722,PIH,"20500"
Severe cannabis use disorder,7720,PIH,"20501"
Mild hallucinogen use disorder,7718,PIH,"20502"
Moderate hallucinogen use disorder,7716,PIH,"20503"
Severe hallucinogen use disorder,7714,PIH,"20504"
Mild inhalant use disorder,7712,PIH,"20505"
Moderate inhalant use disorder,7710,PIH,"20506"
Severe inhalant use disorder,7708,PIH,"20507"
Mild opioid use disorder,7706,PIH,"20508"
Moderate opioid use disorder,7704,PIH,"20509"
Severe opioid use disorder,7728,PIH,"20510"
Mild tobacco use disorder,7726,PIH,"20511"
Moderate tobacco use disorder,7724,PIH,"20512"
Severe tobacco use disorder,7721,PIH,"20513"
"Mild sedative, hypnotic or anxiolytic use disorder",7719,PIH,"20514"
"Moderate sedative, hypnotic or anxiolytic use disorder",7717,PIH,"20515"
"Severe sedative, hypnotic or anxiolytic use disorder",7715,PIH,"20516"
Mild stimulant use disorder,7713,PIH,"20517"
Moderate stimulant use disorder,7711,PIH,"20518"
Severe stimulant use disorder,7709,PIH,"20519"
Moderate cocaine use disorder,7707,PIH,"20520"
Severe cocaine use disorder,7705,PIH,"20521"
Mild substance use disorder,7703,PIH,"20522"
Moderate substance use disorder,7702,PIH,"20523"
Severe substance use disorder,7701,PIH,"20524"
Conversion disorder with weakness/paralysis,7700,PIH,"20525"
Conversion disorder with swallowing difficulty,7698,PIH,"20526"
Conversion disorder with speech problem,7699,PIH,"20527"
Conversion disorder with anesthesia or sensory loss,7697,PIH,"20528"
Conversion disorder with special sensory loss,7696,PIH,"20529"
Conversion disorder with mixed symptoms,7695,PIH,"20530"
Other disorder with specified somatic symptoms,7694,PIH,"20531"
Other disorder with unspecified somatic symptoms,7693,PIH,"20532"
Mild depressed bipolar I disorder,7742,PIH,"20533"
Other specified sexual dysfunction,7741,PIH,"20534"
Substance-induced bipolar disorder,7740,PIH,"20535"
Childhood gender dysphoria,7739,PIH,"20536"
Adult gender dysphoria,7738,PIH,"20539"
Adolescent gender dysphoria,7737,PIH,"20540"
Gender dysphoria,7736,PIH,"20541"
Maternal complication (coded),7735,PIH,"20542"
Thyroid disease in pregnancy,7734,PIH,"20543"
Prolonged rupture of membranes,7733,PIH,"20544"
Puerperal pyrexia,7732,PIH,"20545"
Test kit lot number,7763,PIH,"20547"
Psychological and mental health diagnosis category (coded),7761,PIH,"20548"
Schizophrenia spectrum and other psychotic disorder (coded),7760,PIH,"20549"
Bipolar and related disorder (coded),7758,PIH,"20550"
Depressive disorder (coded),7756,PIH,"20551"
Anxiety disorder (coded),7754,PIH,"20552"
Obsessive-compulsive and related disorder (coded),7753,PIH,"20553"
Disorders related to trauma or stress factor (coded),7751,PIH,"20554"
Dissociative disorder (coded),7749,PIH,"20555"
Somatic symptom and related disorder (coded),7747,PIH,"20556"
Eating disorder (coded),7746,PIH,"20557"
Elimination disorder (coded),7759,PIH,"20558"
Sleep-wake schedule disorder (coded),7757,PIH,"20559"
Sexual dysfunction (coded),7755,PIH,"20560"
Gender dysphoria (coded),7752,PIH,"20561"
"Disruptive, impulse control and behavior disorder (coded)",7750,PIH,"20562"
Substance abuse and addictive disorder (coded),7748,PIH,"20563"
Neurocognitive disorder (coded),7745,PIH,"20564"
Personality disorder (coded),7744,PIH,"20565"
Paraphiliac disorder (coded),7743,PIH,"20566"
Drug-induced acute dystonia,7776,PIH,"20569"
Motor disorders and adverse effects due to a medical condition,7775,PIH,"20570"
Neuroleptic-induced Parkinsonism,7773,PIH,"20571"
Family disruption due to divorce or legal separation,7770,PIH,"20572"
Tardive dyskinesia,7772,PIH,"20573"
Neuroleptic malignant syndrome,7774,PIH,"20574"
Uncomplicated grief,7771,PIH,"20575"
Adverse effects due to family or socioeconomic stress,7769,PIH,"20576"
Tardive akathisia,7768,PIH,"20577"
Tardive dystonia,7767,PIH,"20578"
Acute akathisia induced by medications,7766,PIH,"20579"
Add non-coded,7765,PIH,"20580"
Marburg hemorrhagic fever,7812,PIH,"20581"
Warburg syndrome,7811,PIH,"20582"
Binge eating disorder,7810,PIH,"20583"
Stuttering,7809,PIH,"20584"
Language disorder,7808,PIH,"20585"
Speech disorder,7807,PIH,"20586"
Severe cannabis use disorder with cannabis-induced psychotic disorder,7806,PIH,"20587"
Incontinence,7805,PIH,"20588"
Sphincter control disorder with urinary symptoms,7804,PIH,"20589"
Sphincter control disorder with fecal symptoms,7803,PIH,"20590"
Sphincter control disorder,7802,PIH,"20591"
Tourette's syndrome,7800,PIH,"20592"
Stereotypic movement disorder,7801,PIH,"20593"
Developmental coordination disorder,7799,PIH,"20594"
Autism (Level 1 requiring support),7798,PIH,"20596"
Autism (Level 2 requiring substantial support),7797,PIH,"20597"
Autism (Level 3 requiring very substantial support),7796,PIH,"20598"
Depressive disorder due to medical condition with episode suggesting depressive features,7795,PIH,"20599"
Seizure,1213,PIH,"206"
Restless legs syndrome,7793,PIH,"20600"
Circadian rhythm sleep disorder,7794,PIH,"20601"
Drug-induced sleep disorder,7792,PIH,"20602"
Caffeine intoxication,7788,PIH,"20603"
Caffeine-related disorder,7789,PIH,"20604"
Cannabis intoxication,7791,PIH,"20605"
Cannabis withdrawal,7790,PIH,"20606"
Caffeine withdrawal,7787,PIH,"20607"
Caffeine-induced disorder,7786,PIH,"20608"
Parkinsonism due to drug,7785,PIH,"20609"
Eye clinic,7784,PIH,"20610"
Other mental disorders,7783,PIH,"20611"
Sibling relationship problem,7782,PIH,"20612"
Marital problems,7781,PIH,"20613"
Lack of family engagement with supporting education,7779,PIH,"20614"
Long-distance education of parent,7777,PIH,"20615"
Child affected by parental relationship distress,7780,PIH,"20616"
High expressed emotion (EE) in family,7778,PIH,"20617"
Xanthelasma of eyelid,7823,PIH,"20618"
Skin tag,7828,PIH,"20619"
Cutaneous lupus erythematosus,7829,PIH,"20620"
Pellagra,7827,PIH,"20621"
Crown-shaped alopecia,7826,PIH,"20622"
Verrucous epidermal nevus,7825,PIH,"20623"
Skin mole,7824,PIH,"20624"
Paraneoplastic pruritus,7822,PIH,"20625"
Lichen planus actinicus (LPA),7821,PIH,"20626"
Pigmented hairy epidermal nevus,7819,PIH,"20627"
Fixed drug eruption,7820,PIH,"20628"
Exogenous ochronosis,7818,PIH,"20629"
Retentional acne,7817,PIH,"20630"
Papulopustular acne vulgaris,7816,PIH,"20631"
Friction melanosis,7815,PIH,"20632"
Onychomatricoma,7814,PIH,"20633"
Palmoplantar keratoderma,7813,PIH,"20634"
Lipid Proteinosis,7834,PIH,"20635"
Molluscum fibrosum pendulum,7833,PIH,"20636"
Bipolar disorder with psychotic features,7832,PIH,"20637"
Rainbow clinic,7830,PIH,"20638"
Steroid-induced acne,7831,PIH,"20639"
Physically able to work,3325,PIH,"2064"
Other specified sphincter control disorder,7847,PIH,"20640"
Other specified gender dysphoria,7846,PIH,"20641"
"Other specified disruptive, impulse-control, and conduct disorder",7845,PIH,"20642"
Triglycerides (mmol/L),7844,PIH,"20643"
COVID-19 laboratory set,7843,PIH,"20644"
Liquid,7839,PIH,"20645"
Semi-formed,7840,PIH,"20646"
Formed,7841,PIH,"20647"
Stool quality,7842,PIH,"20648"
VLDL (mmol/L),3116,PIH,"20649"
Urine bile pigment test,7838,PIH,"20650"
Urine bile salt test,7837,PIH,"20651"
ZL HIV laboratory set,7836,PIH,"20652"
Voluntary depigmentation,7835,PIH,"20653"
Fissural plantar hyperkeratosis,7852,PIH,"20654"
Lewy body dementia,7848,PIH,"20655"
Alzheimer's disease,7849,PIH,"20656"
Drug-induced delirium,7850,PIH,"20657"
Drug-induced dementia,7851,PIH,"20658"
Gamma globulin level,7853,PIH,"20659"
Serum glucose (mmol/L),7854,PIH,"20660"
Bednet received date,7862,PIH,"20661"
Mean arterial pressure,7860,PIH,"20662"
Glasgow coma scale,7861,PIH,"20663"
Richmond agitation-sedation scale (RASS),7859,PIH,"20664"
Simple Verbal Scale (SVS),7858,PIH,"20665"
Very severe,7857,PIH,"20666"
Numeric rating scale,7856,PIH,"20667"
Behavioral Pain Scale (BPS) score,7855,PIH,"20668"
Confirmation of treatment failure,7864,PIH,"20669"
Traditional healer,1041,PIH,"2067"
Baseline viral load,7863,PIH,"20670"
Baseline test,7865,PIH,"20671"
Proguanil,7870,PIH,"20672"
Antimalarial medications,7869,PIH,"20673"
Amodiaquine,7868,PIH,"20674"
Atovaquone / chloroguanide,7867,PIH,"20675"
Quinine,7866,PIH,"20676"
"Polio vaccination, inactivated",7873,PIH,"20677"
Yellow fever vaccine,7872,PIH,"20678"
Date of last menstrual period known,7871,PIH,"20679"
Refer patient to outpatient department,7874,PIH,"20680"
Causes of death set,7887,PIH,"20681"
Causes of neonatal death set,7886,PIH,"20683"
Septicaemia during labor,7884,PIH,"20684"
Sepsis during labor,7883,PIH,"20685"
Amniotic fluid embolism,7881,PIH,"20686"
Obstetrical pulmonary embolism,7882,PIH,"20687"
Obstetrical complication of anesthesia,7880,PIH,"20688"
Fetal and neonatal haemorrhage,7879,PIH,"20689"
Health clinic,6499,PIH,"2069"
Hemorrhage of newborn,7878,PIH,"20690"
Abnormal cerebral signs in the newborn,7875,PIH,"20691"
Central nervous system dysfunction in the newborn,7876,PIH,"20692"
Sudden infant death syndrome,7877,PIH,"20693"
Caesarean section with oophorectomy,7889,PIH,"20694"
Caesarean section with myomectomy,7888,PIH,"20695"
Transfusion construct for past 3 months,7912,PIH,"20696"
Adhesions of uterus,7911,PIH,"20697"
Adhesion of urinary bladder,7910,PIH,"20698"
Silk,7909,PIH,"20699"
Depression,1631,PIH,"207"
Hospital,14,PIH,"2070"
Catgut,7908,PIH,"20700"
Staple(s),7907,PIH,"20701"
Absorbable,7906,PIH,"20702"
Suture material (coded),7905,PIH,"20703"
Suture material (text),7904,PIH,"20704"
Suture thickness (text),7903,PIH,"20705"
Location of incision on uterus,7902,PIH,"20706"
Midline incision,7901,PIH,"20707"
Low traverse incision on uterus,7900,PIH,"20708"
Vertical incision of uterus,7899,PIH,"20709"
Fundal incision of uterus,7898,PIH,"20710"
Number of lacerations,7897,PIH,"20711"
Location of laceration(s),7896,PIH,"20712"
Vagina,7895,PIH,"20713"
Perineum,7894,PIH,"20714"
Uterine cervix,7893,PIH,"20715"
Urethral,7892,PIH,"20716"
Labia of vulva,7891,PIH,"20717"
Clitoris,7890,PIH,"20718"
Type 3a third degree perineal laceration,7915,PIH,"20719"
Type 3b third degree perineal laceration,7914,PIH,"20720"
Type 3c third degree perineal laceration,7913,PIH,"20721"
Cognitive function,7916,PIH,"20722"
Number of years since previous cesarean,7917,PIH,"20723"
Mpox,7920,PIH,"20724"
Scarlet fever,7919,PIH,"20725"
Rabies contact,7923,PIH,"20726"
Plague,7922,PIH,"20727"
Vaccination complication,7921,PIH,"20728"
Acute malnutrition,7918,PIH,"20729"
Trismus,7929,PIH,"20730"
Anthrax,7930,PIH,"20731"
Congenital deafness,7927,PIH,"20732"
Congenital blindness,7928,PIH,"20733"
Hemorrhagic fever,7924,PIH,"20734"
Major event supposed to be attributable to vaccination and immunization (ESAVI),7926,PIH,"20735"
Non-severe event supposed to be attributable to vaccination and immunization (ESAVI),7925,PIH,"20736"
Chlamydial infection,7931,PIH,"20737"
Freetown laboratory,7932,PIH,"20738"
Losartan potassium,7933,PIH,"20739"
"Thoracic spine AP/Lat + swimmers, 3 views (X-ray)",7944,PIH,"20740"
"Wrist - Left, 3 views (X-ray)",7948,PIH,"20741"
"Wrist - Right, 3 views (X-ray)",7947,PIH,"20742"
Abdomen with contrast (CT),7946,PIH,"20743"
Pelvis with contrast (CT),7945,PIH,"20744"
Cervical spine odontoid (X-ray),7942,PIH,"20746"
"Cervical spine AP/Lateral, odontoid, and lateral flexion extension (X-ray)",7943,PIH,"20747"
Wrists - Bilateral (X-ray),7934,PIH,"20748"
"Bilateral knees, 2 views (X-ray)",7935,PIH,"20749"
"Bilateral hips, 2 views (X-ray)",7936,PIH,"20750"
Hands - Bilateral (X-ray),7937,PIH,"20751"
"Bilateral forearms, 2 views (X-ray)",7938,PIH,"20752"
"Bilateral feet, 2 views (X-ray)",7939,PIH,"20753"
"Bilateral femurs, 2 views (X-ray)",7941,PIH,"20754"
"Bilateral elbows, 2-views (X-ray)",7940,PIH,"20755"
Ankle - Bilateral (X-ray),7955,PIH,"20756"
Tibia and fibula - Bilateral (X-ray),7954,PIH,"20757"
Bilateral shoulders (X-ray),7953,PIH,"20758"
Dual HIV/syphilis RDT,7952,PIH,"20762"
Positive serological reaction for syphilis,7951,PIH,"20763"
HIV positive,7950,PIH,"20764"
HIV and syphilis positive,7949,PIH,"20765"
PrEP Program,7956,PIH,"20766"
Soft tissue neck (US),8012,PIH,"20767"
Aspiration (US),8021,PIH,"20768"
Drainage (US),8020,PIH,"20769"
Obstetric limited (US),8017,PIH,"20770"
Obstetric under 14 weeks (US),8016,PIH,"20771"
Lower extremity - Bilateral with contrast (CT),8022,PIH,"20772"
Head with and without contrast (CT),8011,PIH,"20773"
Facial bones without contrast (CT),8019,PIH,"20774"
Facial bones with contrast (CT),8018,PIH,"20775"
"Chest, abdomen and pelvis (CAP) with and without contrast (CT)",8008,PIH,"20776"
Abdomen and pelvis with and without contrast (CT),8015,PIH,"20777"
Abdomen with and without contrast (CT),8014,PIH,"20778"
Chest and abdomen with and without contrast (CT),8013,PIH,"20779"
Ankle - Left (X-ray),8010,PIH,"20780"
Ankle - Right (X-ray),8009,PIH,"20781"
Calcaneus - Left (X-ray),8007,PIH,"20782"
Calcaneus - Right (X-ray),8006,PIH,"20783"
Cervical spine (X-ray),8005,PIH,"20784"
Clavicle - Left (X-ray),8004,PIH,"20785"
Clavicle - Right (X-ray),8003,PIH,"20786"
Coccyx (X-ray),8002,PIH,"20788"
Elbow - Left (X-ray),8001,PIH,"20789"
Elbow - Right (X-ray),8000,PIH,"20790"
Elbow - Bilateral (xray),7999,PIH,"20791"
Facial bones (X-ray),7998,PIH,"20792"
Wrist - Left (X-ray),7997,PIH,"20793"
Wrist - Right (X-ray),7996,PIH,"20794"
Thoracic spine (X-ray),7995,PIH,"20795"
Tibia and fibula - Left (X-ray),7994,PIH,"20796"
Tibia and fibula - Right (X-ray),7993,PIH,"20797"
Temporomandibular joint (X-Ray),7992,PIH,"20798"
"Abdomen, 2 views (X-ray)",7991,PIH,"20799"
Duodenal Ulcer,4891,PIH,"208"
Amlodipine / nebivolol,7988,PIH,"20800"
Foot - Left (X-ray),7990,PIH,"20801"
Foot - Right (X-ray),7989,PIH,"20802"
Femur - Left (X-ray),7987,PIH,"20803"
Femur - Right (X-ray),7986,PIH,"20804"
Foot - Bilateral (X-ray),7985,PIH,"20805"
Forearm - Left (X-ray),7984,PIH,"20806"
Forearm - Right (X-ray),7983,PIH,"20807"
Hand - Left (X-ray),7982,PIH,"20808"
Hand - Right (X-ray),7981,PIH,"20809"
Skull (X-ray),7980,PIH,"20810"
Sinuses (X-ray),7979,PIH,"20811"
Scapula - Left (X-ray),7978,PIH,"20813"
Scapula - Right (X-ray),7977,PIH,"20814"
Shoulder - Left (X-ray),7976,PIH,"20815"
Shoulder - Right (X-ray),7975,PIH,"20816"
Hip - Left (X-ray),7974,PIH,"20817"
Hip - Right (X-ray),7973,PIH,"20818"
Humerus - Left (X-ray),7972,PIH,"20819"
Humerus - Right (X-ray),7971,PIH,"20820"
Knee - Left (X-ray),7970,PIH,"20821"
Knee - Right (X-ray),7969,PIH,"20822"
Knee and patella - Right (X-ray),7968,PIH,"20823"
Knee and patella - Left (X-ray),7967,PIH,"20824"
Lumbar spine (X-ray),7966,PIH,"20825"
Mandible (X-ray),7965,PIH,"20827"
Mastoid (X-ray),7964,PIH,"20828"
Orbits (X-ray),7963,PIH,"20829"
Pelvis (X-ray),7962,PIH,"20830"
Pelvis and left hip (X-ray),7961,PIH,"20831"
Pelvis and right hip (X-ray),7960,PIH,"20832"
Pelvis and bilateral hips (X-ray),7959,PIH,"20833"
Ribs - Left (X-ray),7958,PIH,"20834"
Ribs - Right (X-ray),7957,PIH,"20835"
NCD followup visit,8024,PIH,"20836"
Refer to CHW,8023,PIH,"20838"
Fasting blood glucose (mmol/L),8025,PIH,"20839"
Bimanual uterine massage,8027,PIH,"20840"
Aortic compression for postpartum haemorrhage,8026,PIH,"20841"
Vaccine lot expiration date,8028,PIH,"20842"
Acenocoumarol,1930,PIH,"20843"
Brimonidine / timolol,8039,PIH,"20844"
Bumetanide,8038,PIH,"20845"
Canagliflozin / metformin,8037,PIH,"20846"
Dapagliflozin,8036,PIH,"20848"
Duloxetine,8035,PIH,"20849"
"Insulin, lispro, human",8034,PIH,"20851"
Irbesartan,8033,PIH,"20852"
Pioglitazone,8032,PIH,"20855"
Pregabalin,8031,PIH,"20856"
Beclometasone / Formoterol,8030,PIH,"20857"
Referral form completed,8029,PIH,"20858"
Primary restrictive cardiomyopathy,8043,PIH,"20859"
Restrictive cardiomyopathy,8042,PIH,"20860"
Distance to nearest health facility (km),8041,PIH,"20861"
Distance to nearest health facility (miles),8040,PIH,"20862"
Breast care,8045,PIH,"20863"
Breast examination,8044,PIH,"20864"
Postpartum hemorrhage treatment type,8046,PIH,"20865"
Nasal canula,8053,PIH,"20866"
"Syringe, disposable",8052,PIH,"20867"
Gauze,8051,PIH,"20868"
Pen needle,8050,PIH,"20869"
Foley catheter,8049,PIH,"20870"
Glove(s),8048,PIH,"20871"
Nasogastric tube,8047,PIH,"20872"
HSTH Inpatient,8056,PIH,"20873"
HSTH Outpatient,8055,PIH,"20874"
Study ID,8054,PIH,"20875"
Gender identity,8074,PIH,"20876"
Identifies as male gender,8073,PIH,"20877"
Identifies as female gender,8072,PIH,"20878"
Male to female transsexual,8071,PIH,"20879"
Female to male transsexual,8070,PIH,"20880"
Identifies as non-binary gender,8069,PIH,"20881"
Willing to take pre-exposure prophylaxis (PrEP),8068,PIH,"20882"
Creatinine clearance,8067,PIH,"20883"
PrEP for HIV prevention counseling,8066,PIH,"20884"
Date of last sexual intercourse,8065,PIH,"20885"
Decision to start pre-exposure prophylaxis (PrEP),8064,PIH,"20886"
Patient consent for pre-exposure prophylaxis (PrEP),8063,PIH,"20887"
Symptoms of acute HIV infection,8062,PIH,"20888"
Cooking method,8061,PIH,"20889"
Electric stove,8060,PIH,"20890"
Indoor fire,8059,PIH,"20891"
Outdoor fire,8058,PIH,"20892"
Other gender (text),8057,PIH,"20893"
Whiplash,8079,PIH,"20894"
Parkinson's disease,8078,PIH,"20895"
Female sex worker,8077,PIH,"20896"
Start date of PrEP,8076,PIH,"20897"
Risk counseling,8075,PIH,"20898"
Adherence to post exposure prophylaxis,8090,PIH,"20899"
> 50%,8089,PIH,"20900"
> 95%,8088,PIH,"20901"
"50%",8087,PIH,"20902"
< 50%,8086,PIH,"20903"
PrEP adherence (%),8085,PIH,"20904"
Voluntarily stopped taking medication,8084,PIH,"20905"
Interrupted medication,8083,PIH,"20906"
Discontinued treatment for medical reasons,8082,PIH,"20907"
Discontinued treatment without medical advice,8081,PIH,"20908"
Seroconversion,8080,PIH,"20909"
Reason for PrEP inactivity,8094,PIH,"20910"
Treatment interrupted/stopped,8092,PIH,"20911"
No longer at risk,8093,PIH,"20912"
Adverse effect,8091,PIH,"20913"
Sierra Leone NCD outcome,8095,PIH,"20914"
CES controlled medication set,8097,PIH,"20916"
Ciprofloxacin / dexamethasone,1864,PIH,"20917"
Neomycin,1767,PIH,"20919"
Tobramycin,1905,PIH,"20920"
Methylphenidate,1872,PIH,"20921"
Myofascial neck pain,8099,PIH,"20922"
Prolapsed cervical intervertebral disc,8101,PIH,"20923"
Cervico-occipital neuralgia,8100,PIH,"20924"
Clinician notified,8103,PIH,"20925"
Date to remove drainage,8107,PIH,"20926"
Date to remove stitches,8106,PIH,"20927"
Total fluid output over past 24 hours (mL),8105,PIH,"20928"
Total fluid input over past 24 hours (mL),8104,PIH,"20929"
Name of maternal waiting home,8102,PIH,"20930"
Magnesium hydroxide,8120,PIH,"20931"
Clavulanic acid,8119,PIH,"20932"
Lumefantrine,8118,PIH,"20933"
Sulfamethoxazole,8117,PIH,"20934"
Trimethoprim,8116,PIH,"20935"
Ethinylestradiol,8115,PIH,"20936"
Lopinavir,8114,PIH,"20937"
Sulfadoxine,8113,PIH,"20938"
Pyrimethamine,8112,PIH,"20939"
Puncture wound,8111,PIH,"20940"
Dental abscess,8110,PIH,"20941"
Incised wound,8109,PIH,"20942"
Wound infection,8108,PIH,"20943"
Bacitracin,8135,PIH,"20944"
Neomycin sulfate,8134,PIH,"20945"
Salicylic acid,8133,PIH,"20946"
Carbidopa,8132,PIH,"20947"
Levodopa,8131,PIH,"20948"
Hypromellose,1814,PIH,"20949"
Prilocaine,8129,PIH,"20950"
Losartan,1929,PIH,"20951"
Magnesium carbonate,8127,PIH,"20952"
Citric acid,8126,PIH,"20953"
Atazanavir sulfate,8125,PIH,"20954"
Implant,8124,PIH,"20955"
Silver nitrate,8123,PIH,"20956"
Potassium nitrate,8122,PIH,"20957"
Articaine hydrochloride,8121,PIH,"20958"
Cervicogenic headache,8224,PIH,"20959"
Rotator cuff syndrome,8223,PIH,"20960"
Subacromial bursitis,8222,PIH,"20961"
Subacromial impingement,8221,PIH,"20962"
Adhesive capsulitis of shoulder,8220,PIH,"20963"
Shoulder dislocation,8219,PIH,"20964"
Shoulder instability,8218,PIH,"20965"
Lateral epicondylitis,8217,PIH,"20966"
Medial epicondylitis of elbow,8216,PIH,"20967"
Olecranon bursitis,8215,PIH,"20968"
Ulnar neuritis,8214,PIH,"20969"
Always,3515,PIH,"2097"
Carpal tunnel syndrome,8213,PIH,"20970"
Radial styloid tenosynovitis,8212,PIH,"20971"
Acquired trigger finger,8211,PIH,"20972"
Osteoarthritis of finger(s),8210,PIH,"20973"
Mechanical low back pain,8209,PIH,"20974"
Prolapsed lumbar intervertebral disc,8208,PIH,"20975"
Sciatica,8207,PIH,"20976"
Spinal stenosis,8206,PIH,"20978"
Acquired scoliosis,8205,PIH,"20979"
Facet syndrome,8204,PIH,"20980"
Trochanteric bursitis,8203,PIH,"20981"
Femoroacetabular impingement,8202,PIH,"20982"
Gluteus medius tendinopathy,8201,PIH,"20983"
Piriformis syndrome,8200,PIH,"20984"
Tear meniscus knee,8199,PIH,"20985"
Rupture of anterior cruciate ligament,8198,PIH,"20986"
Rupture of posterior cruciate ligament,8197,PIH,"20987"
Patellar tendonitis,8196,PIH,"20988"
Prepatellar bursitis,8195,PIH,"20989"
Patellofemoral stress syndrome,8194,PIH,"20990"
Plantar fasciitis,8193,PIH,"20991"
Achilles tendinitis,8192,PIH,"20992"
Calcaneal spur,8191,PIH,"20993"
Myofascial pain,8190,PIH,"20994"
Metatarsalgia,8189,PIH,"20995"
Chronic pain disorder,8188,PIH,"20996"
Arthroplasty,8187,PIH,"20997"
Algodystrophic syndrome,8186,PIH,"20998"
Reconstruction of ligament,8185,PIH,"20999"
Hemoglobin,3001,PIH,"21"
Peptic ulcer,4174,PIH,"210"
Less than once a week,580,PIH,"2100"
Paraplegic immobility syndrome,8184,PIH,"21000"
"Malunion of fracture, mandible",8183,PIH,"21001"
Diabetic neuropathy,8182,PIH,"21002"
Neuropathy due to human immunodeficiency virus infection,8181,PIH,"21003"
Neurotoxicity,8180,PIH,"21004"
Metabolic encephalopathy,8179,PIH,"21005"
Anoxic encephalopathy,8178,PIH,"21006"
"Ataxia, post-cerebrovascular accident",8177,PIH,"21007"
Spinocerebellar ataxia,8176,PIH,"21008"
Coordination problem,8175,PIH,"21009"
Peripheral polyneuropathy,8174,PIH,"21010"
Myopathy,8173,PIH,"21011"
Cerebellar ataxia,8172,PIH,"21012"
Myasthenia gravis,8171,PIH,"21013"
Amyotrophic lateral sclerosis,8170,PIH,"21014"
Infantile cerebral palsy,8169,PIH,"21015"
Post-ictal hemiplegia,8168,PIH,"21016"
Generalised multiple sclerosis,8167,PIH,"21017"
Conus medullaris syndrome,8166,PIH,"21018"
Cauda equina syndrome,8165,PIH,"21019"
Brown-Sequard Syndrome,8164,PIH,"21020"
Fracture of orbit,8163,PIH,"21021"
Compression fracture of vertebral column,8162,PIH,"21022"
Dermoid cyst of brain,8161,PIH,"21023"
Vanadyl sulfate,8160,PIH,"21024"
Fracture of shaft of humerus,8159,PIH,"21025"
Fracture of olecranon process of ulna,8158,PIH,"21026"
Fracture of head of radius,8157,PIH,"21027"
Fracture of neck of metacarpal bone,8156,PIH,"21028"
Fracture of phalanx of finger,8155,PIH,"21029"
Intracapsular fracture of femur,8154,PIH,"21030"
Intertrochanteric fracture,8153,PIH,"21031"
Fracture tibial plateau,8152,PIH,"21032"
Bimalleolar fracture,8151,PIH,"21033"
Trimalleolar fracture,8150,PIH,"21034"
Maisonneuve fracture,8149,PIH,"21035"
Phalanx (hand) fracture,8148,PIH,"21036"
Ischaemic stroke,8147,PIH,"21037"
Brainstem disorder,8146,PIH,"21038"
Aphasia,8145,PIH,"21039"
Pseudobulbar Affect,8144,PIH,"21040"
Sexual arousal disorder,8143,PIH,"21041"
Mild traumatic brain injury,8142,PIH,"21042"
Severe traumatic brain injury,8141,PIH,"21043"
Quadriplegia,8140,PIH,"21044"
Wrist sprain and strain,8139,PIH,"21045"
Acute low back pain,8137,PIH,"21046"
Traumatic fracture of vertebra,8136,PIH,"21047"
Apraxia,8227,PIH,"21048"
Pseudobulbar palsy,8226,PIH,"21049"
Moderate traumatic brain injury,8225,PIH,"21050"
Febrile syndrome,8229,PIH,"21051"
Chloroquine phosphate,8228,PIH,"21052"
Cerebellar ataxia due to neoplastic disease,8233,PIH,"21053"
Paraneoplastic syndrome,8230,PIH,"21054"
Neglect of One Side of Body,8232,PIH,"21055"
Epilepsy with postictal motor deficit,8231,PIH,"21056"
Specimen received date,8268,PIH,"21057"
Post Anesthetic Recovery score set,8267,PIH,"21058"
Oxygen saturation on room air greater than 92 percent,8266,PIH,"21059"
Oxygen saturation on supplemental oxygen greater than or equal to 90 percent,8265,PIH,"21060"
Oxygen saturation on supplemental oxygen less than 90 percent,8264,PIH,"21061"
Oxygenation status,8263,PIH,"21062"
Able to breathe deeply and cough freely,8262,PIH,"21063"
Dyspnea or limited breathing,8261,PIH,"21064"
Apnea or requires mechanical ventilation,8260,PIH,"21065"
Respiration status,8259,PIH,"21066"
Blood pressure within 20 percent of preanesthetic level,8258,PIH,"21067"
Blood pressure 20-49 percent from preanesthetic level,8257,PIH,"21068"
Blood pressure 50 percent or more from preanesthetic level,8256,PIH,"21069"
Circulation status post-anesthetic,8255,PIH,"21070"
Able to move all four limbs,8254,PIH,"21071"
Able to move two limbs,8253,PIH,"21072"
Unable to move limbs voluntarily or on command,8252,PIH,"21073"
Activity status post-anesthetic,8251,PIH,"21074"
Nausea level,8250,PIH,"21075"
Post Anesthetic Recovery score,8249,PIH,"21076"
Chronic dry cough,8248,PIH,"21077"
Chills,8245,PIH,"21078"
Feeding/eating started,8247,PIH,"21079"
Ambulation started,8246,PIH,"21080"
Cardiac complication,8244,PIH,"21081"
Suicidal or homicidal ideation,8243,PIH,"21082"
Pregnancy problem,8242,PIH,"21083"
Elective cesarean section,8241,PIH,"21084"
Uterine contractions with less than 34 weeks of pregnancy,8240,PIH,"21085"
Leaking fluid or spotting with less than 34 weeks of pregnancy,8239,PIH,"21086"
Active labour greater than 34 weeks gestation,8237,PIH,"21087"
Early labour between 34 and 37 weeks gestation,8235,PIH,"21088"
Regular contractions and herpes simplex (HSV) lesion greater than 34 weeks gestation,8238,PIH,"21089"
"Planned, elective, repeat cesarean with contractions greater than 34 weeks gestation",8236,PIH,"21090"
Multiple gestation and early contractions greater than 34 weeks gestation,8234,PIH,"21091"
Voluntary stop,8270,PIH,"21092"
PrEP interrupted,8272,PIH,"21093"
Discontinued PrEP for medical reasons,8271,PIH,"21094"
PrEP outcome,8269,PIH,"21095"
Fetal parts visible on perineum,8288,PIH,"21096"
Glucose 6 phosphate dehydrogenase,8287,PIH,"21097"
G6PD (qual),8286,PIH,"21097"
No defect in enzyme activity (normal),8283,PIH,"21098"
Partial defect in enzyme activity,8285,PIH,"21099"
Glucose 6 phosphate dehydrogenase,8287,PIH,"21100"
Total defect in enzyme activity,8284,PIH,"21101"
CD3,8279,PIH,"21102"
CD3%,8282,PIH,"21103"
CD8 count,8281,PIH,"21104"
CD8%,8280,PIH,"21105"
SL coagulation profile,8278,PIH,"21106"
Preductal spO2 (%),8277,PIH,"21107"
Postductal spO2 (%),8276,PIH,"21108"
Tenofovir alafenamide,8275,PIH,"21109"
Dolutegravir / lamivudine / tenofovir alafenamide,8274,PIH,"21110"
Dolutegravir / emtricitabine / tenofovir alafenamide,8273,PIH,"21111"
Transverse abdominis plane block,8313,PIH,"21112"
IVF volume (mL),8312,PIH,"21113"
Urine output (mL),8298,PIH,"21114"
Companion,8299,PIH,"21115"
Breastfeeding initiated datetime,8311,PIH,"21116"
Umbilical cord,8310,PIH,"21117"
Anesthesia complications,8309,PIH,"21118"
Partial thromboplastin time (PTT) ratio (%),8308,PIH,"21119"
Observations of baby following delivery (text),8307,PIH,"21120"
Secondary isoniazid prophylaxis,8306,PIH,"21121"
Primary isoniazid prophylaxis,8305,PIH,"21122"
Primary isoniazid prophylaxis II,8304,PIH,"21123"
Secondary isoniazid prophylaxis II,8303,PIH,"21124"
Infant feeding observed,8302,PIH,"21125"
Reluctant,8301,PIH,"21126"
Muscle tone on exam,8300,PIH,"21127"
"75mL D5% + 5mL D50% + 20mL NS + 1mL calcium gluconate + Magnesium Sulfate",8297,PIH,"21128"
Dextrose 5% in water + Magnesium Sulfate,8296,PIH,"21129"
Dextrose 10% in water + Magnesium Sulfate,8295,PIH,"21130"
Removal of urinary catheter,8289,PIH,"21131"
Nothing by mouth,8294,PIH,"21132"
Delayed priority (status),8293,PIH,"21133"
Normal priority (status),6785,PIH,"21134"
STAT (statim) - Immediate,8292,PIH,"21135"
Procedure/Test priority,8291,PIH,"21136"
Emergency release (status),8290,PIH,"21137"
Volume administered (mL),8314,PIH,"21138"
Acid phosphatase blood test in blood (units/L),8340,PIH,"21139"
Pancreatitis markers,8339,PIH,"21140"
SL lipid panel,8338,PIH,"21141"
Serum globulin (g/dL),8337,PIH,"21142"
SL electrolyte panel,8336,PIH,"21143"
Serum phosphorous (mg/dL),8335,PIH,"21144"
Glucose tolerance test (mmol/L),8334,PIH,"21145"
Post-prandial blood glucose (mmol/L),8333,PIH,"21146"
Toxoplasma Gondii IgG And IgM Panel - Serum,8330,PIH,"21147"
Toxoplasma IgM,8332,PIH,"21148"
Toxoplasma IgG,8331,PIH,"21149"
Brucella test,8316,PIH,"21150"
"1:2",8329,PIH,"21151"
Treponema pallidum hemagglutination assay,8328,PIH,"21152"
<1:2,8327,PIH,"21153"
"1:4",8326,PIH,"21154"
"1:32",8325,PIH,"21155"
"1:16",8324,PIH,"21156"
"1:8",8323,PIH,"21157"
>1:32,8322,PIH,"21158"
"1:256",8321,PIH,"21159"
"1:128",8320,PIH,"21160"
"1:64",8319,PIH,"21161"
>1:572,8318,PIH,"21162"
Equivocal,8317,PIH,"21163"
"Treponema pallidum hemagglutination assay, qualitative",8315,PIH,"21164"
"Dengue Ab RDT, blood",8341,PIH,"21165"
Certificate of injuries and wounds,8355,PIH,"21166"
Birth certificate,8354,PIH,"21167"
Excision of lingual frenum,8353,PIH,"21168"
Excision of lipoma,8343,PIH,"21169"
Removal of foreign body,8352,PIH,"21170"
Keloid excision,8351,PIH,"21171"
Hernia repair,8350,PIH,"21172"
Dental medicine specialty,8349,PIH,"21173"
Treatment of Bartholin's cyst,8348,PIH,"21174"
Ankyloglossia treatment,8347,PIH,"21175"
Polydactyly surgery,8346,PIH,"21176"
Treatment for breast adenofibroma,8345,PIH,"21177"
Ingrown nail care,8342,PIH,"21178"
Minor surgery for cyst,8344,PIH,"21179"
"Dengue Ag RDT, blood",8371,PIH,"21180"
SL urine chemistry,8370,PIH,"21181"
Semen analysis test panel,8363,PIH,"21182"
Semen analysis,8364,PIH,"21183"
Yellowish white,8369,PIH,"21184"
Spermatozoa motility,8361,PIH,"21185"
Semen fructose level,8368,PIH,"21186"
Orange color,8367,PIH,"21187"
Semen volume,8362,PIH,"21188"
Spermatozoa morphology,8359,PIH,"21189"
Sperm count,8360,PIH,"21190"
Semen color,8366,PIH,"21191"
Liquefaction [time] in semen,8365,PIH,"21192"
Stool macroscopy,8358,PIH,"21193"
"Stool for ova and cysts, qualitative",8357,PIH,"21194"
Sperm viability,8356,PIH,"21195"
Skin scrapings for fungal elements (text),8375,PIH,"21196"
Wet mount of skin snip for Onchocerca set,8373,PIH,"21198"
Ova/parasites in urine test,8372,PIH,"21199"
Gastric Ulcer,4762,PIH,"212"
Colchicine,1851,PIH,"21200"
Finasteride,1937,PIH,"21201"
Piperacillin,8380,PIH,"21202"
Tazobactam,8379,PIH,"21203"
Levetiracetam,1878,PIH,"21204"
Sodium diatrizoate,8377,PIH,"21205"
Diatrizoate meglumine,8376,PIH,"21206"
PihActSubstanceAdminSubstitutionCode,8382,PIH,"21207"
PihSubstanceAdminSubstitutionReason,8381,PIH,"21208"
ABO blood typing kit,1794,PIH,"21209"
Baby clothing kit,1775,PIH,"21210"
Acetaminophen / tramadol,1902,PIH,"21211"
Allantoin / coal tar,1848,PIH,"21212"
Aripiprazole,1893,PIH,"21215"
Ambroxol,1904,PIH,"21216"
Atropine,1911,PIH,"21217"
Betamethasone,1917,PIH,"21218"
Beclomethasone dipropionate,1859,PIH,"21219"
Sticky right eye,6956,PIH,"2122"
Benzonatate,1942,PIH,"21220"
Bicalutamide,1884,PIH,"21221"
Bismuth subsalicylate,1791,PIH,"21223"
Bisoprolol,1806,PIH,"21224"
Buprenorphine,1870,PIH,"21225"
Cromolyn sodium,1841,PIH,"21226"
Calcium hydroxide,1908,PIH,"21227"
Cefmetazole,1880,PIH,"21228"
Cabergoline,1944,PIH,"21229"
Sticky left eye,6955,PIH,"2123"
Capreomycin,1845,PIH,"21230"
Cinitapride,1935,PIH,"21231"
Cisapride,1802,PIH,"21232"
Chlorthalidone,1803,PIH,"21233"
Celecoxib,1941,PIH,"21234"
Coal tar,1923,PIH,"21235"
Clioquinol,1858,PIH,"21236"
Desogestrel / ethinyl estradiol,1813,PIH,"21237"
Deflazacort,1853,PIH,"21238"
Danazol,1881,PIH,"21239"
"2RHZ / 4RH",3560,PIH,"2124"
Vitamin E,1836,PIH,"21241"
Ursodiol,1816,PIH,"21242"
Venlafaxine,1790,PIH,"21243"
Vigabatrin,1867,PIH,"21244"
Valproic acid,1810,PIH,"21245"
Tolterodine,1952,PIH,"21246"
Tolperisone,1847,PIH,"21247"
Topiramate,1854,PIH,"21248"
Dexamethasone / tobramycin,1873,PIH,"21249"
"2 RHEZ / 4 RH",3688,PIH,"2125"
Tizanidine,1799,PIH,"21250"
Glibenclamide and metformin,1919,PIH,"21251"
Quassia preparation,1903,PIH,"21252"
Etonogestrel,1866,PIH,"21253"
Psyllium,1906,PIH,"21254"
Pyrantel,1914,PIH,"21255"
SL Complete hemogram 5-part diff,8388,PIH,"21256"
Atypical lymphocyte %,8384,PIH,"21257"
Absolute atypical lymphocyte count,8387,PIH,"21258"
Immature cell %,8386,PIH,"21259"
"2S+RHEZ / 1RHEZ / 5RH+E",3557,PIH,"2126"
Absolute immature cell count,8385,PIH,"21260"
SL i-STAT set,8383,PIH,"21261"
Tiotropium,1957,PIH,"21262"
Theophylline anhydrous,1852,PIH,"21263"
Thalidomide,1909,PIH,"21264"
Terbutaline,1899,PIH,"21265"
Terazosine,1777,PIH,"21266"
Tacrolimus,1827,PIH,"21267"
Sumatriptan,1798,PIH,"21268"
Sulfasalazine,1818,PIH,"21269"
Sulfacetamide sodium,1788,PIH,"21270"
Sucralfate,1793,PIH,"21271"
Silymarin,1915,PIH,"21272"
Sertraline,1921,PIH,"21273"
Sennosides,1824,PIH,"21274"
Rifaximin,1807,PIH,"21275"
Quinfamide,1946,PIH,"21276"
Propafenone,1910,PIH,"21277"
Progesterone,1768,PIH,"21278"
Polyvinyl alcohol,1874,PIH,"21279"
Piroxicam,1835,PIH,"21280"
Phenindione,1898,PIH,"21281"
Phenazopyridine,1938,PIH,"21282"
Petrolatum,1928,PIH,"21283"
Perindopril,1792,PIH,"21284"
Pentoxifylline,1826,PIH,"21285"
Ornithylaspartate,1837,PIH,"21286"
Olopatadine,1876,PIH,"21287"
Nitazoxanide,1882,PIH,"21288"
Nimesulide,1834,PIH,"21289"
Nebivolol,1949,PIH,"21290"
Naproxen,1825,PIH,"21291"
Naphazoline,1883,PIH,"21292"
Naltrexone,1850,PIH,"21293"
Mycophenolic acid,1849,PIH,"21294"
Mupirocin,1857,PIH,"21295"
Mometasone,1786,PIH,"21296"
Minoxidil,1936,PIH,"21297"
"Mineral oil, light",1926,PIH,"21298"
Methocarbamol,1789,PIH,"21299"
Mercury,1800,PIH,"21300"
Meloxicam,1779,PIH,"21301"
Melatonin,1842,PIH,"21302"
Medroxyprogesterone,1828,PIH,"21303"
Magnesium valproate,1955,PIH,"21304"
Magnesium,1819,PIH,"21305"
Loteprednol,1888,PIH,"21306"
Loratadine,1863,PIH,"21307"
Loperamide,1772,PIH,"21308"
Leflunomide,5738,PIH,"21309"
Latanoprost,1931,PIH,"21310"
Ketorolac tromethamine,1871,PIH,"21311"
Ketoprofen,1947,PIH,"21312"
Itraconazole,1945,PIH,"21313"
Isoconazole,1932,PIH,"21314"
"Insulin, zinc, human",1924,PIH,"21315"
Hydroxyzine,1916,PIH,"21316"
Human immunoglobulin,1885,PIH,"21317"
Glipizide,1860,PIH,"21318"
Ginkgo biloba leaf,1773,PIH,"21319"
Fluocinolone acetonide,1821,PIH,"21320"
Fludrocortisone,1787,PIH,"21321"
Felodipine,1897,PIH,"21322"
Estrogens,1912,PIH,"21323"
Doxycycline hyclate,1879,PIH,"21324"
Diphenidol,1894,PIH,"21325"
Diosmin,1774,PIH,"21326"
Dimethicone,1822,PIH,"21327"
Dimenhydrinate,1927,PIH,"21328"
Dicloxacillin sodium,1907,PIH,"21329"
Contact with a tuberculosis positive person,4835,PIH,"2133"
Dimethicone / Pinaverium,8394,PIH,"21330"
Dimethicone / Magaldrate,1889,PIH,"21331"
Sacubitril / Valsartan,1934,PIH,"21332"
Lacosamide,1939,PIH,"21333"
Phenylephrine / Zinc sulfate,1925,PIH,"21334"
Hydrocortisone / lidocaine,1823,PIH,"21335"
Hydrochlorothiazide / Irbesartan,1805,PIH,"21336"
Glucose / Lidocaine,1783,PIH,"21337"
Ezetimibe / Simvastatin,1956,PIH,"21338"
Ethinyl estradiol / norelgestromin,1769,PIH,"21339"
"Estrogens, conjugated (usp) / estrone",1887,PIH,"21340"
Dorzolamide / timolol,1900,PIH,"21341"
Citric acid / potassium citrate,1771,PIH,"21342"
Albuterol / ipratropium,1943,PIH,"21343"
Dextrose solution,8393,PIH,"21344"
Maternal Direct Obstetric Complications (MDOC) set,8392,PIH,"21345"
Schizoaffective disorder,8391,PIH,"21347"
Attention deficit disorder with hyperactivity,8390,PIH,"21348"
Bloody diarrhea,4886,PIH,"2135"
Malnutrition in pregnancy,8398,PIH,"21351"
Late prenatal care complicating pregnancy,8401,PIH,"21352"
Abnormal weight gain in pregnancy,8400,PIH,"21353"
Insufficient weight gain of pregnancy,8399,PIH,"21354"
Unwanted pregnancy,8397,PIH,"21355"
Umbilical haemorrhage after birth,8396,PIH,"21356"
Death from sequelae of direct obstetric causes,8395,PIH,"21357"
Supervision of normal pregnancy,5407,PIH,"21358"
Sierra Leone (SL) medication duration units,8408,PIH,"21359"
Hemoglobin measured from hemoglobinometer (g/dl),8407,PIH,"21360"
"Studded epithelial cells, presence in body fluid",8415,PIH,"21362"
"Epithelial cells, presence in body fluid",8414,PIH,"21363"
Presence of gram-positive bacilli in gram stain,8413,PIH,"21364"
Yeast presence in specimen by gram stain,8412,PIH,"21365"
Arrangement of gram-positive cocci on gram stain,8411,PIH,"21366"
Presence of gram-positive cocci on gram stain,8410,PIH,"21367"
Patient decision,8409,PIH,"21368"
Ballard neuromuscular maturity score set,8434,PIH,"21369"
Physical maturity scores,8432,PIH,"21370"
Posture score,8430,PIH,"21371"
Square window score,8428,PIH,"21372"
Arm recoil score,8425,PIH,"21373"
Popliteal angle score,8423,PIH,"21374"
Scarf sign score,8421,PIH,"21375"
Heel to ear score,8419,PIH,"21376"
Skin score,8418,PIH,"21377"
Lanugo score,8433,PIH,"21378"
Plantar surface score,8431,PIH,"21379"
Breast score,8429,PIH,"21380"
Eye/Ear score,8427,PIH,"21381"
Genitals (Male) score,8426,PIH,"21382"
Genitals (Female) score,8424,PIH,"21383"
Total neuromuscular maturity score,8422,PIH,"21384"
Total physical maturity score,8420,PIH,"21385"
Ballard score,8417,PIH,"21386"
Estimated gestational age (weeks),8416,PIH,"21387"
Urea (measured) (mmol/L),8438,PIH,"21388"
Direct bilirubin (umol/L),8437,PIH,"21389"
Total bilirubin (umol/L),8436,PIH,"21390"
Transcutaneous bilirubin (mg/dL),8435,PIH,"21391"
Borrelia species identified in tissue by culture,8449,PIH,"21392"
Borrelia burgdorferi,8448,PIH,"21393"
Borrelia hermsii,8447,PIH,"21394"
Leishmania braziliensis,8446,PIH,"21395"
Leishmania chagasi,8445,PIH,"21396"
Leishmania donovani,8444,PIH,"21397"
Leishmania mexicana,8443,PIH,"21398"
Leishmania tropica,8442,PIH,"21399"
Leishmania species identified in tissue specimen,8441,PIH,"21400"
SL laboratory result categories,8440,PIH,"21401"
SL biochemistry result set,8439,PIH,"21402"
Datetime uterotonics provided,8450,PIH,"21403"
Number of fetuses,8459,PIH,"21404"
Reduced,8458,PIH,"21405"
"Amniotic fluid level on ultrasound, qualitative",8457,PIH,"21406"
Posterior,8456,PIH,"21407"
Anterior,8455,PIH,"21408"
Low lying placenta,8454,PIH,"21409"
Lung,7019,PIH,"2141"
Uterine fundus,8453,PIH,"21410"
Placenta location by ultrasound,8452,PIH,"21411"
Obstetric ultrasound findings,8451,PIH,"21412"
Gestational age by maturity rating,8460,PIH,"21413"
Gestational age by maturity rating range,8461,PIH,"21414"
Name of community,8462,PIH,"21415"
Second fetal heart rate,8463,PIH,"21416"
Fetal heart rate present,8465,PIH,"21417"
ZL drug allergies including HIV,8464,PIH,"21418"
History of therapy with nephrotoxic drug,8466,PIH,"21419"
Family medicine,8467,PIH,"21420"
Previous use of Pre Exposure Prophylaxis (PrEP),8475,PIH,"21421"
Estimated start date of pre-exposure prophylaxis (PrEP),8474,PIH,"21422"
Original facility,8473,PIH,"21423"
Lubricant given during the visit,8472,PIH,"21424"
Circumcised foreskin,8471,PIH,"21425"
Uncircumcised penis,8470,PIH,"21426"
Male circumcision status,8469,PIH,"21427"
"Other prevention method, non-coded",8468,PIH,"21428"
Newborn discharge location,8483,PIH,"21429"
Labor and delivery unit,8482,PIH,"21430"
Postoperative anaesthesia care unit (PACU),8481,PIH,"21431"
MCOE PACU,8480,PIH,"21432"
Staff ward,8479,PIH,"21433"
MCOE Post-op,8478,PIH,"21434"
MCOE Pre-op,8477,PIH,"21435"
Labor and delivery,8476,PIH,"21436"
Cellulitis of scalp,8502,PIH,"21437"
Prematurity and low birth weight,8492,PIH,"21438"
Late-onset neonatal sepsis,8495,PIH,"21439"
Early-onset neonatal sepsis,8484,PIH,"21440"
Very premature with low birth weight,8493,PIH,"21441"
Mild or moderate birth asphyxia,8501,PIH,"21442"
Abdominal distension,8497,PIH,"21443"
Abscess of scalp,8500,PIH,"21444"
Meconium aspiration syndrome of newborn,8498,PIH,"21445"
Aspiration pneumonitis,8499,PIH,"21446"
Foetal aspiration pneumonitis,8486,PIH,"21447"
Congenital malaria,8496,PIH,"21448"
Exposure to hepatitis B,8494,PIH,"21449"
Sayana press,8491,PIH,"21450"
Neonatal necrotising enterocolitis,8490,PIH,"21451"
Hyperthermia in newborn,8489,PIH,"21452"
Aspiration pneumonia,8488,PIH,"21453"
Neonatal anemia,8487,PIH,"21454"
Neonatal meningitis,8485,PIH,"21455"
Sleep apnea,8506,PIH,"21456"
Ineffective thermoregulation,8505,PIH,"21457"
Finger stick blood glucose (coded),8504,PIH,"21458"
Boniken Clinic,8503,PIH,"21459"
Bring diagnostic images to next appointment,8507,PIH,"21460"
Newborn NICU unit type,8508,PIH,"21461"
On treatment for sickle cell,8509,PIH,"21462"
Edith Wallace Health Center,8510,PIH,"21463"
Dental extraction,8525,PIH,"21464"
Learning disability,8524,PIH,"21465"
Chronic physical disability,8523,PIH,"21466"
Visual impairment,8522,PIH,"21467"
Hearing disorder,8521,PIH,"21468"
Physical disability,8520,PIH,"21469"
Multiple,8519,PIH,"21470"
Change contraceptive method,8518,PIH,"21471"
Postpartum time period,8517,PIH,"21472"
Less than 48 hours,8516,PIH,"21473"
"48 hours to 6 weeks",8515,PIH,"21474"
"7 weeks - 1 year",8514,PIH,"21475"
Other implant,8513,PIH,"21476"
Hormonal IUD,8512,PIH,"21477"
Copper T IUD,8511,PIH,"21478"
Female condom,8529,PIH,"21479"
Lipodystrophy,4789,PIH,"2148"
Male condom,8528,PIH,"21480"
Laparotomy,8527,PIH,"21481"
Year of surgery,8526,PIH,"21482"
Planned procedure set,8530,PIH,"21483"
Maternal age at first childbirth,8536,PIH,"21484"
Previous screening performed,8535,PIH,"21485"
Abnormal Per Vaginam (PV) discharge,8534,PIH,"21486"
Age of first sexual intercourse (coded),8533,PIH,"21487"
Less than 15,8532,PIH,"21488"
More than 15,8531,PIH,"21489"
Sublingual tablet,8547,PIH,"21490"
Sublingual product,8546,PIH,"21491"
Location,8545,PIH,"21492"
Datetime of appointment,8544,PIH,"21493"
Suspected high grade squamous intraepithelial lesion (HGSIL) > 75 % of the cervical surface,8540,PIH,"21494"
Suspected high grade squamous intraepithelial lesion (HGSIL) with lesion extending into the cervical canal,8541,PIH,"21495"
Suspected high grade squamous intraepithelial lesion (HGSIL) with squamocolumnar junction (SJC) not fully visualized,8543,PIH,"21496"
Visual inspection with acetate (VIA) screening set,8542,PIH,"21497"
Entire lesion visible,8539,PIH,"21498"
Eligible for cryotherapy,8538,PIH,"21499"
Jaundice,1518,PIH,"215"
Involved quadrants of cervix,8537,PIH,"21500"
Wafer product,8642,PIH,"21501"
Vaginal cream,8641,PIH,"21502"
Vaginal foam,8640,PIH,"21503"
Vaginal ointment,8639,PIH,"21504"
Douche,8638,PIH,"21505"
Vaginal gel,8637,PIH,"21506"
Vaginal product,8636,PIH,"21507"
Vaginal insert,8635,PIH,"21508"
Topical spray,8634,PIH,"21509"
Topical solution,8633,PIH,"21510"
Topical ointment,8632,PIH,"21511"
Topical lotion,8631,PIH,"21512"
Topical gel,8630,PIH,"21513"
Topical product,8629,PIH,"21514"
Rectal solution,8628,PIH,"21515"
Rectal ointment,8627,PIH,"21516"
Rectal cream,8626,PIH,"21517"
Rectal suppository,8625,PIH,"21518"
Rectal foam,8624,PIH,"21519"
Rectal gel,8623,PIH,"21520"
Rectal product,8622,PIH,"21521"
Oral capsule,8621,PIH,"21522"
Sustained-release tablet,8620,PIH,"21523"
Oral tablet,8619,PIH,"21524"
Dispersible oral tablet,8618,PIH,"21525"
Pill product,8617,PIH,"21526"
Ear suspension,8616,PIH,"21527"
Ear solution,8615,PIH,"21528"
Otic product,8614,PIH,"21529"
Oral paste,8613,PIH,"21530"
Oral paste product,8612,PIH,"21531"
Oral ointment,8611,PIH,"21532"
Oral ointment product,8610,PIH,"21533"
Oral suspension,8609,PIH,"21534"
Oral solution,8608,PIH,"21535"
Oral liquid product,8607,PIH,"21536"
Oral gel,8606,PIH,"21537"
Oral gel product,8605,PIH,"21538"
Oral foam,8604,PIH,"21539"
Oral foam product,8603,PIH,"21540"
Oral cream,8602,PIH,"21541"
Oral cream product,8601,PIH,"21542"
Ophthalmic ointment,8600,PIH,"21543"
Eye suspension,8599,PIH,"21544"
Eye irrigation solution,8598,PIH,"21545"
Eye cream,8597,PIH,"21546"
Eye solution,8596,PIH,"21547"
Eye gel,8595,PIH,"21548"
Ophthalmic product,8594,PIH,"21549"
Bacterial vaginosis,3091,PIH,"2155"
Nasal solution,8593,PIH,"21550"
Nasal spray,8592,PIH,"21551"
Nasal ointment,8591,PIH,"21552"
Nasal gel,8590,PIH,"21553"
Nasal product,8589,PIH,"21554"
Lozenge product,8588,PIH,"21555"
Solution for injection,8587,PIH,"21556"
Suspension for injection,8586,PIH,"21557"
Pre-filled syringe,8585,PIH,"21558"
Powder for injection,8584,PIH,"21559"
Socio-economic assistance received,1105,PIH,"2156"
Injectable product,8583,PIH,"21560"
Dry powder inhaler,8582,PIH,"21561"
Metered dose inhaler,8581,PIH,"21562"
Inhalation powder,8580,PIH,"21563"
Inhalation solution,8579,PIH,"21564"
Inhalant product,8578,PIH,"21565"
Sustained release buccal tablet,8577,PIH,"21566"
Buccal film,8576,PIH,"21567"
Buccal tablet,8575,PIH,"21568"
Buccal product,8574,PIH,"21569"
Socio-economic assistance recommended,1103,PIH,"2157"
Oral film product,8573,PIH,"21570"
Urethral product,8572,PIH,"21571"
Transdermal product,8571,PIH,"21572"
Mucosal product,8570,PIH,"21573"
Toothpaste product,8569,PIH,"21574"
Mouthwash product,8568,PIH,"21575"
Medicated pad or tape,8567,PIH,"21576"
Soap product,8566,PIH,"21577"
Shampoo product,8565,PIH,"21578"
Irrigation product,8564,PIH,"21579"
Pyelocalyceal product,8563,PIH,"21580"
Intravesical product,8562,PIH,"21581"
Intraperitoneal product,8561,PIH,"21582"
Pellet product,8560,PIH,"21583"
Paste product,8559,PIH,"21584"
Oral spray product,8558,PIH,"21585"
Granule product,8557,PIH,"21586"
Oral product,8556,PIH,"21587"
Flake product,8555,PIH,"21588"
Oral powder product,8554,PIH,"21589"
Drug implant product,8553,PIH,"21590"
Disintegrating oral product,8552,PIH,"21591"
Dental product,8551,PIH,"21592"
Chewable product,8550,PIH,"21593"
Intratracheal product,8549,PIH,"21594"
Integrated clinical services (text),8548,PIH,"21595"
Return visit datetime,8644,PIH,"21596"
Duration in minutes,8643,PIH,"21597"
Schedule appointment,8656,PIH,"21598"
Appointment service,8655,PIH,"21599"
Leukemia,4276,PIH,"216"
Postponed cryotherapy,8652,PIH,"21600"
Treatment complication related,8654,PIH,"21601"
"Cryotherapy, TA, LEEP",8653,PIH,"21602"
One year follow-up,8651,PIH,"21603"
One year follow-up appointment after cryotherapy treatment at last visit,8650,PIH,"21604"
Routine VIA screening,8648,PIH,"21605"
Screening patient who had VIA-negative at last screening visit,8647,PIH,"21606"
"Referral for Cryotherapy, TA, LEEP",8649,PIH,"21607"
VIA screening for women aged between 30-49 years,8646,PIH,"21608"
VIA screening,8645,PIH,"21609"
Treatment consent,8670,PIH,"21610"
Thermal ablation system available,8669,PIH,"21611"
Thermal ablation system not available,8668,PIH,"21612"
Thermocauterization of cervix,8667,PIH,"21613"
Postponed thermal ablation,8666,PIH,"21614"
Treatment postponed (coded),8665,PIH,"21615"
Lower abdominal tenderness,8662,PIH,"21616"
Vaginal discharge problem,8664,PIH,"21617"
Vulva exam,8663,PIH,"21618"
Right upper quadrant,8661,PIH,"21619"
Right lower quadrant,8660,PIH,"21620"
Left upper quadrant,8659,PIH,"21621"
Left lower quadrant,8658,PIH,"21622"
Endocervical (EC) canal,8657,PIH,"21623"
Thyroid disease,8671,PIH,"21624"
Other NCD (text),8672,PIH,"21625"
Return visit time hour,8675,PIH,"21626"
Return visit time minute,8674,PIH,"21627"
Appointment uuid,8676,PIH,"21628"
Skin scrapings for fungal elements (coded),8683,PIH,"21629"
Endocrine exam findings,8682,PIH,"21630"
Weight gain,8677,PIH,"21631"
Alopecia,8681,PIH,"21632"
Voice change,8680,PIH,"21633"
Cold intolerance,8678,PIH,"21634"
Heat intolerance,8679,PIH,"21635"
Skin changes,8685,PIH,"21636"
Informed consent,8684,PIH,"21637"
Claudication,8705,PIH,"21638"
Syncope,8704,PIH,"21639"
Pre-syncope,8703,PIH,"21640"
Snoring,8702,PIH,"21641"
Witnessed sleep apnea,8701,PIH,"21642"
Discharge from nipple,8700,PIH,"21643"
Menopausal flushing,8699,PIH,"21644"
Dizziness,8698,PIH,"21645"
Pins and needles,8697,PIH,"21646"
Tremor,8696,PIH,"21647"
Abdominal bloating,8695,PIH,"21648"
Hematochezia,3038,PIH,"21649"
Altered bowel function,8693,PIH,"21650"
Early satiety,8692,PIH,"21651"
Pruritus of vagina,8691,PIH,"21652"
Urinary urgency,8690,PIH,"21653"
Testicular pain,8689,PIH,"21654"
Penile discharge,8688,PIH,"21655"
Visual disturbance,8687,PIH,"21656"
Increased frequency of urination,8686,PIH,"21657"
Program enrollment,8709,PIH,"21658"
Preventable death,8721,PIH,"21659"
Supplies not available,2887,PIH,"2166"
Reasons impacting patient care,8720,PIH,"21660"
Inaccurate notes,8719,PIH,"21661"
Timing,8718,PIH,"21662"
Staff absence,8717,PIH,"21663"
Adherence to protocol and/or guidelines,8716,PIH,"21664"
Reasons impacting patient care (text),8715,PIH,"21665"
Actions to prevent death,8714,PIH,"21666"
Contributing factors for death,8713,PIH,"21667"
Deciding to seek care,8712,PIH,"21668"
Reaching care,8711,PIH,"21669"
Receiving adequate care,8710,PIH,"21670"
Action item,8723,PIH,"21672"
Action point set,8722,PIH,"21673"
Sequence number,8724,PIH,"21674"
MDR-TB program,8727,PIH,"21675"
Possession of log book,8726,PIH,"21676"
Possession of diabetes correction scale,8725,PIH,"21677"
Underlying cause of death set,8728,PIH,"21678"
HIV test result,3171,PIH,"2169"
Relationship of relative to patient,38,PIH,"2172"
Father,19,PIH,"2174"
Mother,20,PIH,"2175"
Brother,25,PIH,"2176"
Sister,26,PIH,"2177"
Sibling,22,PIH,"2178"
Other relative,21,PIH,"2179"
Otitis Externa,4763,PIH,"218"
Physical system comment,1487,PIH,"2188"
Psychosis,1209,PIH,"219"
BCG vaccine given at birth,5555,PIH,"2194"
Polio vaccine given at birth,5556,PIH,"2195"
AZT after birth (coded),3319,PIH,"2206"
Rheumatic heart disease,4138,PIH,"221"
ARV triple therapy after birth (coded),3317,PIH,"2212"
OTHER LAB TEST RESULT,2893,PIH,"2216"
Sinusitis,4884,PIH,"222"
After education and/or assigning CHW,3262,PIH,"2222"
Waiting for test results,195,PIH,"2224"
Reasons for referral (coded),3845,PIH,"2228"
Syphilis,3793,PIH,"223"
Maternal health clinic,607,PIH,"2232"
Primary care clinic,603,PIH,"2233"
Malnutrition program,413,PIH,"2234"
Maternity ward,3587,PIH,"2235"
Duration of alcohol use (in years),1706,PIH,"2241"
Number of days per week with alcohol use,1684,PIH,"2243"
Alcoholic drinks per day,1703,PIH,"2246"
Diabetes insipidus,4237,PIH,"225"
Neonatal sepsis,4330,PIH,"226"
Children in household,6091,PIH,"2277"
Antepartum hemorrhage,3973,PIH,"228"
Units of age,3345,PIH,"2286"
Years,969,PIH,"2287"
Current prophylaxis regimen or drug,3331,PIH,"2289"
Artemether and Lumefantrine,2282,PIH,"2292"
Cimetidine,526,PIH,"2293"
Metronidazole,2185,PIH,"237"
Phenobarbital,520,PIH,"238"
Initial TB treatment with 2 RHZE / 4 RH,3562,PIH,"2406"
TB retreatment with 2 RHZE / 4 RH,3559,PIH,"2408"
Did not answer,638,PIH,"2416"
Axillary lymphadenopathy,1471,PIH,"2418"
Not indicated,1053,PIH,"2433"
Hepatitis B surface antigen test,2934,PIH,"2439"
Mebendazole,1972,PIH,"244"
HIV suppport group,3679,PIH,"2442"
Housework/Fieldwork,105,PIH,"2445"
Retired,110,PIH,"2446"
Previously received antiretroviral treatment,3282,PIH,"2451"
"Main activity, non-coded",89,PIH,"2452"
Clarithromycin,2054,PIH,"2459"
Rifabutin,1994,PIH,"2460"
Personal history of psychiatric disorder,6106,PIH,"2461"
Diazepam,2264,PIH,"247"
B-hCG,1173,PIH,"2473"
Nifedipine,542,PIH,"250"
Methyldopa,548,PIH,"251"
ARV start date,3349,PIH,"2516"
Expected start date of ARV treatment,3723,PIH,"2535"
Transfer in,1713,PIH,"2536"
Propranolol,2018,PIH,"254"
History of tobacco use,1691,PIH,"2545"
Illicit substance use,1697,PIH,"2546"
Ferrous sulfate,438,PIH,"256"
Folic acid,2165,PIH,"257"
Angular cheilitis,3458,PIH,"2575"
Recurrent oral ulcer,3465,PIH,"2576"
Seborrheic dermatitis,3459,PIH,"2578"
Persistent oral candidiasis,3477,PIH,"2580"
Acute necrotising ulcerative gingivostomatitis,3481,PIH,"2581"
"Unexplained anemia, neuropenia, or thrombocytopenia",3483,PIH,"2582"
CNS Toxoplasmosis,3445,PIH,"2583"
Atypical disseminated leishmaniasis,3436,PIH,"2586"
Name of data collector,6265,PIH,"2594"
Tuberculosis treatment end date,3699,PIH,"2597"
Hepatitis A,4854,PIH,"26"
Mobile phone number,6343,PIH,"2614"
Pneumothorax,4792,PIH,"2618"
Amoxicillin,2294,PIH,"265"
Chloramphenicol,2100,PIH,"266"
HIV exposed infant program,5631,PIH,"2685"
Ampicillin,2134,PIH,"269"
Hepatitis B,3618,PIH,"27"
Tetracycline,1922,PIH,"270"
Sterilization,55,PIH,"2712"
Family planning clinic,3590,PIH,"2714"
Pediatric ward,3589,PIH,"2717"
Anxiety,4311,PIH,"2719"
Erythromycin,1811,PIH,"272"
Nephropathy or cardiomyopathy symptoms with HIV,3432,PIH,"2721"
Last name,3252,PIH,"2724"
First name,3251,PIH,"2725"
Skin examination (text),1503,PIH,"2726"
Conjunctiva (coded),6503,PIH,"2727"
Phenytoin,2267,PIH,"273"
Sexually active,42,PIH,"2730"
Rales,1468,PIH,"2735"
Bacterial gastroenteritis,4685,PIH,"2736"
Chancroid,4909,PIH,"2738"
Current prophylaxis treatment construct,3332,PIH,"2739"
Prophylaxis started,3268,PIH,"2740"
Prophylaxis should continue,5429,PIH,"2741"
"Insulin, lente",522,PIH,"279"
Hepatitis C,5389,PIH,"28"
Rapid insulin,547,PIH,"282"
"3TC + d4T",1959,PIH,"2833"
Male,3253,PIH,"2843"
Female,3254,PIH,"2844"
Gender,3255,PIH,"2845"
ARV #2,1381,PIH,"2848"
Hepatotoxicity,1396,PIH,"2854"
Tuberculoma,4692,PIH,"2856"
Isosporiasis,4696,PIH,"2858"
School assistance,1099,PIH,"2863"
Housing assistance,1094,PIH,"2864"
Duration in days,6505,PIH,"2872"
Patient plan comments,199,PIH,"2881"
Tuberculosis lymphadenopathy,3475,PIH,"2888"
Chronic lung disease,3472,PIH,"2889"
Alive,3259,PIH,"2895"
Hepatitis,4913,PIH,"29"
Hydrocortisone,1770,PIH,"290"
Other socioeconomic assistance (text),1106,PIH,"2923"
Wood,1090,PIH,"2937"
Charcoal,2278,PIH,"2938"
Paraffin (Petroleum Jelly),2334,PIH,"2939"
Primary school,3374,PIH,"2943"
Secondary school,3376,PIH,"2945"
Some university education,6033,PIH,"2946"
Currently homeless,6336,PIH,"2959"
History of coffee use,6225,PIH,"2967"
Soy,1414,PIH,"2969"
Transportation cost,1140,PIH,"2970"
Vaginal candidiasis,3471,PIH,"298"
TDF + 3TC + NVP,2348,PIH,"2984"
TDF + 3TC + EFV,2025,PIH,"2985"
VDRL,2896,PIH,"299"
TDF + 3TC + LPV/r,2340,PIH,"2992"
"Other family planning method, non-coded",58,PIH,"2996"
Birthplace,87,PIH,"2997"
"2RHZ / 4RH",3560,PIH,"2RHZ - 4RH"
Anemia,1393,PIH,"3"
"30 to 60 minutes",1147,PIH,"30 TO 60 MINUTES"
Blood group,1758,PIH,"300"
ARV #1,1383,PIH,"3013"
Tuberculosis medication set,5541,PIH,"3014"
Urinalysis order,3202,PIH,"302"
Specimen collection date,715,PIH,"3038"
Drug sensitivity test complete,5495,PIH,"3039"
Stool microscopy,3045,PIH,"304"
TB culture test,3064,PIH,"3046"
Scanty,3062,PIH,"3047"
Fluorochrome (250X),6205,PIH,"3049"
TB smear microscopy method,6206,PIH,"3050"
Tuberculosis smear result,3063,PIH,"3052"
Amylase,6051,PIH,"3054"
Serum calcium (mg/dL),3114,PIH,"3056"
Widal test,2933,PIH,"306"
Diagnosis,201,PIH,"3064"
Hypertensive heart disease,4134,PIH,"3071"
Triage wait time,1171,PIH,"3077"
HIV status of partner,3520,PIH,"3082"
No test,3170,PIH,"3083"
Other (Xray),401,PIH,"309"
Number of months,1279,PIH,"3102"
Viral meningitis,4819,PIH,"3110"
MDR-TB treatment comment,3361,PIH,"3118"
Prophylaxis drug,1280,PIH,"3120"
Missed visit,3746,PIH,"3125"
Idiopathic cardiomyopathy,4136,PIH,"3128"
Peripartum cardiomyopathy,4073,PIH,"3129"
Hydrogen peroxide,2255,PIH,"313"
HIV associated with cardiomyopathy,4703,PIH,"3130"
Congenital heart disease,4140,PIH,"3131"
Endomyocardial fibrosis,4128,PIH,"3132"
Hospitalized for heart failure since last visit,6556,PIH,"3133"
NYHA Class I,476,PIH,"3135"
NYHA Class II,478,PIH,"3136"
NYHA Class III,477,PIH,"3137"
NYHA Class IV,479,PIH,"3138"
NYHA Class,480,PIH,"3139"
Magnesium trisilicate,1995,PIH,"314"
Reason for poor treatment adherence,3756,PIH,"3140"
Mitral valve stenosis,468,PIH,"3175"
Aortic valve regurgitation,4432,PIH,"3176"
Atrial fibrillation,554,PIH,"3177"
Mechanical heart valve,4405,PIH,"3181"
Captopril,524,PIH,"3182"
Lisinopril,538,PIH,"3183"
Carvedilol,514,PIH,"3185"
Atenolol,513,PIH,"3186"
Amlodipine,543,PIH,"3187"
Potassium,2252,PIH,"3188"
Warfarin,518,PIH,"3190"
"General drug frequency, non-coded",1343,PIH,"3193"
Malaria smear,3037,PIH,"32"
Date of implant placement,3731,PIH,"3203"
Standing vital signs construct,5715,PIH,"3223"
Well appearing,1511,PIH,"3227"
Cachectic,1517,PIH,"3229"
Gentian violet,2256,PIH,"323"
Overweight,6021,PIH,"3230"
Tachypneic,1522,PIH,"3231"
Clear,6941,PIH,"3236"
Crackles,1463,PIH,"3239"
No cardiac murmur,1647,PIH,"3241"
Tachycardia,1650,PIH,"3242"
Soft abdomen,1557,PIH,"3243"
No abdominal tenderness,1561,PIH,"3244"
No presence of splenomegaly,1567,PIH,"3245"
No presence of hepatomegaly,1560,PIH,"3246"
No presence of ascites,1568,PIH,"3247"
Pulsatile,1563,PIH,"3248"
Right lower quadrant,8660,PIH,"3251"
Left upper quadrant,8659,PIH,"3252"
Date of laboratory test,3185,PIH,"3267"
i-STAT CHEM 8+ Laboratory set,3210,PIH,"3270"
Volume Status,491,PIH,"3271"
Hypervolemic,490,PIH,"3272"
Euvolemic,488,PIH,"3273"
Hypovolemia,489,PIH,"3274"
Worse,3298,PIH,"3275"
Improved,3299,PIH,"3276"
Equivalent,3407,PIH,"3277"
Hyperkalemia,4183,PIH,"3285"
Type of patient,2836,PIH,"3289"
Vitamin B,2088,PIH,"329"
Transportation set,1150,PIH,"3292"
Patient has assigned community health worker,1054,PIH,"3293"
Heart disease,1765,PIH,"3305"
Dilated,462,PIH,"3306"
Pericardial disease,4126,PIH,"3307"
Acute rheumatic fever,1709,PIH,"3308"
Arrhythmia,1406,PIH,"3310"
Skipped heart beats,7243,PIH,"3310"
Dyspnea on exertion,4401,PIH,"3314"
Seen by traditional practitioner,5829,PIH,"3315"
Date of last CHW visit,1039,PIH,"3316"
OD (once daily),1289,PIH,"3321"
BID (twice daily),1307,PIH,"3322"
TID (thrice daily),1310,PIH,"3323"
Oral,1364,PIH,"3327"
Intravenous,1373,PIH,"3328"
Maternal complication present during pregnancy (coded),3907,PIH,"3334"
Modern alcohol,1686,PIH,"3336"
Pipe Tobacco,1693,PIH,"3337"
Type of tobacco product,1695,PIH,"3338"
Type of alcohol,1687,PIH,"3342"
Driver,114,PIH,"3344"
Partner in prison,99,PIH,"3346"
Single or a child,95,PIH,"3347"
Child's cause of death,3566,PIH,"3355"
Bradycardia,1641,PIH,"3361"
Absence of pericardial friction rub,1644,PIH,"3362"
Absence of S3/S4 murmur,1649,PIH,"3363"
PMI not displaced,1651,PIH,"3365"
S4 gallop,1638,PIH,"3366"
Cardiac murmur diagnosis,1578,PIH,"3369"
Radiant warming,6260,PIH,"3372"
Current employment status,5769,PIH,"3395"
Professional,107,PIH,"3396"
Small,4161,PIH,"3398"
Electrocardiogram diagnosis,557,PIH,"3402"
EKG construct,558,PIH,"3403"
Myocardial infarction,556,PIH,"3405"
Echocardiogram comment,466,PIH,"3407"
Noon,7136,PIH,"3425"
Isosorbide dinitrate,527,PIH,"3428"
Heart failure medication,6775,PIH,"3429"
CD4 reported by clinician,3330,PIH,"3434"
Frequency (numeric),1151,PIH,"3451"
Tricuspid valve regurgitation,4399,PIH,"3458"
Aortic valve stenosis,4416,PIH,"3459"
Date of reported CD4 count,3702,PIH,"3461"
Age (years),3256,PIH,"3467"
Heart failure,503,PIH,"3468"
Left ventricular hypertrophy,555,PIH,"3470"
Orthopnea,1512,PIH,"3486"
S1 and S2 normal,1652,PIH,"3487"
Digoxin,535,PIH,"3488"
Daily tobacco pipe use,1688,PIH,"3489"
On treatment for disease,3427,PIH,"3501"
Oral rehydration salts,2271,PIH,"351"
Previous treatment,6243,PIH,"3513"
Allergy comment (text),1434,PIH,"3516"
Multi-drug resistant tuberculosis infection,3632,PIH,"3519"
Prophylaxis for infant construct,3320,PIH,"3531"
Gross motor skills evaluation,1585,PIH,"3547"
Fine motor skills evaluation,1574,PIH,"3548"
Language development evaluation,1501,PIH,"3549"
Social skills assessment,1584,PIH,"3550"
Guardian,1388,PIH,"3565"
Patient refused treatment,187,PIH,"3580"
Infant formula provided,930,PIH,"3581"
Consultation method,6794,PIH,"3589"
Clinical,3948,PIH,"3592"
Biopsy,2763,PIH,"3593"
Infant program,6807,PIH,"3594"
Mother HIV test date,3379,PIH,"3595"
Biopsy result,6649,PIH,"3597"
Pain scale,230,PIH,"3604"
Bleomycin,2312,PIH,"3623"
Paclitaxel,240,PIH,"3625"
Discharged,947,PIH,"3626"
Celibate,93,PIH,"3628"
Schistosomiasis,5387,PIH,"363"
Direct bilirubin (mg/dL),2902,PIH,"3641"
Biochemistry laboratory set,3190,PIH,"3642"
CHW (Community Health Worker),12,PIH,"3645"
Hematology laboratory set,3162,PIH,"3646"
Dryness,6951,PIH,"3647"
Chemotherapy cycle number,255,PIH,"3648"
Motorcycle,1138,PIH,"3667"
More than 3 hours,1141,PIH,"3669"
Dispensing location,1380,PIH,"3671"
Mobile phone,1159,PIH,"3678"
Griseofulvin,2048,PIH,"3679"
Food poisoning,5371,PIH,"368"
Renal failure,499,PIH,"3681"
Liver failure,496,PIH,"3682"
"Abscess, perianal",5302,PIH,"3690"
Peritonsillar abscess,5179,PIH,"3691"
Acute Otitis Media,4724,PIH,"3697"
Acute renal failure,4826,PIH,"3698"
Chronic kidney disease,4430,PIH,"3699"
Allergic conjunctivitis,4901,PIH,"3700"
Anal fistula,5214,PIH,"3702"
Anemia in pregnancy,3979,PIH,"3703"
Cirrhosis of liver,4222,PIH,"3714"
COPD,4421,PIH,"3716"
Dental abscess,8110,PIH,"3718"
Diabetes,501,PIH,"3720"
Gastroesophageal reflux,4848,PIH,"3723"
Gout,5311,PIH,"3724"
Migraine,4588,PIH,"3725"
Hemothorax,5363,PIH,"3727"
Herpes simplex,3441,PIH,"3728"
Hypoglycemia,4153,PIH,"3729"
Impetigo,4767,PIH,"3730"
Influenza,4820,PIH,"3731"
Keloid,5003,PIH,"3733"
Lymphadenitis,4277,PIH,"3736"
Method of family planning,57,PIH,"374"
Musculoskeletal pain,1405,PIH,"3740"
Ovarian cyst,4108,PIH,"3742"
Pityriasis rosea,4936,PIH,"3744"
HIV status,3270,PIH,"3753"
No JVD,1648,PIH,"3757"
Location of cardiac murmur,1579,PIH,"3758"
No mitral stenosis,467,PIH,"3761"
Echocardiogram,6307,PIH,"3763"
Pterygium,5404,PIH,"3767"
Ascariasis,5392,PIH,"3769"
Sepsis,4810,PIH,"3770"
Sciatica,8207,PIH,"3772"
Tinea cruris,4986,PIH,"3775"
Tinea,4769,PIH,"3777"
Mouth ulceration,268,PIH,"3781"
Vertigo,4778,PIH,"3785"
Viral Conjunctivitis,4868,PIH,"3786"
Verruca vulgaris,4687,PIH,"3788"
Regular rhythm,1639,PIH,"3790"
Patient reported CD4 count,3364,PIH,"3791"
Location of crackles,1461,PIH,"3792"
International Normalized Ratio,3031,PIH,"3796"
Prothrombin time,3030,PIH,"3797"
Admit to hospital,942,PIH,"3799"
Discharge date-time,1723,PIH,"3800"
Hospitalization construct,1725,PIH,"3801"
Mildly dilated,5610,PIH,"3830"
Moderately dilated,5613,PIH,"3831"
Very dilated,464,PIH,"3832"
Ventricular septal defect,4129,PIH,"3852"
Secundum,4132,PIH,"3867"
Primum,4131,PIH,"3868"
Venous sinus,4130,PIH,"3869"
Atrial septal defect,4133,PIH,"3870"
TRIVIAL,4156,PIH,"3898"
FREE FLOWING,4159,PIH,"3920"
LOCULATED,4158,PIH,"3921"
TAMPONADE PHYSIOLOGY,4157,PIH,"3922"
CONSTRICTIVE PHYSIOLOGY,4160,PIH,"3923"
Ebstein's Anomaly,4429,PIH,"3929"
Pulmonary artery systolic pressure,5614,PIH,"3991"
Pericardium findings,461,PIH,"3993"
Pericardial effusion,4162,PIH,"3994"
Endocarditis,4226,PIH,"3997"
Asthma exacerbation,4202,PIH,"4"
Isolated right heart failure,4125,PIH,"4000"
Alcohol-related cardiomyopathy,4135,PIH,"4002"
Mildly depressed ejection fraction,5608,PIH,"4007"
Sachet,302,PIH,"4023"
Capsule,295,PIH,"4024"
Tube,291,PIH,"4025"
Inhaler,1354,PIH,"4028"
Application,305,PIH,"4030"
Acetazolamide,2012,PIH,"4031"
Adrenaline,1967,PIH,"4032"
Atropine sulfate,2333,PIH,"4033"
Benzathine penicillin,2224,PIH,"4034"
Calcium gluconate,2172,PIH,"4035"
Dexamethazone sodium phosphate,2118,PIH,"4036"
Dextrose,2141,PIH,"4037"
Hydrocortisone sodium succinate,5797,PIH,"4038"
Lidocaine,1861,PIH,"4039"
Vitamin C,2240,PIH,"4041"
Bisacodyl,1988,PIH,"4042"
Clindamycin,1895,PIH,"4043"
CONJUGATED ESTROGEN,5987,PIH,"4044"
Fluoxetine,2077,PIH,"4045"
Glibenclamide,544,PIH,"4046"
Haloperidol,2059,PIH,"4047"
Ivermectin,1846,PIH,"4048"
Carbidopa + Levodopa,1996,PIH,"4049"
Metformin,529,PIH,"4052"
Morphine sulphate,1984,PIH,"4053"
Nicotinamide,5989,PIH,"4055"
Nitrofurantoin,1839,PIH,"4056"
Potassium chloride,1966,PIH,"4057"
Praziquantel,1796,PIH,"4058"
Promethazine hydrochloride,2026,PIH,"4059"
Sodium valproate,1856,PIH,"4060"
Spironolactone,541,PIH,"4061"
Valproic acid,1810,PIH,"4062"
Vitamin A,434,PIH,"4063"
Zinc oxide,2028,PIH,"4064"
Benzylbenzoate,2315,PIH,"409"
Anti-rabies vaccine,2052,PIH,"413"
Loperamide,1772,PIH,"429"
Pneumonia,4730,PIH,"43"
Hyoscine butylbromide,2005,PIH,"431"
Diclofenac,2076,PIH,"436"
Streptomycin,2032,PIH,"438"
Pregnancy,4077,PIH,"44"
Wound dressing,2362,PIH,"441"
Urine pregnancy test,2939,PIH,"45"
Amoxicillin + clavulanic acid,2039,PIH,"450"
Low back pain,4151,PIH,"456"
Ectopic pregnancy,3984,PIH,"46"
Oedema,1523,PIH,"460"
Multivitamin,2219,PIH,"461"
Schizophrenia,4586,PIH,"467"
Preeclampsia,4103,PIH,"47"
Dislocation,4215,PIH,"481"
Postpartum hemorrhage,3796,PIH,"49"
Hyperemesis gravidarum,4120,PIH,"490"
Prednisone,2106,PIH,"491"
Calamine lotion,2179,PIH,"493"
Bartholin's abscess,3985,PIH,"494"
Ceftriaxone,2116,PIH,"496"
Asthma,1665,PIH,"5"
Induced abortion,3813,PIH,"50"
HIV cause of death,3601,PIH,"5002"
Hepatomegaly,1552,PIH,"5008"
Splenomegaly,1553,PIH,"5009"
Cardiomyopathy,4127,PIH,"5016"
Chronic diarrhea,3480,PIH,"5018"
Stomatitis,4638,PIH,"5020"
Nephropathy,7032,PIH,"5025"
Nocardiosis,5018,PIH,"5026"
Persistent fever,3476,PIH,"5027"
Serious bacterial infections,3473,PIH,"5030"
"HIV Staging - Coccidiodomycosis, disseminated",3704,PIH,"5032"
Extrapulmonary cryptococcosis including meningitis,3449,PIH,"5033"
Cryptosporidiosis,3447,PIH,"5034"
Cytomegalovirus disease,3434,PIH,"5035"
HIV Staging - Child HSV infection,3706,PIH,"5037"
"HIV Stage - Histoplasmosis, disseminated",3665,PIH,"5038"
Brain lymphoma,3663,PIH,"5040"
HIV Staging - Lymphoma,3450,PIH,"5041"
Disseminated non-tuberculous mycobacterium,3448,PIH,"5043"
HIV Staging - Mycobacterium avium complex,3664,PIH,"5044"
Progressive multifocal leukoencephalopathy,3440,PIH,"5046"
"HIV Staging - Toxoplasmosis, brain",3705,PIH,"5048"
Failure to thrive,4342,PIH,"5050"
Kaposi's sarcoma,1507,PIH,"507"
Systolic,1189,PIH,"5085"
Diastolic,1180,PIH,"5086"
Pulse,1186,PIH,"5087"
Temperature (C),1185,PIH,"5088"
Weight (kg),1181,PIH,"5089"
Height (cm),1193,PIH,"5090"
Blood oxygen saturation,1182,PIH,"5092"
Return visit date,354,PIH,"5096"
Abdominal mass,1569,PIH,"5103"
Left lower quadrant,8658,PIH,"5104"
Abdominal tenderness,1566,PIH,"5105"
Right upper quadrant,8661,PIH,"5107"
Abnormal gait,4374,PIH,"5108"
Diminished breath sounds,1462,PIH,"5115"
Bronchial breath sounds,1467,PIH,"5116"
Rash,260,PIH,"512"
Crepitations,1465,PIH,"5127"
Decreased sensation,5679,PIH,"5135"
Dementia,4596,PIH,"5136"
Dullness to percussion,1459,PIH,"5138"
Left ventricular lift,1654,PIH,"5156"
Right ventricular lift,1655,PIH,"5157"
Evidence of cardiac enlargement,1640,PIH,"5158"
Cervical lymphadenopathy,1472,PIH,"5159"
Pale conjunctiva,1604,PIH,"516"
Diastolic murmur,1575,PIH,"5160"
Holosystolic murmur,1645,PIH,"5162"
Diastolic rumble,1658,PIH,"5164"
Systolic ejection murmur,1643,PIH,"5166"
Nuchal rigidity,1598,PIH,"5170"
Pericardial friction rub,1656,PIH,"5176"
Displaced point of maximal impulse,1642,PIH,"5177"
Rhonchi,1466,PIH,"5181"
Icteric sclera,1596,PIH,"5192"
Temporal wasting,1516,PIH,"5201"
Wheeze,1259,PIH,"5209"
Chief complaint (coded),6460,PIH,"5219"
Weakness,1494,PIH,"5226"
Lost to followup,174,PIH,"5240"
Respiratory rate,1184,PIH,"5242"
Gluteal wasting,1514,PIH,"5243"
Oral sores,1519,PIH,"5244"
Pallor,1508,PIH,"5245"
Infant formula,921,PIH,"5254"
Poliomyelitis,4313,PIH,"5258"
Haemophilus Influenzae Type B (Hib) vaccine,2297,PIH,"5261"
Splinting,5719,PIH,"527"
Pregnancy status,3637,PIH,"5272"
Intra uterine device (IUD),43,PIH,"5275"
Female sterilization,50,PIH,"5276"
Natural family planning,53,PIH,"5277"
Diaphragm,49,PIH,"5278"
Injectable contraceptives,48,PIH,"5279"
Family planning other spec,7044,PIH,"5281"
Pediatric HIV status,3549,PIH,"5303"
"Tanner staging, qualitative",1491,PIH,"5310"
"Tanner staging, quantitative",3670,PIH,"5311"
Joint swelling,1544,PIH,"5312"
Muscle tenderness,1589,PIH,"5313"
Head circumference (cm),1192,PIH,"5314"
Asymptomatic HIV infection,3486,PIH,"5327"
Persistent generalized lymphadenopathy,3485,PIH,"5328"
Weight loss less than 10 percent,3461,PIH,"5332"
Severe bacterial infection,3479,PIH,"5333"
Oral candidiasis,1602,PIH,"5334"
Oral hairy leukoplakia,3482,PIH,"5337"
Weight loss greater than 10 percent,3413,PIH,"5339"
"Candidiasis of esophagus, trachea and/or bronchus",3453,PIH,"5340"
HIV Staging - Mucocutaneous Herpes Simplex,3439,PIH,"5344"
Encephalopathy,3437,PIH,"5345"
Disseminated endemic mycosis,3443,PIH,"5350"
HIV Staging - Salmonella Septicemia,3431,PIH,"5354"
Toxoplasmosis,4235,PIH,"5355"
Current WHO HIV Stage,3769,PIH,"5356"
Other antiretroviral drug,1281,PIH,"5424"
Electrolytes panel,2926,PIH,"5473"
Tuberculin skin test,3211,PIH,"5475"
Family planning services,359,PIH,"5483"
Social work,355,PIH,"5486"
Mental health,369,PIH,"5489"
Psychosocial counseling,1010,PIH,"5490"
CD4,3035,PIH,"5497"
Urinary tract infection,4074,PIH,"55"
S3 gallop,1653,PIH,"550"
Breastfed exclusively,922,PIH,"5526"
Difficulty breathing,1241,PIH,"5540"
Married,100,PIH,"5555"
Partner confirmed HIV+,3519,PIH,"5566"
Patient with multiple sexual partners,3644,PIH,"5567"
Number of sexual partners,3808,PIH,"5570"
Episiotomy,2728,PIH,"5577"
Sibling HIV infected,3771,PIH,"5587"
Suspect HIV caused Mother death,3762,PIH,"5590"
Suspect HIV caused father death,3717,PIH,"5591"
Expected delivery date,3398,PIH,"5596"
Date of confinement,3810,PIH,"5599"
Clinic travel time (coded),1148,PIH,"5605"
Partner or Spouse,23,PIH,"5617"
Friend,6132,PIH,"5618"
Cardiac murmur,1576,PIH,"562"
Other,6,PIH,"5622"
Gravida,3277,PIH,"5624"
Missed school days (coded),6537,PIH,"5629"
Method of delivery,3406,PIH,"5630"
Breastfeeding child,3578,PIH,"5632"
Perinatal ARV prophylaxis,3362,PIH,"5665"
Yellow fever,5390,PIH,"57"
Hospitalized in past year,6983,PIH,"5703"
Number of hospitalizations in past year,6985,PIH,"5704"
Tuberculosis,1759,PIH,"58"
Ascites,1562,PIH,"581"
Pyrazinamide,2120,PIH,"5829"
Herbal traditional medications,3657,PIH,"5841"
Cyanosis,1520,PIH,"589"
Leprosy,4902,PIH,"59"
Fever,232,PIH,"5945"
Fatigue,262,PIH,"5949"
Swallowing difficulties,4725,PIH,"5954"
Productive cough,4798,PIH,"5957"
Dyspnea,1258,PIH,"5960"
Shortness of breath with exertion,4931,PIH,"5963"
Nausea,228,PIH,"5978"
Vomiting,256,PIH,"5980"
Urethral discharge,4705,PIH,"5995"
"5D (five daily)",1303,PIH,"5D"
Meningitis,4898,PIH,"60"
Paresthesia,4770,PIH,"6004"
Confusion,1206,PIH,"6006"
Nasal discharge,1603,PIH,"6016"
Abdominal swelling,1554,PIH,"6019"
Dysuria,1477,PIH,"6020"
Irritability,4817,PIH,"6023"
Night sweats,3418,PIH,"6029"
Decreased appetite,258,PIH,"6031"
Muscle pain,1587,PIH,"6034"
Memory problems,5707,PIH,"6037"
Problem added,3692,PIH,"6042"
Mixed feeding,919,PIH,"6046"
NVP after birth (coded),3318,PIH,"6095"
Discordant couple,3536,PIH,"6096"
Problem resolved,3322,PIH,"6097"
QID (four times daily),1291,PIH,"6100"
"5D (five daily)",1303,PIH,"6101"
"6D (six daily)",1295,PIH,"6102"
OM (morning),1305,PIH,"6105"
In the evening,7068,PIH,"6106"
Return date,6152,PIH,"6110"
Insufficient sample,454,PIH,"6113"
Antiretroviral treatment construct,3310,PIH,"6116"
Inpatient at time of visit,1023,PIH,"6134"
Traditional alcohol per day (L),1675,PIH,"6135"
Modern bottles per day,1680,PIH,"6136"
Orphan,3504,PIH,"6139"
Exposed infant program set,5635,PIH,"6141"
Pregnancy and postpartum program,6854,PIH,"6143"
Stop taking medication,5426,PIH,"6148"
Malaria Treatment,492,PIH,"6160"
Cardiac murmur construct,1583,PIH,"6177"
Reason for visit,431,PIH,"6189"
Laboratory visit,427,PIH,"6190"
Pharmacy visit,415,PIH,"6191"
Emergency visit,408,PIH,"6192"
Regularly scheduled followup visit,411,PIH,"6193"
Telephone number of contact,146,PIH,"6194"
Second cardiac murmur,1657,PIH,"6197"
Systolic murmur,1577,PIH,"6199"
Headache,1399,PIH,"620"
Dilated cardiomyopathy,4236,PIH,"6228"
Prothrombin time with INR,3032,PIH,"6247"
Preliminary,902,PIH,"6249"
d4T,2175,PIH,"625"
ART visit,391,PIH,"6255"
Pre-ART visit,412,PIH,"6256"
EID visit,424,PIH,"6257"
KS VISIT,416,PIH,"6258"
Antenatal visit,430,PIH,"6259"
PMTCT visit,414,PIH,"6260"
Postnatal visit,409,PIH,"6261"
TB visit,389,PIH,"6262"
Pyelonephritis,4096,PIH,"6267"
"3TC",2080,PIH,"628"
Surgery,18,PIH,"6298"
Measles,1741,PIH,"63"
"3TC + AZT",2184,PIH,"630"
NVP,2174,PIH,"631"
Ophthalmologist,7043,PIH,"6322"
Audiology,7027,PIH,"6323"
Psychologist,597,PIH,"6324"
Referral specialist,7020,PIH,"6327"
Referral to cardiology construct,6668,PIH,"6329"
EFV,1975,PIH,"633"
Relapse,5757,PIH,"6349"
Nelfinavir,2062,PIH,"635"
Hypothyroidism,4242,PIH,"6357"
Mumps,4883,PIH,"64"
Referred from another site,1714,PIH,"6401"
Location (text),6338,PIH,"6402"
Codeine,1430,PIH,"6403"
Time units,976,PIH,"6412"
Other referral (text),6782,PIH,"6421"
Oral Kaposi sarcoma,1593,PIH,"644"
Family member,16,PIH,"6441"
Exposed infant program outcome,5632,PIH,"6456"
Weight loss (kg),1739,PIH,"6477"
Name of illegal drug (text),1674,PIH,"6489"
Serum Glutamic-Oxaloacetic Transaminase,2900,PIH,"653"
Serum Glutamic-Pyruvic Transaminase,2905,PIH,"654"
Stillbirth,3812,PIH,"6544"
Patient referred or escorted,6471,PIH,"6547"
Total bilirubin (mg/dL),2903,PIH,"655"
Bednet received date,7862,PIH,"6552"
Linezolid,2042,PIH,"6553"
Isoniazid,1382,PIH,"656"
HIV treatment (text),3770,PIH,"6575"
Telephone number of clinician,5999,PIH,"6589"
Name of clinician (text),5814,PIH,"6592"
Additional surgery comments,2844,PIH,"6625"
FTC + TDF,1969,PIH,"6635"
Negative,707,PIH,"664"
Complications at delivery set,3807,PIH,"6644"
Skin fold,1555,PIH,"6649"
"Prophylaxis for infant, non-coded",3315,PIH,"6656"
Absolute Monocyte Count,3104,PIH,"6674"
Absolute Neutrophil Count,3015,PIH,"6675"
Absolute Eosinophil Count,3103,PIH,"6676"
Absolute Basophil Count,3102,PIH,"6677"
Patient hospitalized for diabetes,6323,PIH,"6681"
"Normal, without foot sores",1542,PIH,"6686"
Foot sores,1541,PIH,"6687"
"Normal, without peripheral edema",1536,PIH,"6688"
Patient fasting for blood glucose test,3120,PIH,"6689"
Type of diabetes diagnosis,589,PIH,"6690"
Type 1 diabetes,585,PIH,"6691"
Type 2 diabetes,586,PIH,"6692"
Gestational diabetes,587,PIH,"6693"
Diabetes medications,6769,PIH,"6694"
Currently taking medication,1339,PIH,"6695"
Intestinal Parasites,4896,PIH,"67"
Infectious disease service,365,PIH,"6707"
Social Worker,978,PIH,"6708"
Laboratory services,364,PIH,"6710"
Kitchen smoke,6407,PIH,"6719"
Other non-coded pulmonary disease,7045,PIH,"6729"
Distress,1521,PIH,"6735"
Chronic lung disease (CLD) medications,6771,PIH,"6745"
Insulin (Mixtard) 70/30,537,PIH,"6746"
Diabetes Program,582,PIH,"6748"
Other drug (text),6768,PIH,"6749"
On insulin therapy,6320,PIH,"6756"
Provide asthma spacer,620,PIH,"6758"
Additional complaints,6910,PIH,"6760"
Chronic respiratory disease program,504,PIH,"6768"
Losartan,1929,PIH,"6769"
Hypertension medications,6776,PIH,"6770"
White blood cells,3007,PIH,"678"
Incontinence,7805,PIH,"6783"
Unresponsive,1204,PIH,"6784"
Red blood cells,3005,PIH,"679"
Number of seizures,441,PIH,"6797"
Number of seizures in one month before medications,449,PIH,"6798"
Malnutrition,1743,PIH,"68"
Mental and or physical handicaps,7004,PIH,"6802"
All medications currently taken at time of intake,5651,PIH,"6812"
Unspecified mental retardation,4610,PIH,"6821"
Poor coordination,5680,PIH,"6823"
Syncope,8704,PIH,"6830"
Tonic-Clonic seizures,4622,PIH,"6833"
Petit mal seizure,4615,PIH,"6837"
Age at onset of seizures,6513,PIH,"6840"
Referred to women health clinic,5734,PIH,"6843"
Hypertension program,494,PIH,"6846"
Essential hypertension,6150,PIH,"6847"
Dexamethasone,2010,PIH,"6850"
Epilepsy program,387,PIH,"6851"
"Abnormal Pap Smear, Low Grade Squamous Intraepithelial Lesion (LGSIL)",7011,PIH,"6860"
Papanicolaou Smear of Cervix with High Grade Squamous Intraepithelial Lesion (HGSIL),7007,PIH,"6861"
Preterm delivery,3811,PIH,"6874"
Cromolyn sodium,1841,PIH,"6876"
Birth height (cm),3233,PIH,"6886"
Weaning date,5637,PIH,"6889"
Noisy respiration,1457,PIH,"6894"
Tympanic to percussion,1564,PIH,"6895"
Pain,1272,PIH,"6896"
Ear exam findings,1532,PIH,"6898"
Hospitalization comment,59,PIH,"6899"
A+,1751,PIH,"690"
Minutes,975,PIH,"6901"
Hours,970,PIH,"6902"
Feeding method comment (text),927,PIH,"6906"
A-,1750,PIH,"692"
Assistance required,1168,PIH,"6922"
B+,1754,PIH,"694"
B-,1757,PIH,"696"
new,574,PIH,"6964"
Transfer,5741,PIH,"6965"
Breastfeeding since last visit,6166,PIH,"6981"
O+,1753,PIH,"699"
"6D (six daily)",1295,PIH,"6D"
Cataract,6327,PIH,"70"
O-,1756,PIH,"701"
Number of previous cesarean sections,3280,PIH,"7011"
Number of abortions/miscarriages,3276,PIH,"7012"
Ultrasound result (text),3917,PIH,"7018"
Positive,708,PIH,"703"
Seconds,973,PIH,"7046"
Fatal,1443,PIH,"7059"
Refused,6213,PIH,"7080"
Case status,575,PIH,"7085"
Old,573,PIH,"7086"
Teacher,109,PIH,"7098"
Acute pain,4360,PIH,"7099"
Shock,1240,PIH,"7101"
Bleeding,266,PIH,"7102"
Chronic intractable pain,4710,PIH,"7103"
Diseases of pulp and periapical tissues,4646,PIH,"7105"
Other diseases of hard tissues of teeth,4657,PIH,"7106"
Hookworm disease,5385,PIH,"7112"
Trichomoniasis,4704,PIH,"7120"
Viral hepatitis,4742,PIH,"7122"
Rabies,4907,PIH,"7125"
Severe malaria,4717,PIH,"7134"
Hyperglycemia,588,PIH,"7138"
HIV resulting in other conditions,3599,PIH,"7144"
Neonatal conjunctivitis,4267,PIH,"7148"
Flatulence And Related Conditions,4824,PIH,"7161"
Rheumatic fever without heart involvement,4761,PIH,"7164"
Secondary hypertension,6151,PIH,"7166"
Phlebitis and thrombophlebitis,5319,PIH,"7168"
Hemorrhoids,4788,PIH,"7169"
Total protein,2922,PIH,"717"
Microcephalus,4344,PIH,"7173"
Disorder of nervous system,7008,PIH,"7179"
Tetanus,4785,PIH,"7183"
Polydactyly,5357,PIH,"7185"
Neurological diagnoses,8098,PIH,"7194"
Acute flaccid paralysis,4812,PIH,"7195"
"Reaction to severe stress, and adjustment disorders",4612,PIH,"7196"
PTSD,4631,PIH,"7197"
Psychosomatic disorder,4617,PIH,"7198"
Drug-induced mental and behavior disorder,4628,PIH,"7201"
Mental disorder,6468,PIH,"7202"
Status Asthmaticus,4218,PIH,"7203"
Decubitus ulcer,5326,PIH,"7206"
Acute Tonsillitis,4882,PIH,"7208"
Acute lower respiratory infection,4766,PIH,"7215"
Acute malnutrition,7918,PIH,"7218"
Hypothermia of newborn,4306,PIH,"7221"
Symptoms involving urinary system,3976,PIH,"7224"
Multiple gestation,4079,PIH,"7225"
Haemorrhage In Early Pregnancy,1200,PIH,"7226"
Premature rupture of membranes,3806,PIH,"7227"
Urinary incontinence,4062,PIH,"7228"
Retention of urine,5266,PIH,"7229"
Perineal laceration during delivery,4071,PIH,"7230"
Retained placenta without hemorrhage,4025,PIH,"7235"
Genitourinary tract infection in pregnancy,4084,PIH,"7236"
Marasmic Kwashiorkor,4786,PIH,"7237"
Spontaneous abortion,3815,PIH,"7238"
Umbilical haemorrhage after birth,8396,PIH,"7239"
Cystitis,5200,PIH,"7240"
Feeding problems of newborn,4334,PIH,"7245"
Sexually transmitted chlamydial disease,3622,PIH,"7247"
Granuloma inguinale,3992,PIH,"7248"
Lymphogranuloma venereum,4009,PIH,"7249"
Calcium oxalate crystals,2967,PIH,"725"
Genital herpes,3619,PIH,"7250"
Neonatal tetanus,3913,PIH,"7251"
Puerperal infection,4043,PIH,"7252"
Irregular intermenstrual bleeding,4066,PIH,"7253"
Convulsions in the newborn,4317,PIH,"7254"
Complications of Puerperium (old),5421,PIH,"7255"
Waiting for evaluation,1195,PIH,"7260"
Treatment stopped - other,5520,PIH,"7261"
Treatment postponed,3264,PIH,"7262"
Rehabilitation program,495,PIH,"7263"
Inpatient,3954,PIH,"7264"
Functional independence measure,5652,PIH,"7268"
Oriented to person,5655,PIH,"7269"
Alert and oriented construct,5657,PIH,"7270"
Rehabilitation treatment plan,5671,PIH,"7271"
Strengthening exercises,5666,PIH,"7272"
Name of rehabilitation educator,5648,PIH,"7273"
Rehabilitation medical diagnosis,5699,PIH,"7286"
Supine Vital Signs Construct,5672,PIH,"7289"
Platelets,2851,PIH,"729"
Oriented to time,5653,PIH,"7290"
Oriented to situation,5656,PIH,"7291"
Oriented to place,5654,PIH,"7292"
Communication difficulties,5650,PIH,"7293"
Swallowing impairment,5686,PIH,"7294"
Pain Score,5675,PIH,"7295"
Pain Location,5674,PIH,"7296"
Positioning,5723,PIH,"7298"
Massage,5722,PIH,"7299"
CD4%,3000,PIH,"730"
Ice or heat,5718,PIH,"7301"
Range of motion,5721,PIH,"7302"
Assistive device,5720,PIH,"7303"
Medication discussion with clinician,5717,PIH,"7304"
Rehabilitation pain management plan,5724,PIH,"7305"
Pre-evaluation pain construct,5712,PIH,"7307"
Post-evaluation pain construct,5676,PIH,"7308"
Amputation,5406,PIH,"7313"
Cerebrovascular accident,500,PIH,"7314"
Traumatic brain injury,5690,PIH,"7315"
Spinal cord injury,4154,PIH,"7316"
Previous Functional Ability of Patient,5710,PIH,"7317"
Aciclovir,2138,PIH,"732"
BERG,5711,PIH,"7329"
Alprazolam,5993,PIH,"733"
Timed Up and Go,5673,PIH,"7330"
Impaired cognition,5683,PIH,"7331"
Balance Problem,5677,PIH,"7334"
Decreased range of motion,5681,PIH,"7335"
Visual-spatial neglect,5678,PIH,"7336"
Decreased endurance,5682,PIH,"7337"
Eating,5670,PIH,"7338"
Grooming,5662,PIH,"7339"
Bathing,5658,PIH,"7340"
Dressing,5668,PIH,"7341"
Toileting,5664,PIH,"7342"
Bed and chair transfers,5665,PIH,"7343"
Tub and shower transfers,5660,PIH,"7344"
Wheelchair mobility,5663,PIH,"7345"
Stairs,5700,PIH,"7346"
Comprehension,5703,PIH,"7347"
Expression,5706,PIH,"7348"
Social interaction,5705,PIH,"7349"
Azithromycin,2249,PIH,"735"
Problem solving,5702,PIH,"7350"
Impairments requiring rehabilitation,5684,PIH,"7351"
Functional limitations,5708,PIH,"7352"
Stretching exercises,5659,PIH,"7353"
Neuromuscular re-education,5667,PIH,"7354"
Endurance training,5669,PIH,"7355"
Gait training,5661,PIH,"7356"
Equipment,5709,PIH,"7357"
Spine,5698,PIH,"7360"
Right Upper Fracture,5693,PIH,"7361"
Right Lower Fracture,5694,PIH,"7362"
Left Upper Fracture,5689,PIH,"7363"
Left Lower Fracture,5692,PIH,"7364"
Right Upper Amputation,5697,PIH,"7365"
Left Upper Amputation,5691,PIH,"7366"
Right Lower Amputation,5695,PIH,"7367"
Left Lower Amputation,5696,PIH,"7368"
Rehabilitation diagnosis non-coded,5713,PIH,"7369"
Other fracture,5688,PIH,"7370"
Other impairments 1,5714,PIH,"7375"
Other impairments 2,5687,PIH,"7376"
Other Physical Abilities Test,5716,PIH,"7377"
Initial evaluation,5730,PIH,"7382"
Re-evaluation,3960,PIH,"7383"
Discharge,1277,PIH,"7384"
Fecal incontinence,5704,PIH,"7386"
Part of the day,7012,PIH,"7392"
In the afternoon,7006,PIH,"7393"
Proper inhaler technique,6411,PIH,"7397"
Puffs per week of salbutamol,507,PIH,"7398"
Inhaler training provided,571,PIH,"7399"
Ciprofloxacin,2322,PIH,"740"
Moderate persistent asthma,593,PIH,"7400"
Intermittent asthma,592,PIH,"7401"
Severe persistent asthma,594,PIH,"7402"
Mild persistent asthma,591,PIH,"7403"
Severe uncontrolled asthma,595,PIH,"7404"
Asthma classification,596,PIH,"7405"
Food insecurity,4906,PIH,"7411"
Hypoglycemia symptoms,569,PIH,"7412"
Clinical infection,4117,PIH,"7413"
"Diagnosis or problem, non-coded",209,PIH,"7416"
"1st",3226,PIH,"7428"
"2nd",3227,PIH,"7429"
"3rd",3228,PIH,"7430"
Premature birth,4343,PIH,"7432"
Twin pregnancy,4057,PIH,"7433"
Number of seizures since last visit,618,PIH,"7435"
Enoxaparin,2125,PIH,"7438"
Infection of amniotic cavity,3997,PIH,"7441"
Gestational age at birth (weeks),3340,PIH,"7443"
Renal ultrasound,7013,PIH,"7449"
Ethambutol,2251,PIH,"745"
Poor sample quality,452,PIH,"7450"
Hepatitis B test - qualitative,3216,PIH,"7451"
Hepatitis C antibody test - qualitative,3160,PIH,"7452"
Type of referring service,612,PIH,"7454"
HbA1c,3027,PIH,"7460"
Fluconazole,2151,PIH,"747"
Cancer of lymphatic and hematopoietic tissue,5120,PIH,"7475"
Cholelithiasis,5280,PIH,"7477"
Imipramine,2203,PIH,"748"
Inguinal hernia,4895,PIH,"7480"
Retinopathy,4865,PIH,"7483"
Foreign body in eye,5229,PIH,"7484"
Vision problem,4707,PIH,"7486"
Refractive Error,5388,PIH,"7487"
Glaucoma,4926,PIH,"7488"
Indinavir,2029,PIH,"749"
Foreign body in ear,5192,PIH,"7493"
Peripheral vascular disease,4223,PIH,"7494"
Ischemic heart disease,4871,PIH,"7496"
Heart valve disease,4427,PIH,"7497"
Neoplasm,4863,PIH,"75"
Undescended testicle,5171,PIH,"7500"
Hypospadias,5199,PIH,"7501"
Dehydration,4784,PIH,"7503"
Dysfunctional uterine bleeding,6845,PIH,"7504"
Orchitis and Epididymitis,4842,PIH,"7505"
Uterovaginal Prolapse,5248,PIH,"7506"
Obesity,1510,PIH,"7507"
Sprain,4198,PIH,"7508"
Candidiasis of Skin,4961,PIH,"7512"
Obsessive-compulsive disorder,4585,PIH,"7513"
Attempted suicide,4603,PIH,"7514"
Attention-deficit hyperactivity disorder,4587,PIH,"7515"
Rubella,4249,PIH,"7517"
Intestinal Infection,4894,PIH,"7518"
Infectious disease,5403,PIH,"7521"
Chronic Cough,4845,PIH,"7523"
Encephalitis,4155,PIH,"7525"
Injury to eye region,5226,PIH,"7527"
Hydrocele,5360,PIH,"7530"
Trauma,1226,PIH,"7532"
Primary,200,PIH,"7534"
Secondary,202,PIH,"7535"
Tertiary,203,PIH,"7536"
Diagnosis order,204,PIH,"7537"
Diagnosis date,206,PIH,"7538"
Visit Diagnoses,210,PIH,"7539"
Levofloxacin,1844,PIH,"755"
Birth asphyxia,3799,PIH,"7557"
HIV complicating pregnancy,4000,PIH,"7560"
Neonatal septicemia,3911,PIH,"7562"
Neonatal skin infection,4289,PIH,"7563"
Rupture of uterus,4082,PIH,"7566"
Fetal distress,3786,PIH,"7567"
Malaria complicating pregnancy,4018,PIH,"7568"
Gastroenteritis and colitis,4924,PIH,"7570"
Toilet transfers,5701,PIH,"7571"
Zanmi primary care diagnosis non-coded,908,PIH,"7572"
Patient and staff member,395,PIH,"7575"
Receipt number (text),911,PIH,"7578"
Tuberculosis Of Central Nervous System,4731,PIH,"7579"
Malignant neoplasm of breast,4046,PIH,"7581"
Leptospirosis,4861,PIH,"7582"
Senile Cataract,4878,PIH,"7586"
Salmonella infection,4803,PIH,"7587"
Pyoderma,4829,PIH,"7588"
Congenital syphilis (infant under 1 year old),4801,PIH,"7589"
Miliary Tuberculosis,4771,PIH,"7590"
Cutaneous anthrax,4744,PIH,"7591"
Dengue hemorrhagic fever,4818,PIH,"7592"
Malignant tumor of intestine,4837,PIH,"7593"
Filariasis,4739,PIH,"7594"
Malignant tumor of scrotum,4325,PIH,"7595"
Hereditary and idiopathic peripheral neuropathy,1484,PIH,"7598"
Acute Sinusitis,4802,PIH,"7599"
Perforation Of Tympanic Membrane,4743,PIH,"7600"
Acute Myocarditis,4734,PIH,"7601"
Cardiac Arrest,2840,PIH,"7602"
Acute Pericarditis,4782,PIH,"7603"
Otalgia,4866,PIH,"7605"
Status Epilepticus,4833,PIH,"7606"
Alcoholic Liver Damage,4838,PIH,"7607"
Pharyngolaryngitis,4919,PIH,"7609"
Chronic Bronchitis,4885,PIH,"7610"
Osteomyelitis,4859,PIH,"7611"
Prostatitis,4890,PIH,"7612"
Hyperplasia of prostate,4768,PIH,"7613"
Benign Mammary Dysplasia,5269,PIH,"7614"
Female genital ulcers,4031,PIH,"7615"
Prolonged pregnancy,4003,PIH,"7616"
Amenorrhea,4008,PIH,"7617"
Hypertension complicating birth,3975,PIH,"7618"
Leukorrhea,4799,PIH,"7619"
Epigastric pain,1565,PIH,"7620"
Pre-existing hypertension complicating pregnancy and childbirth,4098,PIH,"7621"
Intracerebral hemorrhage,4211,PIH,"7622"
Obstetrical tetanus,4783,PIH,"7623"
Meningococcemia,4816,PIH,"7624"
Benign Neoplasm Of Breast,4796,PIH,"7626"
Pulmonary edema,4112,PIH,"7627"
Pyothorax,4823,PIH,"7628"
Cervical dysplasia,4070,PIH,"7629"
Pantoprazole,5585,PIH,"763"
Open wound,4828,PIH,"7630"
Dental problem,1594,PIH,"7631"
Xerophthalmia,4860,PIH,"7640"
Diphtheria,1747,PIH,"7641"
Septicaemia,4716,PIH,"7642"
Viral hemorrhagic fever,4745,PIH,"7643"
Bacterial meningitis,3914,PIH,"7644"
Dengue,4852,PIH,"7645"
Confirmed malaria,4753,PIH,"7646"
Pelvic and Perineal Pain (for women only),4376,PIH,"7647"
Mercaptopurine,2063,PIH,"7648"
Allopurinol,1817,PIH,"7649"
Prednisolone,532,PIH,"765"
Asparaginase,2253,PIH,"7650"
Carboplatin,2090,PIH,"7651"
Cyclophosphamide,2292,PIH,"7652"
Cyclosporine,1782,PIH,"7653"
Dactinomycin,2105,PIH,"7654"
Doxorubicin,2231,PIH,"7655"
Etoposide,2324,PIH,"7656"
Fluorouracil,1971,PIH,"7657"
Hydroxycarbamide,2234,PIH,"7658"
Imatinib,251,PIH,"7659"
Pyridoxine (B6),1877,PIH,"766"
Leucovorin,2004,PIH,"7660"
Methotrexate,2084,PIH,"7661"
Morphine,1424,PIH,"7662"
Ondansetron hydrochloride,2155,PIH,"7663"
Tamoxifen,249,PIH,"7664"
Tramadol,2041,PIH,"7665"
Acetylcysteine,2053,PIH,"7668"
Rifampicin,2213,PIH,"767"
Febrile jauncide,4827,PIH,"7675"
Haiti weekly nationally notifiable diseases,5374,PIH,"7676"
Haiti age restricted diseases,5373,PIH,"7677"
Haiti neonatal diseases,5375,PIH,"7678"
Haiti nationally urgent diseases,5376,PIH,"7679"
Rifampicin + Isoniazid + Pyrazinamide,2323,PIH,"768"
Marriage certificate,912,PIH,"7694"
Nothing,5083,PIH,"7695"
Eclampsia,3785,PIH,"7696"
Unspecified Abortion,4088,PIH,"7697"
Common cold,4841,PIH,"7698"
Absent,3922,PIH,"7699"
Hydrocele and spermatocele,4752,PIH,"7700"
Febrile rash,4807,PIH,"7701"
Medical certificate,913,PIH,"7702"
Amount patient paid,910,PIH,"7703"
Reason for HUM visit,915,PIH,"7704"
Standard outpatient visit,914,PIH,"7705"
Standard dental visit,357,PIH,"7706"
HUM XRay Orderables,821,PIH,"7707"
HUM Radiology Orderables,884,PIH,"7709"
Abdomen (X-ray),746,PIH,"7714"
Abdomen AP (supine and lateraldecubitus) (X-ray),737,PIH,"7715"
Acromioclavicular joints - Bilateral (X-ray),807,PIH,"7716"
"Ankle - Left, 2 views (X-ray)",890,PIH,"7717"
"Ankle - Right, 2 views (X-ray)",891,PIH,"7718"
"Calcaneus - Left, 2 views (X-ray)",787,PIH,"7719"
"Calcaneus - Right, 2 views (X-ray)",794,PIH,"7720"
"Chest, 1 view (X-ray)",742,PIH,"7721"
"Chest, 2 views (X-ray)",731,PIH,"7722"
Chest oblique - Bilateral (X-ray),735,PIH,"7724"
Chest lordotic (X-ray),790,PIH,"7726"
"Chest, 4 views (X-ray)",809,PIH,"7727"
"Clavicle - Left, 2 views (X-ray)",783,PIH,"7728"
"Clavicle - Right, 2 views (X-ray)",772,PIH,"7729"
Ferrous sulphate + Folic acid,2217,PIH,"773"
"Cervical spine, 2 or 3 views (X-ray)",743,PIH,"7730"
"Elbow - Left, 2 views (X-ray)",757,PIH,"7731"
"Elbow - Right, 2 views (X-ray)",813,PIH,"7732"
"Facial bones, 3 views (X-ray)",740,PIH,"7733"
"Femur - Left, 2 views (X-ray)",773,PIH,"7734"
"Femur - Right, 2 views (X-ray)",778,PIH,"7735"
"Foot - Left, 2 views (X-ray)",795,PIH,"7736"
"Foot - Right, 2 views (X-ray)",771,PIH,"7737"
"Forearm - Left, 2 views (X-ray)",758,PIH,"7738"
"Forearm - Right, 2 views (X-ray)",741,PIH,"7739"
"Hand - Left, 2 views (X-ray)",800,PIH,"7740"
"Hand - Right, 2 views (X-ray)",754,PIH,"7741"
"Hip - Left, 2 views (X-ray)",792,PIH,"7742"
"Hip - Right, 2 views (X-ray)",766,PIH,"7743"
"Humerus - Left, 2 views (X-ray)",816,PIH,"7744"
"Humerus - Right, 2 views (X-ray)",738,PIH,"7745"
"Knee - Left, 1 or 2 views (X-ray)",764,PIH,"7746"
"Knee - Right, 1 or 2 views (X-ray)",791,PIH,"7747"
"Lumbar spine, 2 or 3 views (X-ray)",776,PIH,"7748"
Mandible panorex (X-ray),788,PIH,"7749"
"Pelvis, 1 view (X-ray)",769,PIH,"7750"
"Ribs - Left, 2 views (X-ray)",736,PIH,"7751"
"Ribs - Right, 2 views (X-ray)",805,PIH,"7752"
"Shoulder - Left, 2 views (X-ray)",744,PIH,"7753"
"Shoulder - Right, 2 views (X-ray)",808,PIH,"7754"
"Sinuses, 3 views (X-ray)",796,PIH,"7755"
"Skull, 4 views (X-ray)",734,PIH,"7756"
"Spine, 1 view (X-ray)",785,PIH,"7757"
"Thoracic and lumbar spine, 2 views (X-ray)",753,PIH,"7758"
"Lower leg - Left, 2 views (X-ray)",733,PIH,"7759"
"Lower leg - Right, 2 views (X-ray)",797,PIH,"7760"
"Thoracic spine, 2 views (X-ray)",727,PIH,"7761"
Kidney retrograde pyelogram (X-ray),761,PIH,"7762"
"Wrist - Left, 2 views (X-ray)",781,PIH,"7763"
"Wrist - Right, 2 views (X-ray)",760,PIH,"7764"
Abdomen without contrast (CT),880,PIH,"7765"
Chest without contrast (CT),878,PIH,"7766"
Cervical spine without contrast (CT),871,PIH,"7767"
Head without contrast (CT),875,PIH,"7768"
Lumbar spine without contrast (CT),865,PIH,"7769"
Hydrocortisone / lidocaine,1823,PIH,"777"
Lower extremity - Left without contrast (CT),866,PIH,"7770"
Lower extremity - Right without contrast (CT),873,PIH,"7771"
Facial bones and maxilla without contrast (CT),882,PIH,"7772"
Pelvis with and without contrast (CT),874,PIH,"7773"
Upper extremity - Left with contrast (CT),860,PIH,"7774"
Upper extremity - Right with contrast (CT),850,PIH,"7775"
Upper extremity - Left without contrast (CT),868,PIH,"7776"
Upper extremity - Right without contrast (CT),867,PIH,"7777"
Lower extremity - Bilateral without contrast (CT),872,PIH,"7778"
Abdomen and pelvis without contrast (CT),879,PIH,"7779"
Abdomen (US),822,PIH,"7780"
"Abdomen limited, 1-2 organs (US)",841,PIH,"7781"
Breast - Right (US),834,PIH,"7782"
Breast - Left (US),835,PIH,"7783"
Chest (US),825,PIH,"7784"
Guidance for percutaneous drainage of cavity (US),836,PIH,"7785"
Guidance for aspiration of pericardial space (US),833,PIH,"7786"
Head and neck (US),829,PIH,"7787"
Paracentesis (US),844,PIH,"7788"
Pelvis (US),824,PIH,"7789"
Pelvis limited (US),846,PIH,"7790"
Abdomen retroperitoneum (US),845,PIH,"7791"
Abdomen retroperitoneum limited (US),842,PIH,"7792"
Scrotum (US),837,PIH,"7793"
Pelvis transvaginal (US),839,PIH,"7794"
Extremity (US),832,PIH,"7795"
Lower extremity venous - Left (US),840,PIH,"7796"
Lower extremity venous - Right (US),828,PIH,"7797"
Lower extremity venous - Bilateral (US),826,PIH,"7798"
HUM CT Orderables,883,PIH,"7799"
Oral contraception,52,PIH,"780"
HUM Ultrasound Orderables,848,PIH,"7800"
"Ankle - Left, 3 views (X-ray)",817,PIH,"7801"
"Ankle - Right, 3 views (X-ray)",798,PIH,"7802"
Neck soft tissue (X-ray),799,PIH,"7803"
Upper extremity venous - Bilateral (US),831,PIH,"7804"
Upper extremity venous - Left (US),827,PIH,"7805"
Upper extremity venous - Right (US),823,PIH,"7806"
Thoracic spine without contrast (CT),870,PIH,"7807"
Neck without contrast (CT),869,PIH,"7808"
Pelvis without contrast (CT),876,PIH,"7809"
Diphtheria Tetanus and Pertussis vaccination,172,PIH,"781"
Payment information,916,PIH,"7810"
Neoplasm of lung,4928,PIH,"7811"
Emergency,346,PIH,"7813"
Scheduled surgery,2875,PIH,"7814"
Planned return to operating room,2868,PIH,"7815"
Pre-operative antibiotic administered,2839,PIH,"7816"
Pathology sample sent,2869,PIH,"7817"
Laboratory specimen sent,2849,PIH,"7818"
Hepatitis B vaccination,2060,PIH,"782"
Surgery diagnosis,5366,PIH,"7820"
"Temporomandibular joint, bilateral (X-Ray)",804,PIH,"7821"
Cefazolin,1993,PIH,"7822"
Cefotaxime,2845,PIH,"7823"
Amphotericin B,2044,PIH,"7824"
Surgery antibiotics,2846,PIH,"7825"
Surgical service,2867,PIH,"7826"
Cardiothoracic surgery,2860,PIH,"7827"
Otolaryngology (ENT) Surgery,2862,PIH,"7828"
General surgery department,608,PIH,"7829"
Oral polio vaccination,167,PIH,"783"
Neurosurgery,2857,PIH,"7830"
Obstetrics/Gynecology,2859,PIH,"7831"
Opthalmology,2861,PIH,"7832"
Orthopedics,2863,PIH,"7833"
Pediatric Surgery,2865,PIH,"7834"
Plastic Surgery,2858,PIH,"7835"
Urology,2856,PIH,"7836"
Vascular Surgery,2866,PIH,"7837"
Type of anesthesia,2884,PIH,"7838"
Penicillin,539,PIH,"784"
Alkaline phosphatase,2904,PIH,"785"
General anesthesia,2883,PIH,"7850"
Regional spinal anesthesia,2877,PIH,"7851"
Regional epidural anesthesia,2878,PIH,"7852"
Regional nerve block anesthesia,2880,PIH,"7853"
Local anesthesia,2881,PIH,"7854"
Local with monitored anesthesia care (MAC),2882,PIH,"7855"
Monitored anesthesia care (MAC),2879,PIH,"7856"
Classifications of surgical wounds,2874,PIH,"7858"
Clean,2870,PIH,"7859"
Betamethasone,1917,PIH,"786"
Clean/Contaminated,2872,PIH,"7860"
Dirty/Infected,2871,PIH,"7862"
Type of transfusion fluid,2853,PIH,"7864"
Packed red blood cells,2847,PIH,"7865"
Volume of transfusion,2831,PIH,"7866"
Transfusion construct,2854,PIH,"7867"
Transfusion status,2886,PIH,"7868"
Mannitol,2276,PIH,"7869"
Dextran,651,PIH,"7870"
Sodium chloride,2189,PIH,"7871"
Glucose / Sodium chloride,5850,PIH,"7872"
Ringer's lactate,648,PIH,"7873"
Estimated blood loss,2833,PIH,"7874"
"Volume measurement, urine",2876,PIH,"7875"
Graduated compression stockings,2827,PIH,"7876"
Venous thromboembolism prophylaxis,2830,PIH,"7877"
Intermittent pneumatic compression device,2826,PIH,"7878"
Unfractionated heparin,2828,PIH,"7879"
Low molecular weight heparin,2829,PIH,"7880"
Complications from surgery,2843,PIH,"7881"
Unplanned intubation for respiratory/cardiac failure,2842,PIH,"7882"
Intraoperative death,2841,PIH,"7883"
"Name of assistant surgeon, non-coded",2848,PIH,"7884"
Pre-surgery diagnosis,2885,PIH,"7885"
Post-surgery diagnosis,2850,PIH,"7886"
Surgical procedure,2855,PIH,"7887"
Home,13,PIH,"7889"
General medicine department,600,PIH,"7891"
Surgical ward,6725,PIH,"7893"
Intravenous fluids administered,653,PIH,"7895"
Dextrose 5%,2110,PIH,"7896"
Dextrose 10% in water,646,PIH,"7897"
Dextrose 5% in Sodium Chloride 0.45%,652,PIH,"7898"
Sodium Chloride (NaCl) 0.9%,645,PIH,"7899"
Creatinine (umol/L),3112,PIH,"790"
Mannitol 20%,649,PIH,"7900"
Intravenous fluids construct,659,PIH,"7901"
IVF volume,655,PIH,"7902"
Insertion of implantation,2838,PIH,"7904"
Implantation comment,2832,PIH,"7905"
Laboratory specimen comment,2837,PIH,"7906"
Pathology specimen comment,351,PIH,"7907"
Sickle cell disease,498,PIH,"7908"
Umbilical hernia,4285,PIH,"7909"
Emtricitabine,1976,PIH,"791"
Respiratory distress of newborn,4304,PIH,"7910"
Foreign body or object entering through skin,4290,PIH,"7911"
Diagnosis set of sets,5370,PIH,"7912"
Heavy for gestational age,4336,PIH,"7913"
Cervical cancer,4067,PIH,"7914"
Sickle-cell trait,4305,PIH,"7915"
Malignant tumor of prostate,4869,PIH,"7916"
Focal seizures,4632,PIH,"7917"
"3TC + d4T + NVP",2108,PIH,"792"
Small for gestational age,4340,PIH,"7922"
Nephrotic syndrome,4333,PIH,"7923"
Bronchiolitis,4273,PIH,"7924"
Atopic dermatitis,4329,PIH,"7925"
Adverse drug effect,4321,PIH,"7926"
Acute glomerulonephritis,4302,PIH,"7927"
Child abuse,4281,PIH,"7928"
Physiologically young for age,4328,PIH,"7929"
Feeding problem,4292,PIH,"7930"
Sexual abuse,4320,PIH,"7931"
Simple febrile seizure,4166,PIH,"7932"
Pediatric diagnoses,4348,PIH,"7933"
Emergency diagnoses,4216,PIH,"7934"
NCD diagnoses,4434,PIH,"7935"
Outpatient diagnoses,4932,PIH,"7936"
Rheumatic heart disease of the endocardium,4139,PIH,"7937"
Tetralogy of Fallot,4141,PIH,"7938"
Ischemic cardiomyopathy,4219,PIH,"7940"
Elevated blood pressure,632,PIH,"7941"
Psychological and mental health diagnoses,4633,PIH,"7942"
Personality disorder,4604,PIH,"7943"
Eating disorder,4616,PIH,"7944"
Dissociative disorder,4624,PIH,"7945"
Delirium,4594,PIH,"7946"
Bipolar disorder,4629,PIH,"7947"
Grief,4601,PIH,"7948"
Conduct disorder,4593,PIH,"7949"
Acute stress reaction,4621,PIH,"7950"
Pervasive developmental disorder,4600,PIH,"7951"
Bronchiectasis,4426,PIH,"7952"
Mild intermittent asthma,4418,PIH,"7953"
Hypertensive encephalopathy,4200,PIH,"7954"
Rheumatic mitral stenosis,4137,PIH,"7955"
Middle upper arm circumference (mm),1183,PIH,"7956"
Womens health diagnoses,4124,PIH,"7957"
Vesico-vaginal fistula,3978,PIH,"7958"
List of Non-Diagnoses,5084,PIH,"7959"
Didanosine,2344,PIH,"796"
General good health,3257,PIH,"7960"
Pre-gestational diabetes,3964,PIH,"7961"
AZT,1998,PIH,"797"
Salbutamol,521,PIH,"798"
Preterm premature rupture of membranes,4050,PIH,"7989"
Endometrial polyp,4005,PIH,"7990"
Intra-uterine fetal demise,3791,PIH,"7991"
"Torsion of the Ovary, Ovarian Pedicle or Fallopian Tube",3983,PIH,"7992"
Threatened abortion,4093,PIH,"7993"
Uterine Inversion,4111,PIH,"7994"
Endometrial hyperplasia,3995,PIH,"7995"
Cervical laceration,4056,PIH,"7996"
Threatened premature labor,4109,PIH,"7997"
Breast Lump,3980,PIH,"7998"
Polyp of cervix,4032,PIH,"7999"
"7D (seven daily)",1320,PIH,"7D"
Joint pain,1534,PIH,"80"
Malignant neoplasm of fallopian tube,3991,PIH,"8000"
Complete abortion,4044,PIH,"8001"
Renal colic,4087,PIH,"8002"
Polycystic ovaries,3994,PIH,"8004"
Endometriosis,4092,PIH,"8005"
Face or brow presentation,3872,PIH,"8006"
Chronic pelvic pain in female,1634,PIH,"8007"
Transverse Lie,3924,PIH,"8008"
Uterine leiomyoma,4027,PIH,"8009"
Breech presentation,3876,PIH,"8010"
Neoplasm of uterus,4068,PIH,"8012"
Abnormal vaginal bleeding,4094,PIH,"8013"
Salpingitis and Oophoritis,4091,PIH,"8014"
Oligohydramnios,4113,PIH,"8016"
Shoulder girdle dystocia,3982,PIH,"8017"
Abortion with sepsis,4045,PIH,"8018"
Placental abruption,4097,PIH,"8019"
Tenofovir,2161,PIH,"802"
Polyhydramnios,3971,PIH,"8020"
Placenta praevia,4100,PIH,"8021"
Failed trial of labor with subsequent delivery by caesarean section,4072,PIH,"8022"
HELLP (hemolytic anemia/elev liver enzymes/low platelets in pregnancy),4023,PIH,"8023"
Prolapsed umbilical cord,3874,PIH,"8024"
Disorder of placenta,4001,PIH,"8025"
Obstructed labor,4078,PIH,"8026"
Classical hydatidiform mole,4085,PIH,"8027"
Uterine scar,4037,PIH,"8028"
Cephalopelvic disproportion,3798,PIH,"8030"
Labor dystocia,4059,PIH,"8031"
Malignant tumor of vulva,3999,PIH,"8032"
Bartholinitis,1449,PIH,"8033"
Dysplasia of vulva,4012,PIH,"8034"
Pelvic Abscess,4083,PIH,"8035"
Bartholin's cyst,4123,PIH,"8036"
Malignant Neoplasm of Bartholin's Gland,4063,PIH,"8037"
Gestational trophoblastic neoplasm,3987,PIH,"8038"
Gastroduodenitis,4749,PIH,"8040"
Abacavir,2137,PIH,"814"
Cannot afford treatment,1329,PIH,"819"
Transport problems,3754,PIH,"820"
Neuropathy,4364,PIH,"821"
Exposure to HIV,3544,PIH,"822"
Wasting syndrome,3444,PIH,"823"
Melanoma of Skin,5112,PIH,"8285"
Hodgkin's Lymphoma,4233,PIH,"8286"
Congenital Pyloric Stenosis,5261,PIH,"8287"
Failed trial of labor,4042,PIH,"8288"
Obstructed labor due to brow presentation,4006,PIH,"8289"
Eczema,4787,PIH,"829"
Disorder of bursa,5345,PIH,"8290"
Malignant Neoplasm of Nervous System,5097,PIH,"8291"
Bilateral Inguinal Hernia with Gangrene,5304,PIH,"8292"
Malignant brain tumour,5137,PIH,"8293"
Non-Infectious Destruction of Bone,5284,PIH,"8294"
Burn of Wrist(s) and Hand(s),5148,PIH,"8295"
Benign Neoplasm of Duodenum,5270,PIH,"8296"
Obstructed labor due to breech presentation,3974,PIH,"8297"
Delayed union of fracture,5264,PIH,"8298"
Spermatocele,5351,PIH,"8299"
Toxicity,1228,PIH,"83"
Haematosalpinx,4121,PIH,"8300"
Crushing Injury of Toe,5262,PIH,"8301"
Syndactyly,5297,PIH,"8302"
Congenital Anomaly of Musculoskeletal System,5301,PIH,"8303"
Traumatic amputation of foot at ankle level,5217,PIH,"8304"
Ingrowing Nail,5275,PIH,"8305"
Femoral Hernia,5249,PIH,"8306"
Benign Neoplasm of Endocrine Gland,5287,PIH,"8307"
Malignant Neoplasm of Nasal Cavity,5106,PIH,"8308"
Melaena,5228,PIH,"8309"
Intracranial injury,5231,PIH,"8310"
Osteoarthritis of hip,5331,PIH,"8311"
Malignant tumor of ovary,4015,PIH,"8312"
Open wound of ear,5206,PIH,"8313"
Stenosis of rectum and anus,5324,PIH,"8314"
Malignant tumor of uterus,4010,PIH,"8315"
Benign Neoplasm of Bone,5141,PIH,"8316"
Dislocation of ankle,4150,PIH,"8317"
Diffuse cystic mastopathy,5258,PIH,"8318"
Failed attempted termination of pregnancy,4080,PIH,"8319"
Weight loss,1515,PIH,"832"
Malignant tumor of laryngeal cartilage,5124,PIH,"8320"
Cleft palate,5198,PIH,"8321"
Malignant neoplasm of thyroid gland,5123,PIH,"8322"
Deep vein thrombosis,5343,PIH,"8323"
Dislocation of Jaw,5277,PIH,"8324"
Foreign body granuloma of skin,5145,PIH,"8325"
Foreign body in respiratory tract,5234,PIH,"8326"
Fracture of skull and facial bones,4205,PIH,"8327"
Open wound of hip,5177,PIH,"8328"
Non-Toxic Multinodular Goiter,5295,PIH,"8329"
Necrosis of amputation stump,5344,PIH,"8330"
Benign neoplasm of ovary,5164,PIH,"8331"
Burn of Trunk,5289,PIH,"8332"
Malignant neoplasm of testis,5127,PIH,"8333"
Malignant Neoplasm of Biliary Tract,5092,PIH,"8334"
Hematocolpos,4099,PIH,"8335"
Crushing Injury of Finger,5176,PIH,"8336"
Fistula involving female genital tract,5250,PIH,"8337"
Crushing Injury of Ankle,5333,PIH,"8338"
Bilateral Inguinal Hernia,5310,PIH,"8339"
Umbilical Cord Complication During Labor and Delivery,3977,PIH,"8340"
Hypertrophy of bone,5317,PIH,"8341"
Vaginal Enterocele,5274,PIH,"8342"
Fracture of Scapula,5143,PIH,"8343"
Fat Necrosis of Breast,5186,PIH,"8344"
Traumatic Amputation of Toe,5361,PIH,"8345"
Assault by Cutting and Piercing Instrument,5178,PIH,"8346"
Haemangioma,5203,PIH,"8347"
Gastrointestinal hemorrhage,1247,PIH,"8348"
open wound of knee,5156,PIH,"8349"
Tinea corporis,4765,PIH,"835"
Osteoarthritis of knee,4356,PIH,"8350"
Malignant neoplasm of placenta,4064,PIH,"8351"
Pilonidal Cyst,5334,PIH,"8352"
Hypertrophy of Tonsils and Adenoids,5167,PIH,"8353"
Moderate pre-eclampsia,4039,PIH,"8354"
Malignant tumor of adrenal gland,5118,PIH,"8355"
Malignant Neoplasm of Tongue,5111,PIH,"8356"
Torsion of Testis,5305,PIH,"8357"
Primary Malignant Neoplasm of Sublingual Gland,5104,PIH,"8358"
Gastroschisis,5174,PIH,"8359"
Herpes Zoster,3457,PIH,"836"
Female Urethrocele without Uterine Prolapse,5307,PIH,"8360"
Amputation of arm,5332,PIH,"8361"
Rectal Polyp,5299,PIH,"8362"
Hepatic Trauma,5163,PIH,"8363"
Malignant Neoplasm of Pancreas,5100,PIH,"8364"
Necrotizing fasciitis,5224,PIH,"8365"
Traumatic Amputation of Finger(s),4560,PIH,"8366"
Benign neoplasm of rectum,5349,PIH,"8367"
Obstructed labor due to unusually large fetus,4086,PIH,"8368"
liver abscess excluding amebic liver abscess,5342,PIH,"8369"
Female genital prolapse,5193,PIH,"8370"
Rectal Prolapse,5328,PIH,"8371"
Open Wound of Head,5236,PIH,"8372"
Traumatic amputation through wrist,5243,PIH,"8373"
Open Wound of Shoulder Region,5150,PIH,"8374"
Rectal abscess,5195,PIH,"8375"
Follicular Cyst of Ovary,4069,PIH,"8376"
Hemoperitoneum (nontraumatic),5221,PIH,"8377"
Nasal Polyp,5323,PIH,"8378"
Nonunion of fracture,5314,PIH,"8379"
Acne,4797,PIH,"838"
Crushing Injury of Shoulder Region,5329,PIH,"8380"
Bony Exostosis,5309,PIH,"8381"
burn of unspecified degree of ankle and foot,5318,PIH,"8382"
Open Wound of Nose,5202,PIH,"8383"
"Congenital Absence, Atresia and Stenosis of Small Intestine",5246,PIH,"8384"
open wound of thigh,5209,PIH,"8385"
Intussusception of Intestine,5240,PIH,"8386"
Diaphragmatic Hernia,5247,PIH,"8387"
Dislocation of Tooth,5313,PIH,"8388"
Subarachnoid hemorrhage,4176,PIH,"8389"
Thrombocytopenia,4238,PIH,"839"
Cyst of Pancreas,5350,PIH,"8390"
Fetal death,4104,PIH,"8391"
Malignant Neoplasm of Small Intestine,5090,PIH,"8392"
Ventral Hernia,5347,PIH,"8393"
Dislocation of Knee,5286,PIH,"8394"
Placental abnormality,3801,PIH,"8395"
Benign Neoplasm of Urinary Organ,5205,PIH,"8396"
dislocation of phalanx of foot,5296,PIH,"8397"
Malignant tumor of parathyroid gland,5117,PIH,"8398"
Pyogenic arthritis,5204,PIH,"8399"
Hematuria,1479,PIH,"840"
Malignant tumor of gallbladder,5125,PIH,"8400"
Effusion of joint,1586,PIH,"8401"
Colostomy and Enterostomy Malfunction,5291,PIH,"8402"
Hypertrophy of Tonsils,5219,PIH,"8403"
Unilateral Inguinal Hernia with Obstruction but no Gangrene,5152,PIH,"8404"
Fracture of clavicle,5181,PIH,"8405"
Bilateral Inguinal Hernia with Obstruction but no Gangrene,5253,PIH,"8406"
Unspecified Synovitis and Tenosynovitis,5201,PIH,"8407"
Injury to Cranial Nerve,5232,PIH,"8408"
Malignant neoplasm of vagina,4019,PIH,"8409"
Hemarthrosis,4509,PIH,"8410"
Stress fracture,5312,PIH,"8411"
Malignant tumor of base of tongue,5129,PIH,"8412"
Malignant Neoplasm of Anal Canal,5134,PIH,"8413"
Burkitt's Lymphoma (Clinical),5139,PIH,"8414"
Traumatic Amputation at Level between Hip and Knee,4572,PIH,"8415"
Peritonitis,4230,PIH,"8416"
Prolonged labor,4055,PIH,"8417"
Cystocele,5189,PIH,"8418"
Hematemesis,1244,PIH,"8419"
Hypertrophy of Breast,5220,PIH,"8420"
Benign Neoplasm of Liver,5365,PIH,"8421"
Cleft lip,5245,PIH,"8422"
Benign neoplasm of thyroid gland,5244,PIH,"8423"
"Burn of Face, Head and Neck",1234,PIH,"8424"
Hirschsprung's Disease,5300,PIH,"8425"
Malignant tumor of rectum,5094,PIH,"8426"
Dislocation of Wrist,5353,PIH,"8427"
Assault by Handgun,5218,PIH,"8428"
Contraceptive Management,4115,PIH,"8429"
Regimen failure,1337,PIH,"843"
Forearm fracture,5338,PIH,"8430"
Crushing Injury of Thigh,5340,PIH,"8431"
Traumatic amputation at level between elbow and wrist,5187,PIH,"8432"
Postoperative Intestinal Obstruction,5235,PIH,"8433"
Anorectal Abscess,5358,PIH,"8434"
Non-Hodgkin's malignant lymphoma,5099,PIH,"8435"
Fracture of lower leg,5320,PIH,"8436"
Pedestrian injured in unspecified transport accident,5213,PIH,"8437"
Follicular cyst of skin and subcutaneous tissue,5142,PIH,"8438"
Incomplete rotation of fetal head,4081,PIH,"8439"
Gum Cancer,5093,PIH,"8440"
Malignant tumor of penis,5098,PIH,"8441"
Open Wound of Scalp,5154,PIH,"8442"
Scar Conditions and Fibrosis of Skin,5197,PIH,"8443"
"crushing injury of head, part unspecified",5160,PIH,"8444"
Lymphangioma,5194,PIH,"8445"
Acute Abdomen,5335,PIH,"8446"
Thyrotoxicosis,4217,PIH,"8447"
"Congenital Absence, Atresia and Stenosis of Large Intestine",5207,PIH,"8448"
Nontoxic Uninodular Goiter,5159,PIH,"8449"
Crushing Injury of Knee,5348,PIH,"8450"
"Uterovaginal Prolapse, Complete",5147,PIH,"8451"
Intestinal Adhesions with Obstruction,5273,PIH,"8452"
Peritoneal Adhesion,5182,PIH,"8453"
Malignant neoplasm of liver and intrahepatic bile ducts,5108,PIH,"8454"
Benign neoplasm of uterus,5354,PIH,"8455"
Malignant Neoplasm of Rectosigmoid Junction,5103,PIH,"8456"
Malignant Neoplasm of Stomach,5132,PIH,"8457"
Anal Fissure,5339,PIH,"8458"
Disease of Nail,5208,PIH,"8459"
Avulsion of Scalp,5144,PIH,"8460"
Open Wound of Lower Leg,5196,PIH,"8461"
Multiple Myeloma,5133,PIH,"8462"
Obstructed labor due to compound presentation,4060,PIH,"8463"
Condyloma Acuminatum,5294,PIH,"8464"
fracture of other and unspecified parts of wrist and hand,5242,PIH,"8465"
Foreign Object Left in Body During Procedure,5168,PIH,"8466"
Incomplete Uterovaginal Prolapse,5172,PIH,"8467"
Malignant Neoplasm of Major Salivary Glands,5110,PIH,"8468"
Foreign Body in Digestive Tract,5230,PIH,"8469"
Fall,5222,PIH,"8470"
Malignant neoplasm of bone,5116,PIH,"8471"
Open Wound of Forearm,5315,PIH,"8472"
Traumatic Pneumothorax,5239,PIH,"8473"
Pathologic Fracture,5162,PIH,"8474"
Hypertrophic Scar,5180,PIH,"8475"
Cervical Intraepithelial Neoplasia Grade 1,5359,PIH,"8476"
Acute Lymphadenitis,5216,PIH,"8477"
Unilateral Inguinal Hernia with Gangrene,5282,PIH,"8478"
Traumatic Haemothorax,5278,PIH,"8479"
Serum albumin,2923,PIH,"848"
Benign Neoplasm of Parotid Gland,5184,PIH,"8480"
Primary Malignant Neoplasm of Submaxillary Gland,5107,PIH,"8481"
Pseudocyst of Pancreas,5158,PIH,"8482"
Benign neoplasm of esophagus,5153,PIH,"8483"
Malignant tumor of parotid gland,5131,PIH,"8484"
Residual Foreign Body in Soft Tissue,5191,PIH,"8485"
Chronic Tonsillitis,5257,PIH,"8486"
Calculus of Lower Urinary Tract,5325,PIH,"8487"
Perforation of intestine,5251,PIH,"8488"
Accidental drowning or submersion,5255,PIH,"8489"
Urinary albumin,3150,PIH,"849"
Benign Neoplasm of Anus,5281,PIH,"8490"
Malignant Neoplasm of Accessory Sinus,5101,PIH,"8491"
Cervical Intraepithelial Neoplasia Grade 2,5115,PIH,"8492"
Solitary Cyst of Breast,5211,PIH,"8493"
open wound of ankle,5356,PIH,"8494"
Malignant neoplasm of colon,5102,PIH,"8495"
Small Intestine Injury,5271,PIH,"8496"
Benign Neoplasm of Pancreas,5298,PIH,"8497"
Fistula of Intestine,5166,PIH,"8498"
Dislocation of finger,4144,PIH,"8499"
Open Wound of Wrist,5293,PIH,"8500"
Malignant neoplasm of mandible,5105,PIH,"8501"
Open Wound of Upper Arm,5260,PIH,"8502"
Proximal humeral fracture,5362,PIH,"8503"
Traumatic amputation of arm through elbow,5190,PIH,"8504"
Anal Polyp,5321,PIH,"8505"
Injury of Brachial Plexus,5290,PIH,"8506"
Thyroiditis,5283,PIH,"8507"
Benign Neoplasm of Colon,5175,PIH,"8508"
Amebic liver abscess,5169,PIH,"8509"
Mean corpuscular volume,3019,PIH,"851"
Corpus Luteum Cyst,5285,PIH,"8510"
Malignant neoplasm of anus,5128,PIH,"8511"
Varicocele,5364,PIH,"8512"
Hordeolum,5341,PIH,"8513"
"Malignant Neoplasm of Auditory Tube, Middle Ear and Mastoid Air Cells",5130,PIH,"8514"
Ganglion of Tendon Sheath,5185,PIH,"8515"
Benign lipomatous neoplasm,5210,PIH,"8516"
Intestinal Volvulus,5352,PIH,"8517"
Malignant Neoplasm of Ureter,5223,PIH,"8518"
Open Wound of Neck,5146,PIH,"8519"
Malignant Neoplasm of Urinary Bladder,5121,PIH,"8520"
Synovial Cyst of Popliteal Space,5254,PIH,"8521"
"Abdominal or Pelvic Swelling, Mass or Lump",5292,PIH,"8522"
Thyroglossal Duct Cyst,5279,PIH,"8523"
Crushing Injury of Hip,5170,PIH,"8524"
Septic Shock,5188,PIH,"8525"
Crushing Injury of Lower Leg,5256,PIH,"8526"
Meckel's Diverticulum,5267,PIH,"8527"
Obstructed labor due to face presentation,4007,PIH,"8528"
Malignant Neoplasm of Kidney,5109,PIH,"8529"
Disease of bartholin's gland,5272,PIH,"8530"
Contracture of Joint,5322,PIH,"8531"
assault by blunt object,5303,PIH,"8532"
IDDM with Peripheral Circulatory Disorder,5215,PIH,"8533"
Infection of amputation stump,5268,PIH,"8534"
Traumatic Amputation of Ear,5237,PIH,"8535"
Spleen Injury,5327,PIH,"8536"
Benign Neoplasm of Stomach,5227,PIH,"8537"
Type II Diabetes Mellitus with Peripheral Circulatory Disorder,5161,PIH,"8538"
Malignant Neoplasm of Lip,5113,PIH,"8539"
Fracture of cervical vertebra,4181,PIH,"8540"
Urinary calculus,5336,PIH,"8541"
Crushing Injury of Wrist,5233,PIH,"8542"
Herniation of rectum into vagina,5330,PIH,"8543"
Hypertrophy of adenoids,5306,PIH,"8544"
Malignant tumor of trachea,5138,PIH,"8545"
Obstructed labor due to shoulder presentation,3990,PIH,"8546"
Malunion of Fracture,5173,PIH,"8547"
Omphalocele,5316,PIH,"8548"
Crushing Injury of Forearm,5151,PIH,"8549"
Fracture of Foot,5337,PIH,"8550"
Hip Dislocation,5288,PIH,"8551"
Malignant Neoplasm of Renal Pelvis,5259,PIH,"8552"
Crushing Injury of Neck,5149,PIH,"8553"
Postoperative wound infection,5346,PIH,"8554"
Noninflammatory Disorder of Vagina,5238,PIH,"8555"
Femoral Fractures,5265,PIH,"8556"
Prune Belly Syndrome,5241,PIH,"8557"
Triplet Pregnancy,4122,PIH,"8558"
"Malignant Neoplasm of Eye, Part Unspecified",5095,PIH,"8559"
"HIV viral load, quantitative",3122,PIH,"856"
Stomach Injury,5225,PIH,"8560"
Open Wound of Foot,4510,PIH,"8561"
Benign neoplasm of other and unspecified parts of small intestine,5183,PIH,"8562"
Foreign Body in Genitourinary Tract,5252,PIH,"8563"
Paralytic Ileus,5165,PIH,"8564"
Opportunistic infection diagnoses,4706,PIH,"8566"
Open fracture,1223,PIH,"8567"
Retropharyngeal and parapharyngeal abscess,4199,PIH,"8568"
Fracture of rib,4191,PIH,"8569"
Urea (BUN),3209,PIH,"857"
Sickle-cell anemia without crisis,4149,PIH,"8570"
Other intra-abdominal injury,4188,PIH,"8571"
Closed fracture,1222,PIH,"8572"
Sickle-cell anemia with crisis,4182,PIH,"8573"
Diabetes ketoacidosis,4168,PIH,"8574"
Corneal abrasion,4145,PIH,"8575"
Other intra-thoracic injury,4167,PIH,"8576"
Fracture of thoracic vertebra,4180,PIH,"8577"
Traumatic subdural hemorrhage,4194,PIH,"8578"
Acute chest syndrome,4172,PIH,"8579"
Fracture of pelvis,4186,PIH,"8580"
Pulmonary embolism,4147,PIH,"8581"
Vision Loss,4171,PIH,"8582"
Spontaneous bacterial peritonitis,4196,PIH,"8584"
Fracture of skull,4210,PIH,"8585"
Diverticulitis,4173,PIH,"8586"
Epiglottitis,4175,PIH,"8587"
Traumatic shock,4213,PIH,"8588"
Fracture of lumbar vertebra,4146,PIH,"8589"
Cardiogenic shock,4165,PIH,"8590"
Concussion,4212,PIH,"8591"
Accession number,900,PIH,"8593"
Radiology report construct,907,PIH,"8594"
Type of report,905,PIH,"8595"
Radiology report comments,906,PIH,"8596"
Final,903,PIH,"8597"
Correction,904,PIH,"8598"
Alteration of consciousness,4189,PIH,"8599"
Transport accident,4714,PIH,"86"
Neck pain,4148,PIH,"8600"
Hepatic encephalopathy,4214,PIH,"8601"
Radiology study construct,901,PIH,"8604"
Radiology images available,898,PIH,"8605"
Coronary artery disease,4228,PIH,"8606"
Spine fracture,4187,PIH,"8607"
Non-traumatic subdural hemorrhage,4195,PIH,"8608"
Traumatic Intracranial Extradural Hematoma,4204,PIH,"8609"
Hearing difficulties,1530,PIH,"861"
Facial fractures,4179,PIH,"8610"
Haiti notifiable disease set,5377,PIH,"8612"
Haiti monthly notifiable diseases,5372,PIH,"8613"
Radiology procedure performed,899,PIH,"8614"
Bitten by suspected rabid animal,4916,PIH,"8615"
Surgery procedures,2726,PIH,"8616"
Left without seeing a clinician,948,PIH,"8617"
PIH Disposition construct,959,PIH,"8618"
Death,939,PIH,"8619"
Disposition categories,950,PIH,"8620"
Transfer arrival location within hospital,951,PIH,"8621"
Admission location in hospital,958,PIH,"8622"
Transfer within hospital,949,PIH,"8623"
Transfer out of hospital,938,PIH,"8624"
Excision of Bartholin's gland,2509,PIH,"8625"
Salpingolysis,2407,PIH,"8626"
Partial laryngectomy,2554,PIH,"8627"
Extraction of cataract,2465,PIH,"8628"
Parathyroidectomy,2531,PIH,"8629"
Distal pancreatectomy,2681,PIH,"8630"
Biopsy of ovary,2628,PIH,"8631"
Pelvic lymphadenectomy,2487,PIH,"8632"
Excision of lesion of nasal cavity,2418,PIH,"8633"
Complete parotidectomy,2597,PIH,"8634"
Biopsy of rectum,2469,PIH,"8635"
Incision and drainage of peritonsillar abscess,2451,PIH,"8636"
Repair of vaginal tear,2437,PIH,"8637"
Excision of lesion of maxilla,2565,PIH,"8638"
Total thyroidectomy,2512,PIH,"8639"
Genital ulcers,1450,PIH,"864"
Colpoperineorrhaphy,2708,PIH,"8640"
Pelvic examination under anesthesia,2677,PIH,"8641"
Biopsy of salivary gland,2716,PIH,"8642"
Salpingosalpingostomy,2384,PIH,"8643"
Biopsy of cervix,2644,PIH,"8644"
Bronchoscopy,2456,PIH,"8645"
Suture of lung laceration,2424,PIH,"8646"
Nasal polypectomy,2528,PIH,"8647"
Cerclage of cervix during pregnancy by vaginal approach,2500,PIH,"8648"
Drainage of nasal septal hematoma,2466,PIH,"8649"
Excision of thyroglossal duct cyst,2376,PIH,"8650"
Excision of mammary duct,2406,PIH,"8651"
Insertion of tympanic ventilation tube,2533,PIH,"8652"
Partial splenectomy,2441,PIH,"8653"
Indirect laryngoscopy,2420,PIH,"8654"
Circumcision,425,PIH,"8655"
Total laryngectomy,2680,PIH,"8656"
Closed reduction of dislocation of patella,2673,PIH,"8657"
Total splenectomy,2529,PIH,"8658"
Craniotomy and evacuation of traumatic hematoma,2588,PIH,"8659"
Orchiectomy,2534,PIH,"8660"
Decompressive craniotomy,2490,PIH,"8661"
Repair of inguinal hernia,2366,PIH,"8662"
Closure of tracheostomy,2436,PIH,"8663"
Partial rhinectomy,2613,PIH,"8664"
Lobectomy of thyroid gland,2508,PIH,"8665"
Transmetatarsal amputation of foot,2724,PIH,"8666"
Reduction of volvulus of large intestine,2676,PIH,"8667"
Cricothyroidotomy,2521,PIH,"8668"
Suture of laceration of external ear,2368,PIH,"8669"
Insomnia,4903,PIH,"867"
Incision of anal fistula,2422,PIH,"8670"
Creation of jejunostomy,2428,PIH,"8671"
Removal of thyroid nodule,2569,PIH,"8672"
Drainage of ovarian cyst,2589,PIH,"8673"
Amputation of toe,2657,PIH,"8674"
Partial parotidectomy,2536,PIH,"8675"
Biopsy of lip,2397,PIH,"8676"
Suture of laceration of diaphragm,2705,PIH,"8677"
Incision of lingual frenum,2659,PIH,"8678"
Excision of submandibular gland,2551,PIH,"8679"
Anorexia,4602,PIH,"868"
Excision of anal fissure,2630,PIH,"8680"
Hemorrhoidectomy,2488,PIH,"8681"
Repair of peripheral nerve,2606,PIH,"8682"
Biopsy of vulva,2553,PIH,"8683"
Biopsy of penis,2641,PIH,"8684"
Drainage of ovarian abscess,2704,PIH,"8685"
Amputation of leg through tibia and fibula,2684,PIH,"8686"
Direct laryngoscopy,2506,PIH,"8687"
Vaginal hysterectomy,2616,PIH,"8688"
Amputation of leg through femur,2498,PIH,"8689"
Radical abdominal hysterectomy,2463,PIH,"8690"
Excision of anal fistula,2548,PIH,"8691"
Colpotomy with drainage of pelvic abscess,2691,PIH,"8692"
Suture of small intestine,2495,PIH,"8693"
Thoracotomy,2438,PIH,"8694"
Uterine myomectomy,2403,PIH,"8695"
Removal of external fixation,2458,PIH,"8696"
Suture of skin wound,2593,PIH,"8697"
Insertion of pleural tube drain,2642,PIH,"8698"
Partial lobectomy of thyroid,2611,PIH,"8699"
Open reduction of dislocation of knee,2633,PIH,"8700"
Excision of cyst of sublingual gland,2556,PIH,"8701"
Excision of lesion of pharynx,2402,PIH,"8702"
Percutaneous biopsy of liver,2370,PIH,"8703"
Complete amputation of penis,2475,PIH,"8704"
Closure of colostomy,2444,PIH,"8705"
Excision of sublingual gland,2460,PIH,"8706"
Suture of lip,2663,PIH,"8707"
Incision and drainage of deep abscess of soft tissue,2467,PIH,"8708"
Repair of digital nerve,2665,PIH,"8709"
Fever with chills,4809,PIH,"871"
Biopsy of larynx,2450,PIH,"8710"
Excision of cystic hygroma,2555,PIH,"8711"
Total rhinectomy,2400,PIH,"8712"
Lysis of adhesions of intestines,2695,PIH,"8713"
Amputation of forearm through radius and ulna,2483,PIH,"8714"
Excision of anal skin tag,2563,PIH,"8715"
Cholecystostomy,2718,PIH,"8716"
Salpingectomy for tubal ectopic pregnancy,2387,PIH,"8717"
Repair of hydrocele,2504,PIH,"8718"
Partial excision of external ear,2703,PIH,"8719"
Drainage of liver abscess,2380,PIH,"8720"
Oophorectomy,2519,PIH,"8721"
Repair of laceration of bladder,2668,PIH,"8722"
surgical biopsy of pancreas,2415,PIH,"8723"
Biopsy of palate,2540,PIH,"8724"
Surgical biopsy of liver,2552,PIH,"8725"
Exploration of scrotum,2590,PIH,"8726"
Biopsy of external ear,2583,PIH,"8727"
Open reduction of dislocation of hip,2645,PIH,"8728"
Reduction of intussusception of small intestine,2690,PIH,"8729"
Otorrhea,1531,PIH,"873"
Repair of syndactyly,2639,PIH,"8730"
Pyloroplasty,2454,PIH,"8731"
Transmetacarpal amputation,2605,PIH,"8732"
Nasal sinus endoscopy,2492,PIH,"8733"
Gastrostomy,2383,PIH,"8734"
Excision of Bartholin's cyst,2697,PIH,"8735"
Biopsy of muscle,2682,PIH,"8736"
Drainage of scrotal wall abscess,2656,PIH,"8737"
Diagnostic dilation and curettage of uterus,2631,PIH,"8738"
Enucleation of eyeball,2580,PIH,"8739"
Cholecystectomy,2618,PIH,"8740"
Excision of pilonidal sinus,2542,PIH,"8741"
Disarticulation of ankle,2510,PIH,"8742"
Biopsy of anus,2637,PIH,"8743"
Removal of foreign body from external auditory canal,2468,PIH,"8744"
Biopsy of lymph node,2455,PIH,"8745"
Closure of enterostomy,2669,PIH,"8746"
Closed reduction of dislocation of hip,2516,PIH,"8747"
Adjustment of external fixation,2638,PIH,"8748"
Disarticulation of the knee,2432,PIH,"8749"
Incision of small intestine,2581,PIH,"8750"
Repair of umbilical hernia,2675,PIH,"8751"
Escharotomy,2635,PIH,"8752"
Incisional biopsy of breast,2667,PIH,"8753"
Modified radical mastectomy,2457,PIH,"8754"
Mastectomy for gynecomastia,2501,PIH,"8755"
Small intestine excision,2511,PIH,"8756"
Biopsy of vagina,2723,PIH,"8757"
Suture of large intestine,2626,PIH,"8758"
Drainage of external auditory canal abscess,2694,PIH,"8759"
Dilatation and curettage for incomplete spontaneous abortion,2517,PIH,"8760"
Complete excision of vagina,2707,PIH,"8761"
Drainage of breast cyst,2471,PIH,"8762"
Intranasal biopsy,2672,PIH,"8763"
Caesarean hysterectomy,2421,PIH,"8764"
Repair of recurrent inguinal hernia,2632,PIH,"8765"
Burn dressing,2413,PIH,"8766"
Repair of auricle of ear,2722,PIH,"8767"
Closure or repair of abdominal wall dehiscence,2636,PIH,"8768"
Myringotomy,2523,PIH,"8769"
Dizziness and giddiness,4732,PIH,"877"
Full thickness skin graft,2452,PIH,"8770"
Decompressive fasciotomy of leg,2520,PIH,"8771"
Reconstruction of external auditory canal,2429,PIH,"8772"
Removal of foreign body from deep soft tissue,2401,PIH,"8773"
Partial amputation of penis,2367,PIH,"8774"
Dilation and curettage for removal of missed abortion,2610,PIH,"8775"
Drainage of abscess of salivary gland,2649,PIH,"8776"
Biopsy of endometrium,2709,PIH,"8777"
Partial excision of vagina,2599,PIH,"8778"
Biopsy of pharynx,2388,PIH,"8779"
Suture of uterus,2687,PIH,"8780"
Excision of Meckel's diverticulum,2372,PIH,"8781"
Split thickness skin graft,2711,PIH,"8782"
Incision of external thrombosed hemorrhoid,2442,PIH,"8783"
Total abdominal hysterectomy,2688,PIH,"8784"
Excision of lesion of external auditory canal,2470,PIH,"8785"
Orchidopexy,2714,PIH,"8786"
Incision of perianal abscess,2603,PIH,"8787"
Repair of ventral hernia,2453,PIH,"8788"
Anoscopy,2449,PIH,"8789"
Pruritus,1404,PIH,"879"
Disarticulation at wrist,2582,PIH,"8790"
Ligation of varicocele,2532,PIH,"8791"
Removal of foreign body from nose,2398,PIH,"8792"
Ray amputation of finger,2405,PIH,"8793"
Repair of obstetric laceration of uterus,2584,PIH,"8794"
Gastrojejunostomy,2462,PIH,"8795"
Salpingo-oophorectomy,2712,PIH,"8796"
Excision of tonsil,2627,PIH,"8797"
Biopsy of nasal sinus,2585,PIH,"8798"
Excision of lesion of pancreas,2717,PIH,"8799"
Acetylsalicylic acid,533,PIH,"88"
Allergic rhinitis,4274,PIH,"880"
Excision of lesion of soft palate,2576,PIH,"8800"
Incision and drainage of abscess of skin,2652,PIH,"8801"
Repair of injury of liver,2543,PIH,"8802"
Biopsy of skin,2719,PIH,"8803"
Removal of tympanic ventilation tube from tympanic membrane,2622,PIH,"8804"
Exploratory laparotomy,2570,PIH,"8805"
Excision of retroperitoneal mass,2502,PIH,"8806"
Core needle biopsy of breast,2515,PIH,"8807"
Drainage of external ear,2721,PIH,"8808"
Incision and drainage of breast abscess,2499,PIH,"8809"
Dysphagia,1597,PIH,"881"
Colostomy,2561,PIH,"8810"
Cystostomy and insertion of suprapubic catheter,2547,PIH,"8811"
Suture of stomach,2503,PIH,"8812"
Removal of foreign body from pharynx,2550,PIH,"8813"
Excision of cyst of ovary,2710,PIH,"8814"
Appendectomy,2591,PIH,"8815"
Biopsy of bone,2617,PIH,"8816"
Lateral internal sphincterotomy,2538,PIH,"8817"
Suture of trachea,2435,PIH,"8818"
Evacuation of hematoma of vagina,2623,PIH,"8819"
Pneumocystis carinii pneumonia,3435,PIH,"882"
Biopsy of testis,2393,PIH,"8820"
Surgical reduction of torsion of testis,2430,PIH,"8821"
Excision of mandible,2713,PIH,"8822"
Pyloromyotomy,2527,PIH,"8823"
Incision of stomach,2494,PIH,"8824"
Repair of epigastric hernia,2434,PIH,"8825"
Biopsy of thyroid,2706,PIH,"8826"
Excision of adenoid,2525,PIH,"8827"
Nasal endoscopy,2619,PIH,"8828"
Excision of lesion of vagina,2566,PIH,"8829"
Trephination of cranium,2693,PIH,"8831"
Tracheostomy,2537,PIH,"8832"
Open reduction of dislocation of patella,2558,PIH,"8833"
Gastric surgical biopsy,2674,PIH,"8834"
Amputation of foot through ankle,2604,PIH,"8835"
Salpingectomy,2621,PIH,"8836"
Excision of branchial cyst,2587,PIH,"8837"
Radical Neck Dissection,2382,PIH,"8838"
Total mastectomy,2389,PIH,"8839"
Human Immunodeficiency Virus,7029,PIH,"884"
Excision of lesion on penis,2486,PIH,"8840"
Separation of labial adhesions,2478,PIH,"8841"
Incision and drainage of Bartholin's gland,2524,PIH,"8842"
External fixation of bone,2594,PIH,"8843"
Excision of lesion of skin,2446,PIH,"8844"
Wedge resection of ovary,2381,PIH,"8845"
Occurrence of trauma,3947,PIH,"8848"
Type of trauma,5402,PIH,"8849"
Papanicolaou smear,3201,PIH,"885"
Home accident,5401,PIH,"8850"
Work accident,5400,PIH,"8851"
Domestic abuse,5386,PIH,"8852"
Family planning,3780,PIH,"8853"
Transfer out location,954,PIH,"8854"
Zanmi Lasante supported site,599,PIH,"8855"
Non-PIH facility,601,PIH,"8856"
Left without completion of treatment,934,PIH,"8858"
BCG vaccine,166,PIH,"886"
High-risk pregnancy,4041,PIH,"8861"
Postpartum state,5087,PIH,"8862"
Contraceptive management set,5061,PIH,"8864"
Pregnancy review set,5088,PIH,"8865"
Oral contraceptive surveillance,2741,PIH,"8866"
Supervision of subsequent normal pregnancy,5085,PIH,"8867"
Insertion of contraceptive implant,2733,PIH,"8868"
Supervision of normal first pregnancy,5086,PIH,"8869"
Serum glucose,1174,PIH,"887"
Insertion of IUD,2749,PIH,"8870"
Hyperlipidemia,4227,PIH,"8871"
Viral pneumonia,4831,PIH,"8872"
Heartburn,4711,PIH,"8873"
Duodenitis,4872,PIH,"8874"
Avian influenza,4844,PIH,"8875"
Benign neoplasm of scrotum,4776,PIH,"8876"
Lower abdominal pain,4372,PIH,"8877"
Severe Acute Respiratory Syndrome,4867,PIH,"8878"
Type of outpatient visit,3958,PIH,"8879"
Procedure only,3950,PIH,"8880"
Lab only,3956,PIH,"8881"
Pharmacy only,3955,PIH,"8882"
Social assistance and psychosocial support,1095,PIH,"8883"
Watery diarrhea,4779,PIH,"8884"
Hypertensive crisis,630,PIH,"8885"
Red,1270,PIH,"8886"
Green,1268,PIH,"8887"
Congenital malformation of uterus and cervix,3967,PIH,"8888"
Congenital anomaly of female genital system,4014,PIH,"8889"
Admission for sterilization,4030,PIH,"8890"
Request scheduled appointment,3952,PIH,"8891"
Caesarean section with tubal ligation,2369,PIH,"8892"
"Ligation of uterine arteries, bilateral",2574,PIH,"8893"
"Skull, 2 views (X-ray)",819,PIH,"8895"
Vaccination,2363,PIH,"8896"
Malocclusion,4667,PIH,"8897"
Retained Dental Root,4655,PIH,"8898"
Dental Caries Limited to Enamel,4649,PIH,"8899"
Paracetamol,1264,PIH,"89"
Odontodysplasia,4671,PIH,"8900"
Temporomandibular joint disorder,4635,PIH,"8901"
Chronic Periodontitis,4659,PIH,"8902"
Supernumerary Tooth,4642,PIH,"8903"
Dental Fluorosis,4644,PIH,"8904"
Gingival recession,4668,PIH,"8905"
Impacted tooth,4634,PIH,"8906"
Cementum caries,4654,PIH,"8907"
Mesiodens,4652,PIH,"8908"
Developmental abnormality of tooth size and form,4666,PIH,"8909"
Pertussis,4756,PIH,"891"
Anodontia,4663,PIH,"8910"
Premature shedding of primary tooth,4662,PIH,"8911"
Chronic Apical Periodontitis,4676,PIH,"8912"
Amelogenesis imperfecta,4672,PIH,"8913"
Acute Periodontitis,4648,PIH,"8914"
Acute Gingivitis,4650,PIH,"8915"
Dentinogenesis imperfecta,4660,PIH,"8916"
Periapical abscess without sinus,4673,PIH,"8917"
Chronic Gingivitis,4661,PIH,"8918"
Disease of lip,4651,PIH,"8919"
Varicella,1760,PIH,"892"
Hypodontia,4647,PIH,"8920"
Disturbance of tooth formation,4674,PIH,"8921"
Tooth loss,4637,PIH,"8922"
Periodontal Disease,4656,PIH,"8923"
Premature tooth eruption,4653,PIH,"8924"
Diseases of Salivary Glands,4669,PIH,"8925"
Embedded Teeth,4636,PIH,"8926"
Caries of dentine,4643,PIH,"8927"
Dentistry diagnoses,4678,PIH,"8928"
Encounter for palliative care,4352,PIH,"8929"
Gonorrhea,3620,PIH,"893"
Follow-up examination after surgery for malignant neoplasm,5114,PIH,"8930"
Follow-up examination after chemotherapy for malignant neoplasm,5096,PIH,"8931"
Follow-up examination after combined treatment for malignant neoplasm,5135,PIH,"8932"
Chemotherapy session for neoplasm,5136,PIH,"8933"
Oncology diagnoses,5140,PIH,"8934"
Recurrent aphthous ulcer,3469,PIH,"8935"
Disorder of gingiva and edentulous alveolar ridge,4675,PIH,"8936"
Leukoplakia of tongue,4639,PIH,"8937"
Disorder of tongue,4677,PIH,"8938"
Failure of exfoliation of primary tooth,4645,PIH,"8940"
Routine visit for teeth cleaning,2359,PIH,"8941"
Routine visit for teeth cleaning I,2360,PIH,"8942"
Routine visit for teeth cleaning II,2358,PIH,"8943"
Routine visit for teeth cleaning III,2361,PIH,"8944"
"Dental caries, class III",4670,PIH,"8945"
"Dental caries, class IV",4658,PIH,"8946"
"Dental caries, class II",4665,PIH,"8947"
"Dental caries, class V",4664,PIH,"8948"
"Dental caries, class I",4640,PIH,"8949"
Colposcopy,2762,PIH,"8952"
Mastodynia,4002,PIH,"8954"
Internal medicine diagnoses,4243,PIH,"8955"
Stromal tumor of digestive system,5126,PIH,"8956"
Closed reduction of dislocation of knee,2443,PIH,"8957"
Open reduction of fracture of shaft of humerus with internal fixation,2412,PIH,"8958"
Repair of extensor tendon at wrist,2425,PIH,"8959"
Chalazion,5212,PIH,"896"
Closed reduction of thumb carpometacarpal dislocation,2567,PIH,"8960"
Open reduction of fracture of intracapsular neck of femur with internal fixation,2702,PIH,"8961"
Closed reduction of fracture of shaft of ulna,2692,PIH,"8962"
Closed reduction of metacarpophalangeal dislocation,2575,PIH,"8963"
Open reduction of fracture of distal femur (condyle) with internal fixation,2620,PIH,"8964"
Manipulation of shoulder joint under anesthesia,2431,PIH,"8965"
Open reduction of fracture of proximal tibia (plateau) with internal fixation,2411,PIH,"8966"
Excision benign breast mass,2564,PIH,"8967"
Open reduction of fracture of medial malleolus with internal fixation,2720,PIH,"8968"
Closed reduction of fracture of proximal radius,2365,PIH,"8969"
Decompressive fasciotomy of lower extremity,2655,PIH,"8970"
Open reduction of fracture of shaft of femur with internal fixation,2513,PIH,"8971"
Manipulation of knee joint under anesthesia,2427,PIH,"8972"
Excision of lesion of mandible,2671,PIH,"8973"
Decompressive fasciotomy of upper extremity,2609,PIH,"8974"
Open reduction of fracture of shaft of ulna with internal fixation,2647,PIH,"8975"
Open reduction of fracture of proximal tibia (extra-articular) with internal fixation,2391,PIH,"8976"
Closed reduction of fracture of proximal ulna,2545,PIH,"8977"
Closed reduction of supracondylar fracture of femur,2601,PIH,"8978"
Closed reduction of supracondylar fracture of humerus,2629,PIH,"8979"
Open reduction of dislocation of ankle,2414,PIH,"8980"
Repair of ruptured Achilles tendon,2651,PIH,"8981"
Open reduction of fracture of shaft of tibia with internal fixation,2459,PIH,"8982"
Open reduction of fracture of proximal radius with internal fixation,2399,PIH,"8983"
Open reduction of fracture of distal radius with internal fixation,2670,PIH,"8984"
Closed reduction of extracapsular fracture of neck of femur,2683,PIH,"8985"
Open reduction of fracture of carpal bone with fixation,2701,PIH,"8986"
Partial mastectomy,2598,PIH,"8987"
Excision of popliteal cyst of knee,2396,PIH,"8988"
Closed reduction of fracture of shaft of radius,2568,PIH,"8989"
False labor,3968,PIH,"899"
Closed reduction of dislocation of shoulder,2417,PIH,"8990"
Open reduction of fracture of distal fibula (lateral malleolus) with internal fixation,2557,PIH,"8991"
Closed reduction of fracture of shaft of humerus,2377,PIH,"8992"
Closed reduction of fracture of metacarpal,2491,PIH,"8993"
Closed reduction of fracture of medial malleolus,2664,PIH,"8994"
Closed reduction of fracture of proximal humerus,2686,PIH,"8995"
Open reduction of extracapsular fracture of neck of femur with internal fixation,2650,PIH,"8996"
Closed reduction of dislocation of elbow,2497,PIH,"8997"
Closed reduction of dislocation of wrist,2685,PIH,"8998"
Closed reduction of fracture of lateral epicondyle of humerus with percutaneous fixation,2546,PIH,"8999"
"8D (eight daily)",1321,PIH,"8D"
Repair of extensor tendon at hand,2375,PIH,"9000"
Repair of extensor tendon at finger,2482,PIH,"9001"
Open reduction of fracture of phalanx of hand with internal fixation,2560,PIH,"9002"
Closed reduction of fracture of shaft of fibula,2579,PIH,"9003"
Manipulation of elbow joint under anesthesia,2448,PIH,"9004"
Partial excision of patella,2480,PIH,"9005"
Open reduction of fracture of shaft of radius with internal fixation,2596,PIH,"9006"
Excision of radial head,2473,PIH,"9007"
Open reduction of fracture of metacarpal with internal fixation,2514,PIH,"9008"
Closed reduction of intracapsular fracture of neck of femur,2378,PIH,"9009"
Fever of unknown origin,4735,PIH,"901"
Partial mastectomy with axillary lymphadenectomy,2661,PIH,"9010"
Open reduction of dislocation of wrist,2379,PIH,"9011"
Open reduction of fracture of proximal ulna with internal fixation,2484,PIH,"9012"
Open reduction of metacarpophalangeal dislocation,2600,PIH,"9013"
Open reduction of fracture of patella with internal fixation,2505,PIH,"9014"
Open reduction of interphalangeal dislocation,2481,PIH,"9015"
Repair of patellar tendon,2725,PIH,"9016"
Closed reduction of fracture of shaft of humerus with intramedullary fixation,2660,PIH,"9017"
Intramedullary nailing of fracture of shaft of tibia,2654,PIH,"9018"
Open reduction of bimalleolar ankle fracture with internal fixation,2678,PIH,"9019"
Pelvic inflammatory disease,4061,PIH,"902"
Open reduction of fracture of scaphoid with fixation,2658,PIH,"9020"
External fixation of fracture of distal tibia,2643,PIH,"9021"
Open reduction fracture of shaft of femur with intramedullary nailing,2577,PIH,"9022"
Open reduction of supracondylar fracture of femur with internal fixation,2572,PIH,"9023"
Amputation of thumb,2426,PIH,"9024"
Open reduction of supracondylar fracture of humerus with internal fixation,2608,PIH,"9025"
"Amputation of finger, except thumb",2439,PIH,"9026"
Closed reduction of fracture of phalanx of hand with percutaneous fixation,2535,PIH,"9027"
Drainage of felon,2474,PIH,"9028"
Closed reduction of fracture of shaft of femur,2662,PIH,"9029"
Hypertension,497,PIH,"903"
Closed reduction of fracture of distal femur (condyle),2476,PIH,"9030"
Closed reduction of fracture of shaft of tibia,2371,PIH,"9031"
Closed reduction of fracture of distal radius,2562,PIH,"9032"
Closed reduction of dislocation of ankle,2440,PIH,"9033"
Open reduction of fracture of shaft of fibula with internal fixation,2607,PIH,"9034"
Closed reduction of fracture of distal radius with percutaneous fixation,2624,PIH,"9035"
"Open reduction of epicondylar fracture of humerus, medial or lateral, with internal fixation",2518,PIH,"9036"
Closed reduction of fracture of distal fibula (lateral malleolus),2479,PIH,"9037"
Open reduction of dislocation of elbow,2461,PIH,"9038"
Open reduction of fracture of proximal humerus (neck) with internal fixation,2700,PIH,"9039"
External fixation of fracture of shaft of tibia,2394,PIH,"9040"
Closed reduction of fracture of proximal tibia,2541,PIH,"9041"
Above elbow amputation,2493,PIH,"9042"
Closed reduction of fracture of medial epicondyle of humerus with percutaneous fixation,2578,PIH,"9043"
Closed reduction of fracture of phalanx of hand,2648,PIH,"9044"
Closed reduction of fracture of distal femur (condyle) with percutaneous fixation,2559,PIH,"9045"
Open reduction of fracture of greater trochanter of femur with internal fixation,2374,PIH,"9046"
Closed reduction of interphalangeal dislocation,2507,PIH,"9047"
Closed reduction of bimalleolar ankle fracture,2699,PIH,"9048"
Closed reduction of fracture of posterior malleolus,2573,PIH,"9049"
Incomplete abortion,4038,PIH,"905"
Thrombotic Microangiopathy,4232,PIH,"9051"
Idiopathic aplastic anemia,4231,PIH,"9052"
Cysticercosis of central nervous system,4224,PIH,"9053"
Basedow's disease,4221,PIH,"9054"
"Systemic Sclerosis, Diffuse",4229,PIH,"9055"
Neoplasm/cancer,1662,PIH,"9056"
Idiopathic Thrombocytopenic Purpura,4220,PIH,"9057"
Portal hypertension,4241,PIH,"9058"
Systemic Lupus Erythematosus,4225,PIH,"9059"
Lymphedema,4239,PIH,"9060"
Chronic myeloid leukemia,5122,PIH,"9062"
Polyarthropathy or Polyarthritis,4881,PIH,"9063"
Pityriasis versicolor,4720,PIH,"9064"
Arthrosis,4855,PIH,"9065"
Repair of flexor tendon at wrist,2614,PIH,"9066"
Repair of flexor tendon at hand,2419,PIH,"9067"
Repair of flexor tendon at finger,2586,PIH,"9068"
Dressing change under anesthesia,2496,PIH,"9069"
Medroxyprogesterone acetate (Depo-provera),47,PIH,"907"
Dispensing construct,1386,PIH,"9070"
Quantity of medication dispensed,1346,PIH,"9071"
"Prescription instructions, non-coded",1342,PIH,"9072"
Quantity of medication prescribed per dose,329,PIH,"9073"
"Units of medication prescribed per dose, non-coded",1341,PIH,"9074"
Medication duration,1345,PIH,"9075"
PIH medication set,2339,PIH,"9076"
Amlodipine besylate,2129,PIH,"9083"
Hydralazine hydrochloride,2142,PIH,"9084"
Post-traumatic arthrosis,4190,PIH,"9085"
Codeine phosphate,2307,PIH,"9086"
Mild anemia,4774,PIH,"9087"
Moderate anemia,4780,PIH,"9088"
Severe anemia,4893,PIH,"9089"
Trimethoprim,8116,PIH,"91"
Ibuprofen,2067,PIH,"912"
Chlorphenamine,1820,PIH,"913"
Chlorpromazine,2337,PIH,"914"
Trihexyphenidyl,2226,PIH,"915"
Cotrimoxazole,2329,PIH,"916"
Scopolamine,5796,PIH,"917"
Phenobarbital sodium,2186,PIH,"9175"
Ranitidine hydrochloride,2009,PIH,"9176"
Heparin sodium,2153,PIH,"9177"
Tramadol hydrochloride,2075,PIH,"9178"
Simvastatin,515,PIH,"9179"
Miconazole,2164,PIH,"918"
Propofol,2281,PIH,"9180"
Tetracaine hydrochloride,2050,PIH,"9181"
Midazolam hydrochloride,2045,PIH,"9182"
Levothyroxine sodium,2019,PIH,"9183"
Lidocaine hydrochloride,2158,PIH,"9184"
Phenoxymethylpenicillin,540,PIH,"9185"
Cetirizine dihydrochloride,2233,PIH,"9186"
Sodium bicarbonate,1960,PIH,"9187"
Pilocarpine,2328,PIH,"9188"
Propranolol hydrochloride,2280,PIH,"9189"
Nystatin,2247,PIH,"919"
Tropicamide,2114,PIH,"9190"
Nitroglycerin,2030,PIH,"9191"
Timolol,1997,PIH,"9192"
Docusate sodium,2318,PIH,"9193"
Chlorhexidine gluconate,2145,PIH,"9194"
Oxytocin,2131,PIH,"9195"
Imiquimod,2182,PIH,"9196"
Benzoic acid,2242,PIH,"9197"
Diphenhydramine hydrochloride,2135,PIH,"9198"
Glycerin,2188,PIH,"9199"
Dapsone,2221,PIH,"92"
Carbamazepine,536,PIH,"920"
Chlorpromazine hydrochloride,2003,PIH,"9200"
Ephedrine hydrochloride,2311,PIH,"9201"
Cefotaxime sodium,2092,PIH,"9202"
Metformin hydrochloride,2237,PIH,"9203"
Magnesium sulphate,2222,PIH,"9204"
Amiodarone hydrochloride,1985,PIH,"9205"
Cephalexin,2177,PIH,"9206"
Phenylephrine hydrochloride,2015,PIH,"9207"
Sodium polystyrene sulfonate,2136,PIH,"9208"
Gentamicin sulfate,1992,PIH,"9209"
Diphenhydramine,1979,PIH,"921"
Diclofenac sodium,2229,PIH,"9210"
Clindamycin hydrochloride,2086,PIH,"9211"
Isoflurane,2200,PIH,"9212"
Permethrin,2154,PIH,"9213"
Risperidone,1962,PIH,"9214"
Glucagon hydrochloride,2218,PIH,"9215"
Flumazenil,2290,PIH,"9216"
Dexamethasone + Polymyxin B + Neomycin sulfate,2140,PIH,"9217"
Ketamine hydrochloride,2001,PIH,"9218"
Labetalol,1989,PIH,"9219"
Cloxacillin,1965,PIH,"922"
Metoprolol tartrate,2225,PIH,"9220"
Bupivacaine hydrochloride,2180,PIH,"9221"
Povidone iodine,2309,PIH,"9222"
Phytomenadione (K1),2124,PIH,"9223"
Erythromycin stearate,2119,PIH,"9224"
Naloxone hydrochloride,2170,PIH,"9225"
Dopamine hydrochloride,2284,PIH,"9226"
Misoprostol,2201,PIH,"9227"
Senna,2187,PIH,"9228"
Caffeine citrate,2068,PIH,"9229"
Ranitidine,534,PIH,"923"
Enalapril maleate,2262,PIH,"9230"
Phenytoin sodium,1961,PIH,"9231"
Tetanus antitoxin,2208,PIH,"9232"
Neostigmine methylsulfate,2043,PIH,"9233"
Sevoflurane,1987,PIH,"9234"
Morphine hydrochloride,2160,PIH,"9235"
Lactulose,2115,PIH,"9236"
Montelukast sodium,2022,PIH,"9237"
Hydrocortisone acetate,2112,PIH,"9238"
Cyanocobalamin (B12),2178,PIH,"9239"
Gabapentin,2332,PIH,"9240"
Suxamethonium chloride,2191,PIH,"9241"
Clopidogrel,546,PIH,"9242"
Fluoxetine hydrochloride,2291,PIH,"9243"
Ipratoprium bromide,2308,PIH,"9244"
Oxymetazoline,2036,PIH,"9245"
Etomidate,2181,PIH,"9246"
Metoclopramide hydrochloride,2202,PIH,"9247"
Ergotrate maleate,2306,PIH,"9248"
Vasopressin,1983,PIH,"9249"
Adenosine,2046,PIH,"9250"
Methylergonovine maleate,2109,PIH,"9251"
Vecuronium bromide,2192,PIH,"9252"
Water for injection,2006,PIH,"9253"
Loperamide hydrochloride,2147,PIH,"9254"
Diltiazem hydrochloride,2269,PIH,"9255"
Protamine sulfate,2013,PIH,"9256"
Fentanyl,2263,PIH,"9257"
"Immunoglobulin (Human), Tetanus",2167,PIH,"9258"
Ketoconazole,1964,PIH,"926"
Iron dextran,2214,PIH,"9267"
Clindamycin phosphate,2232,PIH,"9268"
Fentanyl citrate,2236,PIH,"9269"
Fluphenazine,2156,PIH,"927"
Lidocaine hydrochloride with adrenaline,2211,PIH,"9270"
Salbutamol sulfate,2335,PIH,"9271"
Anti-rabies serum,2223,PIH,"9272"
Noradrenaline acid tartrate,2326,PIH,"9273"
Chloramphenicol sodium succinate,2289,PIH,"9274"
Modified gelatin,1982,PIH,"9275"
Thiopental sodium,2227,PIH,"9276"
"Insulin, human, regular",2070,PIH,"9277"
Magnesium carbonate + citric acid,2330,PIH,"9278"
Methylprednisolone sodium succinate,2239,PIH,"9279"
Aminophylline,516,PIH,"928"
Glutaraldehyde,2266,PIH,"9280"
Iodized oil,2121,PIH,"9281"
"Insulin, Isophane, human",2183,PIH,"9282"
Lubricant jelly,2117,PIH,"9283"
Glycopyrronium bromide,2078,PIH,"9284"
Thiamine (B1),2193,PIH,"9285"
Emergency Department observation,946,PIH,"9287"
Boarding while awaiting bed for location,957,PIH,"9288"
"Anti-haemorrhoid, ointment",2228,PIH,"9289"
Hydralazine,525,PIH,"929"
Bacitracin with neomycin sulphate,2038,PIH,"9290"
Metoprolol succinate,2143,PIH,"9291"
Timing of hospital prescription,1278,PIH,"9292"
Discharge location,1390,PIH,"9293"
Dextran 70 + Hypromellose,2017,PIH,"9294"
ID card only,3951,PIH,"9295"
Amitriptyline hydrochloride,2037,PIH,"931"
"Single liveborn infant, born in hospital",3996,PIH,"9318"
Contusion,4201,PIH,"9319"
Active phase of labor,4016,PIH,"9320"
Abdominal pain complicating pregnancy,1201,PIH,"9321"
Intestinal obstruction,4170,PIH,"9322"
Precipitate labor,3972,PIH,"9323"
Female infertility,4020,PIH,"9324"
Acute posthemorrhagic anemia,4036,PIH,"9325"
Listeriosis,4047,PIH,"9326"
Transient cerebral ischemia,4193,PIH,"9327"
Rhabdomyosarcoma,4184,PIH,"9328"
Normal labor,4110,PIH,"9329"
Panic attack,4209,PIH,"9330"
Abrasion,4164,PIH,"9331"
Hemiparesis,4185,PIH,"9332"
Incomplete spontaneous abortion with hemorrhage,3981,PIH,"9333"
Abortion complicated by hemorrhage,4053,PIH,"9334"
Incomplete provoked abortion with hemorrhage,3986,PIH,"9335"
Delivery by cesarean section,3818,PIH,"9336"
"Low birth weight status, 1000-2499 grams",3970,PIH,"9337"
Vaginal delivery following previous caesarean section,4048,PIH,"9338"
Dissociative convulsions,4075,PIH,"9339"
"Twin, Whether Mate Stillborn or Liveborn, Born in Hospital, Delivered",4118,PIH,"9340"
Acute vaginitis,4004,PIH,"9343"
Severe pre-eclampsia,3795,PIH,"9344"
Severe dehydration,4152,PIH,"9345"
Moderate dehydration,4163,PIH,"9346"
Mild dehydration,4143,PIH,"9347"
"Well baby exam, less than 8 days old",4327,PIH,"9348"
"Well baby exam, 8 to 28 days old",4331,PIH,"9349"
Hospital service,371,PIH,"9350"
Chronic disease,363,PIH,"9352"
General Surgical Consultation,360,PIH,"9353"
Orthopedic Surgical Consultation,356,PIH,"9354"
Radiology services,358,PIH,"9355"
Oncology,368,PIH,"9356"
Chemotherapy,362,PIH,"9357"
Pediatrics,366,PIH,"9358"
Women's Health,361,PIH,"9359"
Ultrasound,367,PIH,"9360"
Community health,370,PIH,"9361"
Scheduled visit information,372,PIH,"9362"
Medication frequency,1323,PIH,"9363"
PRN (as required),1314,PIH,"9364"
ON (night),1283,PIH,"9366"
"7D (seven daily)",1320,PIH,"9367"
"8D (eight daily)",1321,PIH,"9368"
"9D (nine daily)",1309,PIH,"9369"
Q2H (every 2 hours),1322,PIH,"9370"
Q3H (every 3 hours),1301,PIH,"9371"
Q4H (every 4 hours),1288,PIH,"9372"
Q6H (every 6 hours),1315,PIH,"9373"
Q12H (every 12 hours),1319,PIH,"9374"
"Triplets or more, liveborn in hospital",4024,PIH,"9375"
Still hospitalized,940,PIH,"9376"
Traumatic subarachnoid hemorrhage,4207,PIH,"9377"
Silver sulfadiazine,2079,PIH,"938"
Albendazole,2317,PIH,"941"
Meconium aspiration,3789,PIH,"9411"
Lysis of adhesions,2395,PIH,"9412"
Extremely low birth weight infant,4269,PIH,"9413"
Extreme premature (< 28 weeks),3802,PIH,"9414"
"Low birth weight infant, 2000-2499 gm",3788,PIH,"9415"
Multiple congenital anomalies,4250,PIH,"9416"
Irregular menstrual cycle,4040,PIH,"9417"
Neoplasm of the eye,4260,PIH,"9418"
Excision of lymph node,2530,PIH,"9419"
"Premature rupture of membranes, labour delayed by therapy",4338,PIH,"9420"
Neonatal aspiration of milk and regurgitated food,4283,PIH,"9421"
Perinatal gastrointestinal haemorrhage,4275,PIH,"9422"
Neonatal Jaundice Associated with Preterm Delivery,4337,PIH,"9423"
Fetal cephalhematoma,4315,PIH,"9424"
Neonatal aspiration of amniotic fluid,4288,PIH,"9425"
Hemolytic disease of the fetus or newborn,4335,PIH,"9426"
"Hypoxic ischemic encephalopathy in newborn, mild",4346,PIH,"9427"
Other conditions due to chromosome anomalies,4316,PIH,"9428"
Neonatal cardiac failure,4322,PIH,"9429"
Disorder of muscle tone of the newborn,4295,PIH,"9430"
Congenital anemia from foetal blood loss,4308,PIH,"9431"
Omphalitis of the newborn,4268,PIH,"9432"
Perinatal cutaneous haemorrhage,4254,PIH,"9433"
Disturbance of cerebral function of newborn,4246,PIH,"9434"
Fetal and newborn aspiration,4256,PIH,"9435"
"Low birth weight infant, 1000-1249 gm",4318,PIH,"9436"
Bronchopulmonary dysplasia of newborn,4261,PIH,"9437"
Neonatal candidiasis,4257,PIH,"9438"
Congenital pneumonia,4332,PIH,"9439"
Hypoxic ischemic encephalopathy of newborn,4307,PIH,"9440"
Neonatal jaundice,4312,PIH,"9441"
Neoplasm of brain,4296,PIH,"9442"
"Low birth weight infant, 1750-1999 gm",4326,PIH,"9443"
Congestive heart failure exacerbation,4203,PIH,"9444"
Hematemesis and/or melena due to swallowed maternal blood,4282,PIH,"9445"
Anaemia of prematurity,4280,PIH,"9446"
Kernicterus of newborn,4253,PIH,"9447"
"Intraventricular hemorrhage in newborn, non-traumatic",4291,PIH,"9448"
Neonatal haematemesis,4309,PIH,"9449"
Apnea of newborn,4272,PIH,"9450"
Persistent fetal circulation,4294,PIH,"9451"
"Hypoxic ischemic encephalopathy in newborn, severe",4324,PIH,"9452"
"Hypoxic ischemic encephalopathy in newborn, moderate",4287,PIH,"9453"
"Post-term infant, not heavy-for-dates",4262,PIH,"9454"
Hemorrhagic disease of newborn,4347,PIH,"9455"
Omentectomy,2373,PIH,"9456"
Trisomy 21,4339,PIH,"9458"
Swelling of scrotum,4737,PIH,"9459"
Respiratory distress syndrome in the newborn,4303,PIH,"9460"
Tuberculosis of bones and joints,4259,PIH,"9461"
Transitory tachypnea of newborn,4284,PIH,"9462"
Vomiting in newborn,4298,PIH,"9463"
Tuberculosis of the peritonium,4266,PIH,"9464"
Intrauterine growth retardation,3797,PIH,"9465"
Tuberculosis of skin and subcutaneous tissue,4314,PIH,"9466"
"Gestation period, 28 weeks",4323,PIH,"9468"
"Gestation period, 29 weeks",4258,PIH,"9469"
"Gestation period, 30 weeks",4271,PIH,"9470"
"Gestation period, 31 weeks",4248,PIH,"9471"
"Gestation period, 32 weeks",4278,PIH,"9472"
"Gestation period, 33 weeks",4319,PIH,"9473"
"Gestation period, 34 weeks",4299,PIH,"9474"
"Gestation period, 35 weeks",4293,PIH,"9475"
"Gestation period, 36 weeks",4297,PIH,"9476"
"Low birth weight, 1250-1499 gm",4341,PIH,"9477"
"Low birth weight, 1500-1749 gm",4310,PIH,"9478"
Hysterectomy,56,PIH,"9479"
Tympanic membrane injected,1601,PIH,"948"
Radiology images of abdomen and pelvis,886,PIH,"9481"
Radiology images of musculoskeletal system (non-cranial/spinal),892,PIH,"9482"
Radiology images of chest,889,PIH,"9483"
Radiology images of head and neck,887,PIH,"9484"
Radiology images of the spine,885,PIH,"9485"
Radiology images of vascular system,888,PIH,"9486"
Anatomical areas for radiology images,893,PIH,"9487"
Infection of newborn,4265,PIH,"9489"
Humerus fracture,4208,PIH,"9490"
Transthoracic echocardiogram,843,PIH,"9491"
Lower extremity - Right with contrast (CT),861,PIH,"9492"
Neck with contrast (CT),855,PIH,"9493"
Chest with contrast (CT),859,PIH,"9494"
Facial bones and maxilla with contrast IV (CT),857,PIH,"9495"
Streptomycin sulfate,2270,PIH,"9496"
Ferrous fumarate,2319,PIH,"9497"
Ethinyl estradoil / Levonorgestrel,2320,PIH,"9498"
Levonorgestrel + Ethinylestradiol + Ferrous fumarate,2321,PIH,"9499"
Doxycycline,2331,PIH,"95"
Lumbar spine with contrast (CT),856,PIH,"9500"
Thoracic spine with contrast (CT),853,PIH,"9501"
Cervical spine with contrast (CT),852,PIH,"9502"
Abdomen and pelvis with contrast (CT),863,PIH,"9503"
Lower extremity - Left with contrast (CT),854,PIH,"9504"
Head with contrast (CT),849,PIH,"9505"
HUM radiology orderables with contrast,864,PIH,"9506"
Baclofen,2316,PIH,"9507"
Tranexamic acid,1974,PIH,"9508"
Severe depressive episode without psychotic symptoms,4591,PIH,"9509"
Delusional disorder,4618,PIH,"9510"
Cannabis-induced mental and behavior disorder,4590,PIH,"9511"
Adverse effects of psychotropic medication,4608,PIH,"9512"
Manic episode,4611,PIH,"9513"
Cocaine-induced mental and behavior disorder,4630,PIH,"9514"
Maternal fetal infection,4345,PIH,"9515"
Severe depressive episode with psychotic symptoms,4625,PIH,"9516"
Generalized anxiety disorder,4598,PIH,"9517"
Mania without psychotic symptoms,4609,PIH,"9518"
Acute and transient psychotic disorder,4605,PIH,"9519"
Absolute Lymphocyte Count,3018,PIH,"952"
Mania with psychotic symptoms,4614,PIH,"9520"
Mild depressive episode,4599,PIH,"9521"
Alcohol-induced mental and behavior disorder,4619,PIH,"9522"
Moderate depressive episode,4589,PIH,"9523"
Newborn exposure to maternal syphilis,4251,PIH,"9524"
Tobacco-induced mental and behavior disorder,4595,PIH,"9526"
Mood disorder,4626,PIH,"9527"
Guided percutaneous drain placement (CT),851,PIH,"9528"
Pravastatin,1868,PIH,"9529"
Liver function test (LFT),2906,PIH,"953"
Congenital rubella syndrome,4029,PIH,"9530"
Creatinine (mg/dL),895,PIH,"9531"
Prenatal multivitamin,2199,PIH,"9532"
Nourimanba (RUTF),2215,PIH,"9533"
Chikungunya,4722,PIH,"9535"
Reason not admitted,936,PIH,"9536"
Admission decision,961,PIH,"9537"
Deny,960,PIH,"9538"
Admission error,935,PIH,"9539"
Transfer to another hospital,933,PIH,"9540"
Fracture of distal femur,4506,PIH,"9541"
Traumatic rupture of cervical intervertebral disc,4452,PIH,"9542"
Fracture of metatarsal bone,4468,PIH,"9543"
Rotator cuff injury,4519,PIH,"9544"
Fracture of coccyx,4546,PIH,"9545"
Congenital anomaly of limb,4463,PIH,"9546"
Colles' fracture,4544,PIH,"9547"
Ankle sprain or strain,4547,PIH,"9548"
Open wound of scapular region,4448,PIH,"9549"
Moxifloxacin,5988,PIH,"955"
Injury of ulnar artery,4558,PIH,"9550"
Seronegative rheumatoid arthritis,4532,PIH,"9551"
Fracture of multiple ribs,4563,PIH,"9552"
Assault by firearm,4553,PIH,"9553"
Traumatic rupture of lumbar intervertebral disc,4494,PIH,"9554"
Complete tear of ligament of ankle or foot,4478,PIH,"9555"
Car occupant injured in transport accident,4472,PIH,"9556"
Multiple fractures of fingers,4539,PIH,"9557"
Injury to flexor tendon of hand or wrist,4457,PIH,"9558"
Fracture of distal end of tibia,4536,PIH,"9559"
Multiple fractures of metacarpal bones,4453,PIH,"9560"
Fracture of lateral malleolus,4479,PIH,"9561"
Diabetic arthropathy,4579,PIH,"9562"
Solitary Bone Cyst,4491,PIH,"9563"
Malignant Neoplasm of Long Bones of Leg,4543,PIH,"9564"
Multiple fractures of foot,4564,PIH,"9565"
Fracture neck of femur,4488,PIH,"9566"
Fracture of distal end of radius,4580,PIH,"9567"
Injury of cauda equina,4574,PIH,"9568"
Injury to extensor tendons of foot or ankle,4576,PIH,"9569"
Fracture of ilium,4437,PIH,"9570"
Osteoporosis of disuse with pathological fracture,4492,PIH,"9571"
Fracture of sacrum,4489,PIH,"9572"
Fracture of second cervical vertebra,4548,PIH,"9573"
Kyphosis,4535,PIH,"9574"
Bilateral congenital dislocation of hip,4562,PIH,"9575"
Dislocation of acromioclavicular joint,4446,PIH,"9576"
Subtrochanteric fracture,4438,PIH,"9577"
Hallux valgus,4534,PIH,"9578"
Motorcycle rider injured in traffic accident,4551,PIH,"9579"
Fracture of talus,4566,PIH,"9580"
Fracture of shaft of ulna,4458,PIH,"9581"
Torn meniscus,4538,PIH,"9582"
Cervical Spinal Cord Injury,4483,PIH,"9583"
Exposure to electric current,4552,PIH,"9584"
Rupture of Achilles tendon,4475,PIH,"9585"
Fracture of lower end of humerus,4436,PIH,"9586"
Congenital anomaly of spinal cord,4512,PIH,"9587"
Leg length inequality,4537,PIH,"9588"
Fracture of upper end of tibia,4518,PIH,"9589"
Multiple open wounds of wrist and hand,4540,PIH,"9590"
Fracture of acetabulum,4527,PIH,"9591"
Pertrochanteric fracture,4501,PIH,"9592"
Injury to quadriceps muscle or tendon,4514,PIH,"9593"
Spina Bifida of cervical region,4502,PIH,"9594"
Dislocation of radial head,4442,PIH,"9595"
"Spinal cord injury, thoracic region",4503,PIH,"9596"
Dislocation of elbow,4480,PIH,"9597"
Fracture of calcaneus,4440,PIH,"9598"
Suicide or self-inflicted injuries by jumping from high place,4561,PIH,"9599"
Mefloquine,5990,PIH,"96"
Clotrimazole,2034,PIH,"960"
Congenital Pes Cavus,4493,PIH,"9600"
Dislocation of Cervical Vertebra,4565,PIH,"9601"
Salmonella osteomyelitis,4443,PIH,"9602"
Foot-Drop,4554,PIH,"9603"
Fracture of carpal bone,4476,PIH,"9604"
Fracture of first cervical vertebra,4559,PIH,"9605"
Accident caused by earthquake,4498,PIH,"9606"
Fracture of metacarpal bone,4487,PIH,"9607"
Primary Gout,4450,PIH,"9608"
Wristdrop,4582,PIH,"9609"
Injury of muscle and tendon of long flexor muscle of toe at ankle and foot level,4499,PIH,"9610"
Injury of lumbar nerve roots,4528,PIH,"9611"
Fracture of great toe,4495,PIH,"9612"
Talipes Equinovarus,4496,PIH,"9613"
Spondylolisthesis,4455,PIH,"9614"
Fracture of breast bone,4569,PIH,"9615"
Posttraumatic wound infection,4481,PIH,"9616"
Seropositive rheumatoid arthritis,4549,PIH,"9617"
Inflammatory polyarthropathy,4497,PIH,"9618"
Fracture of Mandible,4530,PIH,"9619"
Itraconazole,1945,PIH,"962"
Fracture of shaft of femur,4581,PIH,"9620"
Idiopathic scoliosis,4435,PIH,"9621"
Fracture of medial malleolus,4474,PIH,"9622"
Congenital scoliosis due to congenital bony malformation,4484,PIH,"9623"
Fibula fracture,4573,PIH,"9624"
Juvenile arthritis,4444,PIH,"9625"
Suicide or self-inflicted injury by firearm or explosives,4473,PIH,"9626"
Fracture of pubis,4500,PIH,"9627"
Multiple fractures of cervical spine,4469,PIH,"9628"
Traumatic rupture of symphysis pubis,4555,PIH,"9629"
Cefixime,2111,PIH,"963"
Fracture of Base of Skull,4516,PIH,"9630"
Peroneal nerve injury,4477,PIH,"9631"
Patellar dislocation,4515,PIH,"9632"
Gonococcal arthritis,4462,PIH,"9633"
Infantile scoliosis,4568,PIH,"9634"
Malignant tumor of vertebral column,4575,PIH,"9635"
Fracture of toe,4520,PIH,"9636"
Lordosis,4507,PIH,"9637"
Traumatic amputation of two or more toes,4545,PIH,"9638"
Juvenile idiopathic scoliosis,4556,PIH,"9639"
Torticollis,4529,PIH,"9640"
Injury to nerve at level of wrist or hand,4485,PIH,"9641"
Multiple fractures involving skull and facial bones,4466,PIH,"9642"
Patella fracture,4526,PIH,"9643"
Fracture of shaft of tibia,4459,PIH,"9644"
Fracture of distal end of radius and ulna,4465,PIH,"9645"
Pedestrian injured by two wheeled vehicle,4533,PIH,"9646"
"Pedestrian injured in collision with car, van or truck",4447,PIH,"9647"
Fat embolism as early complication of trauma,4541,PIH,"9648"
Malignant Neoplasm of Humerus,4461,PIH,"9649"
Diffuse axonal brain injury,4523,PIH,"9650"
Congenital Deformity of Hand,4525,PIH,"9651"
Multiple fractures of thoracic spine,4464,PIH,"9652"
Injury of radial artery,4439,PIH,"9653"
Congenital Deformity of Spine,4522,PIH,"9654"
"Stiffness of Joint, not Elsewhere Classified",4441,PIH,"9655"
Fracture of proximal end of radius,4557,PIH,"9656"
Acquired hallux rigidus,4511,PIH,"9657"
Unilateral congenital dislocation of hip,4505,PIH,"9658"
Chondromalacia of patella,4482,PIH,"9659"
Current antiretroviral drugs used for transmission prophylaxis,3388,PIH,"966"
Fracture of phalanx of thumb,4470,PIH,"9660"
Multiple fractures of lower leg,4550,PIH,"9661"
Orthopedic diagnoses,4584,PIH,"9662"
Traumatic amputation of one foot,4490,PIH,"9663"
Syphilis of Bone,4570,PIH,"9664"
Rural,91,PIH,"9665"
Urban,90,PIH,"9666"
Residential environment,92,PIH,"9667"
Maternal death,65,PIH,"9668"
Location of death,63,PIH,"9669"
Partner referred for HIV test,3492,PIH,"967"
Outside of institution,15,PIH,"9670"
Visited provider during illness,70,PIH,"9671"
Source of information,72,PIH,"9672"
Mortician,71,PIH,"9673"
Police,17,PIH,"9674"
Circumstances of death,77,PIH,"9675"
Final disease resulting in death,64,PIH,"9676"
Condition causing the final disease,79,PIH,"9677"
Condition contributing to the death,74,PIH,"9678"
Underlying cause of death,78,PIH,"9679"
Date of last menstrual period,3569,PIH,"968"
Burial certificate number,73,PIH,"9680"
Method of confirming death,76,PIH,"9681"
Autopsy,75,PIH,"9682"
Hydrocephalus,4252,PIH,"9683"
Pain diagnoses,4712,PIH,"9684"
Rehab diagnoses,4390,PIH,"9685"
Sebaceous cyst,5308,PIH,"9686"
Radial nerve injury at upper arm level,4542,PIH,"9687"
Fracture of proximal end of ulna,4508,PIH,"9688"
Radial shaft fracture,4524,PIH,"9689"
Post HIV test counseling,3496,PIH,"969"
Fracture of both radius and ulna,4486,PIH,"9690"
Injury of axillary nerve,4513,PIH,"9691"
Traumatic amputation of upper arm,4531,PIH,"9692"
Forearm nerve injury,4517,PIH,"9693"
Urinary bladder stone,5263,PIH,"9695"
Chronic pyelonephritis,5276,PIH,"9696"
Calculus of kidney,5157,PIH,"9697"
Acute pyelonephritis,5155,PIH,"9698"
Hemoptysis,4793,PIH,"970"
Neuritis,4380,PIH,"9700"
Nerve root and plexus disorder,4361,PIH,"9701"
Neuralgia,4354,PIH,"9702"
Phantom Limb Syndrome,4349,PIH,"9703"
Pain in thoracic spine,4377,PIH,"9704"
Mononeuropathy,4373,PIH,"9705"
Pain in Limb,4383,PIH,"9706"
"Location of death, non-coded",61,PIH,"9708"
Location of death at institution,60,PIH,"9709"
Diarrhea for less than one month,4777,PIH,"971"
"Duration of hospitalization during which patient died, in days",80,PIH,"9710"
Dermatofibrosarcoma protuberans,5091,PIH,"9711"
Diagnosis sequence number,66,PIH,"9712"
Cause of death from death certificate,67,PIH,"9713"
Causes of death from death certificate (set),69,PIH,"9714"
Probable cause of death (text),68,PIH,"9715"
Retinoblastoma,4286,PIH,"9716"
Lymphoma,5119,PIH,"9717"
Nurse,10,PIH,"9718"
Doctor,11,PIH,"9719"
Focal neurological deficit,1496,PIH,"972"
Title of who completed form,28,PIH,"9720"
Free text general,7,PIH,"9721"
Title of who completed form detail,29,PIH,"9722"
"Condition contributing to the death but not related to the disease or morbid condition, non-coded",62,PIH,"9723"
Womens health procedures,2764,PIH,"9724"
Multiple fractures of femur,4577,PIH,"9725"
Vasa Praevia,3966,PIH,"9726"
Incomplete legally induced abortion,4034,PIH,"9727"
Secondary amenorrhea,4026,PIH,"9728"
Surveillance of IUD,2757,PIH,"9729"
Primary amenorrhea,3969,PIH,"9730"
Imperforate hymen,4058,PIH,"9731"
Traumatic amputation through hip,4467,PIH,"9732"
Traumatic amputation of two or more fingers alone (complete)(partial),4583,PIH,"9733"
Insertion of hormonal IUD,6276,PIH,"9734"
Failure of Cervical Dilation,4106,PIH,"9735"
Epidural Hematoma,4578,PIH,"9736"
Labour and delivery complicated by short cord,4102,PIH,"9737"
Fracture of navicular bone of wrist,4521,PIH,"9738"
Removal of IUD,2732,PIH,"9739"
Presenting history,32,PIH,"974"
Intrauterine synechiae,3965,PIH,"9740"
Injury of extensor tendon of wrist,4504,PIH,"9741"
Injury of flexor tendon and muscle of forearm,4571,PIH,"9742"
Mayer-Rokitansky-Kuster-Hauser syndrome,4028,PIH,"9743"
Cord around neck with compression,3993,PIH,"9744"
Endometriosis of uterus,4033,PIH,"9745"
Fracture of tarsal bone other than talus or calcaneus,4449,PIH,"9746"
Injury to blood vessel at the level of the wrist and hand,4451,PIH,"9747"
Injury of extensor tendon of hand,4471,PIH,"9748"
Traumatic amputation of lower leg,4567,PIH,"9749"
Method of transportation,1139,PIH,"975"
Carcinoma in situ of uterine cervix,4105,PIH,"9750"
"Traumatic amputation of wrist and hand, level unspecified",4460,PIH,"9751"
Gestational hypertension,4101,PIH,"9752"
Injury of extensor tendon and muscle of forearm,4445,PIH,"9753"
Traumatic amputation through forearm,4454,PIH,"9754"
Smith's fracture,4456,PIH,"9756"
Insertion of copper IUD,6277,PIH,"9757"
Normal delivery imminent,4035,PIH,"9758"
Colposcopy of cervix with acetic acid,2759,PIH,"9759"
Walking,1133,PIH,"976"
Excision of right vulva,2731,PIH,"9760"
LEEP (loop electrosurgical excision procedure),2727,PIH,"9761"
Anterior colporrhaphy,2730,PIH,"9762"
Left salpingectomy,2739,PIH,"9763"
Cryotherapy of lesion of cervix,2752,PIH,"9764"
Right salpingectomy,2761,PIH,"9765"
Radical vulvectomy,2729,PIH,"9766"
Cone biopsy of cervix,2748,PIH,"9767"
Manual vacuum aspiration,2754,PIH,"9768"
Simple vulvectomy,2756,PIH,"9769"
Bicycle,1135,PIH,"977"
Excision of left vulva,2738,PIH,"9770"
Posterior colporrhaphy,2760,PIH,"9771"
Fimbrioplasty,2753,PIH,"9772"
Repair of cystocele,2736,PIH,"9773"
Marsupialization of Bartholin's gland,2740,PIH,"9774"
Dilation and curettage,2735,PIH,"9775"
Digital curettage of uterus,2750,PIH,"9776"
Core needle biopsy,2745,PIH,"9777"
PIH procedure set,2825,PIH,"9779"
Mini Bus,1132,PIH,"978"
Cerebral infarction,4178,PIH,"9780"
Dermatology diagnoses,5060,PIH,"9781"
Truncal vagotomy,2526,PIH,"9782"
Rigid proctosigmoidoscopy,2602,PIH,"9783"
Flap operation to relax contracture of skin,2408,PIH,"9784"
Total colectomy,2689,PIH,"9785"
Repair of wound of abdominal wall,2472,PIH,"9786"
Secondary closure of amputation stump,2595,PIH,"9787"
Left colectomy,2544,PIH,"9788"
Proctosigmoidoscopy,2477,PIH,"9789"
Car,1134,PIH,"979"
Esophagogastroduodenoscopy,2571,PIH,"9790"
Heller esophagomyotomy,2423,PIH,"9791"
Immobilization using plaster cast,2625,PIH,"9792"
Ureterotomy,2666,PIH,"9793"
Rectal polypectomy,2447,PIH,"9794"
Excision of lesion of maxillary sinus,2410,PIH,"9795"
Reconstruction with distant flap,2522,PIH,"9796"
Partial resection of intestine with anastomosis,2698,PIH,"9797"
Excisional biopsy of soft tissue,2385,PIH,"9798"
Maxillectomy,2445,PIH,"9799"
Chloroquine,2302,PIH,"98"
Horse or donkey,1137,PIH,"980"
Biopsy of appendix,2416,PIH,"9800"
Percutaneous endoscopic gastrostomy tube placement,2679,PIH,"9801"
Colonoscopy,2392,PIH,"9802"
Prostatectomy,2539,PIH,"9803"
Reconstruction with free flap,2696,PIH,"9804"
Removal of metalwork from bone,2715,PIH,"9805"
Laparoscopic appendectomy,2404,PIH,"9806"
Biopsy of colon,2646,PIH,"9807"
Sigmoidoscopy,2615,PIH,"9808"
Ileocolic anastomosis,2612,PIH,"9809"
Diverticulectomy of duodenum,2386,PIH,"9810"
Laparoscopic cholecystectomy,2549,PIH,"9811"
Revision to closed reduction of fracture dislocation and cast immobilization,2390,PIH,"9812"
Revision to closed reduction of fracture and cast immobilization,2409,PIH,"9813"
Biopsy of lesion of gingiva,2433,PIH,"9814"
Total nephrectomy,2592,PIH,"9815"
Exploration of penetrating wound of extremity,2464,PIH,"9816"
Excisional biopsy of breast,2489,PIH,"9817"
Partial nephrectomy,2485,PIH,"9818"
Revision to open reduction of fracture dislocation and cast immobilization,2634,PIH,"9819"
"2 to 3 hours",1146,PIH,"982"
Right colectomy,2653,PIH,"9820"
"3 to 6 hours",1145,PIH,"983"
More than 6 hours,1142,PIH,"984"
Furosemide,519,PIH,"99"
Transport assistance,1101,PIH,"990"
Other neurological symptoms,1710,PIH,"995"
Anaphylaxis,1398,PIH,"998"
"9D (nine daily)",1309,PIH,"9D"
A-,1750,PIH,A NEGATIVE
A+,1751,PIH,A POSITIVE
AB-,1752,PIH,AB NEGATIVE
AB+,1755,PIH,AB POSITIVE
Abacavir,2137,PIH,ABACAVIR
Abdomen (US),822,PIH,Abdomen (US)
Abdomen (X-ray),746,PIH,Abdomen 1 view (XRay)
Abdomen and pelvis without contrast (CT),879,PIH,Abdomen and Pelvis without contrast (CT)
Abdomen AP (supine and lateraldecubitus) (X-ray),737,PIH,Abdomen AP (supine and lateraldecubitus) (XRay)
"Abdomen limited, 1-2 organs (US)",841,PIH,Abdomen limited (US)
Abdomen retroperitoneum (US),845,PIH,Abdomen retroperitoneum (US)
Abdomen retroperitoneum limited (US),842,PIH,Abdomen retroperitoneum limited (US)
Abdomen without contrast (CT),880,PIH,Abdomen without contrast (CT)
Abdominal exam findings,1571,PIH,ABDOMINAL EXAM FINDINGS
Abdominal pain,1251,PIH,ABDOMINAL PAIN
Abdominal swelling,1554,PIH,ABDOMINAL SWELLING
Abdominal tenderness,1566,PIH,ABDOMINAL TENDERNESS
Abnormal,1458,PIH,ABNORMAL
Abnormal gait,4374,PIH,ABNORMAL GAIT
Abnormal lab result,3743,PIH,Abnormal laboratory result
Number of abortions after 20 weeks of gestation,7106,PIH,Abortions after 20 weeks
Number of abortions before 20 weeks of gestation,7063,PIH,Abortions before 20 weeks
"Abscess, perianal",5302,PIH,"ABSCESS, PERIANAL"
Peritonsillar abscess,5179,PIH,"ABSCESS, PERITONSILLAR"
Absence of pericardial friction rub,1644,PIH,ABSENCE OF PERICARDIAL FRICTION RUB
Petit mal seizure,4615,PIH,Absence seizures
Absent,3922,PIH,Absent
Absolute Basophil Count,3102,PIH,Absolute Basophil Count
Absolute Eosinophil Count,3103,PIH,Absolute Eosinophil Count
Absolute Lymphocyte Count,3018,PIH,ABSOLUTE LYMPHOCYTE COUNT
Absolute Monocyte Count,3104,PIH,Absolute Monocyte Count
Absolute Neutrophil Count,3015,PIH,Absolute Neutrophil Count
Abstinence,54,PIH,ABSTINENCE
Accountant,5486,PIH,Accountant
Acetazolamide,2012,PIH,ACETAZOLAMIDE
Acne,4797,PIH,Acne
Acromioclavicular joints - Bilateral (X-ray),807,PIH,Acromioclavicular joints bilateral (XRay)
Active casefinding,428,PIH,Active casefinding
Active not on ARVs,3335,PIH,ACTIVE NOT ON ARVS
Acute and transient psychotic disorder,4605,PIH,Acute and transient psychotic disorder
Acute bronchitis,4897,PIH,Acute brochitis
Cholera treatment,3953,PIH,Acute diarrhea treatment center
Acute dyspnea,1256,PIH,Acute dyspnea
Acute flaccid paralysis,4812,PIH,Acute flassic paralysis
Viral hemorrhagic fever,4745,PIH,Acute hemorrhagic fever
Acute Myocarditis,4734,PIH,Acute Myocarditis
Acute necrotising ulcerative gingivostomatitis,3481,PIH,"ACUTE NECROTIZING ULCERATIVE STOMATITIS, GINGIVITIS, OR PERIODONTITIS"
Acute Otitis Media,4724,PIH,ACUTE OTITIS MEDIA
Acute pain,4360,PIH,Acute pain
Acute Pericarditis,4782,PIH,Acute Pericarditis
Acute lower respiratory infection,4766,PIH,Acute respiratory infections NOS
Acute rheumatic fever,1709,PIH,ACUTE RHEUMATIC FEVER
Acute Sinusitis,4802,PIH,Acute Sinusitis
Acute stress reaction,4621,PIH,Acute Stress Reaction
Acute Tonsillitis,4882,PIH,Acute Tonsillitis
Aciclovir,2138,PIH,ACYCLOVIR
Additional complaints,6910,PIH,Additional complaints
Additional surgery comments,2844,PIH,Additional Surgery Comments
Address of contact person,147,PIH,ADDRESS OF PATIENT CONTACT
Address1 concept,86,PIH,Address1
Address2 concept,85,PIH,Address2
Address3 concept,84,PIH,Address3
Admission decision,961,PIH,Admission decision
Admission error,935,PIH,Admission error
Admission location in hospital,958,PIH,Admission location in hospital
Admit to hospital,942,PIH,ADMIT TO HOSPITAL
Adolescent club,3680,PIH,Adolescent club
Adrenaline,1967,PIH,ADRENALINE
Adverse effect (coded),3307,PIH,ADVERSE EFFECT
Adverse effect construct,3309,PIH,ADVERSE EFFECT CONSTRUCT
Adverse effect date,3308,PIH,ADVERSE EFFECT DATE
Adverse effect medication,3306,PIH,ADVERSE EFFECT MEDICATION
"Adverse effect, non-coded",5994,PIH,"ADVERSE EFFECT, NON-CODED"
Adverse effects of psychotropic medication,4608,PIH,Adverse effects of psychotropic medication
Amniotic fluid index,7128,PIH,AFI
Age (years),3256,PIH,AGE
Age at onset of seizures,6513,PIH,Age at onset of seizures
Age supplement received,433,PIH,AGE SUPPLEMENT RECEIVED
Agronomist,5469,PIH,Agronomist
AIC,157,PIH,AIC
Albendazole,2317,PIH,ALBENDAZOLE
Alcaftadine,1809,PIH,Alcaftadine
Number of days per month alcohol is consumed,6810,PIH,Alcohol days per month
Alcohol-induced mental and behavior disorder,4619,PIH,Alcohol-induced mental and behavior disorder
Alcohol-related cardiomyopathy,4135,PIH,ALCOHOLIC CARDIOMYOPATHY
Alcoholic drinks per day,1703,PIH,ALCOHOLIC DRINKS PER DAY
Alcoholic Liver Damage,4838,PIH,Alcoholic Liver Damage
Alert and oriented construct,5657,PIH,Alert and oriented construct
Alive,3259,PIH,ALIVE
Alkaline phosphatase,2904,PIH,ALKALINE PHOSPHATASE
All medications currently taken at time of intake,5651,PIH,All medications currently taken at time of intake
Always,3515,PIH,ALL OF THE TIME
Allergic conjunctivitis,4901,PIH,ALLERGIC CONJUNCTIVITIS
Allergy,4197,PIH,ALLERGY
Allopurinol,1817,PIH,Allopurinol
Alprazolam,5993,PIH,ALPRAZOLAM
Alteration of consciousness,4189,PIH,Alteration of consciousness
Ambulatory,2835,PIH,AMBULATORY
Amenorrhea,4008,PIH,Amenorrhea
Amikacin,2194,PIH,AMIKACIN
Aminophylline,516,PIH,AMINOPHYLLINE
Amitriptyline hydrochloride,2037,PIH,AMITRYPTILINE
Amlodipine,543,PIH,AMLODIPINE
Amoxicillin,2294,PIH,AMOXICILLIN
Amoxicillin + clavulanic acid,2039,PIH,AMOXICILLIN AND CLAVULANIC ACID
Ampicillin,2134,PIH,AMPICILLIN
Amputation,5406,PIH,Amputation
Anal fistula,5214,PIH,ANAL FISTULA
Anaphylaxis,1398,PIH,ANAPHYLAXIS
Anatomical areas for radiology images,893,PIH,Anatomical areas for radiology images
Antenatal visit,430,PIH,ANC VISIT
Anemia,1393,PIH,ANEMIA
Anemia in pregnancy,3979,PIH,ANEMIA OF PREGNANCY
"Anemia,iron deficiency",4750,PIH,"ANEMIA, IRON DEFICIENCY"
Angular cheilitis,3458,PIH,ANGULAR CHEILITIS
Animal breeder,5510,PIH,Animal breeder
"Ankle - Left, 2 views (X-ray)",890,PIH,Ankle left 2 views (XRay)
"Ankle - Left, 3 views (X-ray)",817,PIH,Ankle left 3 views (XRay)
"Ankle - Right, 2 views (X-ray)",891,PIH,Ankle right 2 views (XRay)
"Ankle - Right, 3 views (X-ray)",798,PIH,Ankle right 3 views (XRay)
Anorexia,4602,PIH,ANOREXIA
Maternal health clinic,607,PIH,ANTENATAL CLINIC
Antepartum hemorrhage,3973,PIH,ANTEPARTUM HEMORRHAGE
Cutaneous anthrax,4744,PIH,Anthrax
Anti-tuberculosis treatment (non-coded),3653,PIH,Anti TB free text
Anti-TB medication (generic),517,PIH,Anti-TB medication (generic)
Antiretroviral Drugs,2356,PIH,ANTIRETROVIRAL DRUGS
Start ARV for PMTCT,3523,PIH,ANTIRETROVIRALS FOR PREVENTION OF MATERNAL TO CHILD TRANSMISSION
Antiretrovirals used for MTCT prophylaxis,3570,PIH,ANTIRETROVIRALS USED FOR MTCT PROPHYLAXIS
Anxiety,4311,PIH,ANXIETY DISORDER
Appearance at appointment time,625,PIH,Appearance at appointment time
Acute Appendicitis,4760,PIH,APPENDICITIS
Application,305,PIH,APPLICATION
Appointment service,8655,PIH,Appointment service
Appointment uuid,8676,PIH,Appointment uuid
Archivist,5489,PIH,Archivist
Physically able to work,3325,PIH,ARE YOU PRESENTLY PHYSICALLY ABLE TO WORK
Transfer arrival location within hospital,951,PIH,Arrival location within hospital
ART visit,391,PIH,ART VISIT
Artemether and Lumefantrine,2282,PIH,ARTEMETHER AND LUMEFANTRINE
Arthritis,4754,PIH,ARTHRITIS
Artisan,5462,PIH,Artisan
Artist,5471,PIH,Artist
ARV consent form signed,5740,PIH,ARV CONSENT FORM SIGNED
ARV medication (generic),545,PIH,ARV medication (generic)
"ARV treatment reason, non-coded",5424,PIH,ARV treatment reason non-coded
Ascariasis,5392,PIH,Ascariasis
Ascites,1562,PIH,ASCITES
Vitamin C,2240,PIH,ASCORBIC ACID
ASCVD Risk Score,6813,PIH,ASCVD Risk Score
Asparaginase,2253,PIH,Asparaginase
Acetylsalicylic acid,533,PIH,ASPIRIN
Assistance required,1168,PIH,Assistance required
Transport assistance,1101,PIH,ASSISTANCE WITH TRANSPORT
Assistant driver,5488,PIH,Assistant driver
Assistive device,5720,PIH,Assistive device
Asthma,1665,PIH,ASTHMA
Asthma classification,596,PIH,Asthma classification
Asthma exacerbation,4202,PIH,ASTHMA EXACERBATION
Asthma Program,572,PIH,Asthma Program
Status Asthmaticus,4218,PIH,Asthma with Status Asthmaticus
Asymptomatic HIV infection,3486,PIH,ASYMPTOMATIC HIV INFECTION
ON (night),1283,PIH,At night
Atenolol,513,PIH,ATENOLOL
Atrial fibrillation,554,PIH,ATRIAL FIBRILLATION
Atrial septal defect,4133,PIH,ATRIAL SEPTAL DEFECT
Atropine sulfate,2333,PIH,ATROPINE SULPHATE
Attempted suicide,4603,PIH,Attempted Suicide
Atypical disseminated leishmaniasis,3436,PIH,ATYPICAL DISSEMINATED LEISHMANIASIS
Audiology,7027,PIH,AUDIOMETRIC
Automatic hospital admission,943,PIH,Automatic hospital admission
Autopsy,75,PIH,Autopsy
Axillary lymphadenopathy,1471,PIH,AXILLARY LYMPHADENOPATHY
Axillary temperature,5746,PIH,Axillary temperature C
Azithromycin,2249,PIH,AZITHROMYCIN
B-,1757,PIH,B NEGATIVE
B+,1754,PIH,B POSITIVE
B-hCG,1173,PIH,B-HCG
BCG vaccine,166,PIH,BACILLE CAMILE-GUERIN VACCINATION
Low back pain,4151,PIH,BACK PAIN
Bacterial meningitis,3914,PIH,Bacterial meningitis
Bacterial vaginosis,3091,PIH,"BACTERIAL VAGINOSIS, NON-SPECIFIED"
Bailiff,5494,PIH,Bailiff
Balance Problem,5677,PIH,Balance Problem
Baptist,133,PIH,Baptist
Bartholin's abscess,3985,PIH,BARTHOLIN(APOSTROPHE)S GLAND ABSCESS
Basophils %,3004,PIH,BASOPHILS
Bathing,5658,PIH,Bathing
Beaten earth,1091,PIH,BEATEN EARTH
Beautician,5451,PIH,Beautician
Beclomethasone,528,PIH,BECLOMETHASONE
Bed and chair transfers,5665,PIH,Bed and chair transfers
Bedridden,3323,PIH,BEDRIDDEN
Behavioral activation therapy,993,PIH,Behavioral activation
Being so restless that it is difficult to sit quietly,6822,PIH,Being so restless that it is difficult to sit quietly
Benign Mammary Dysplasia,5269,PIH,Benign Mammary Dysplasia
Benign Neoplasm Of Breast,4796,PIH,Benign neoplasm of breast
Benzathine penicillin,2224,PIH,BENZATHINE PENICILLIN
Benzylbenzoate,2315,PIH,BENZYL BENZOATE EMULSION
BERG,5711,PIH,BERG
Betamethasone,1917,PIH,BETAMETHASONE
Improved,3299,PIH,BETTER
Between one and seven days,622,PIH,Between 1 and 7
BID (twice daily),1307,PIH,BID
Biochemistry laboratory set,3190,PIH,BIOCHEMISTRY RESULTS
Biopsy,2763,PIH,BIOPSY
Biopsy result,6649,PIH,BIOPSY RESULT
Biparietal diameter,7157,PIH,Biparietal diameter
Bipolar disorder,4629,PIH,Bipolar disorder
Birth asphyxia,3799,PIH,Birth Asphyxia
Birth height (cm),3233,PIH,Birth length
Birth plan (text),3905,PIH,BIRTH PLAN
Birthplace address construct,88,PIH,Birthplace address construct
Bisacodyl,1988,PIH,BISACODYL
Bitten by suspected rabid animal,4916,PIH,Bitten by suspected rabid animal
Bleomycin,2312,PIH,Bleomycin
Blood donation,6038,PIH,Blood donation
Blood drawn,181,PIH,Blood drawn
Blood oxygen saturation,1182,PIH,BLOOD OXYGEN SATURATION
Blood Processed,182,PIH,Blood Processed
Blood results received,173,PIH,Blood results received
Blood sent,179,PIH,Blood sent
Blood transfusion,3293,PIH,BLOOD TRANSFUSION
Blood group,1758,PIH,BLOOD TYPING
Urea (BUN),3209,PIH,BLOOD UREA NITROGEN
Bloody,3047,PIH,BLOODY
Bloody cough,1257,PIH,Bloody cough
Bloody diarrhea,4886,PIH,Bloody diarrhea
Blue,1267,PIH,Blue
Boarding while awaiting bed for location,957,PIH,Boarding For
Bodyguard,5487,PIH,Bodyguard
Bookkeeper,5478,PIH,Bookkeeper
Modern bottles per day,1680,PIH,BOTTLES OF MODERN BEER PER DAY
Bradycardia,1641,PIH,BRADYCARDIA
Breast exam status,7074,PIH,Breast exam status
Breast - Left (US),835,PIH,Breast left (US)
Breast - Right (US),834,PIH,Breast right (US)
Breastfed exclusively,922,PIH,BREASTFED EXCLUSIVELY
Breech,3405,PIH,BREECH DELIVERY
Brewer,108,PIH,BREWER
Bronchial breath sounds,1467,PIH,BRONCHIAL BREATH SOUNDS
Bronchitis,4929,PIH,BRONCHITIS
Bronchopneumonia,4264,PIH,BRONCHOPNEUMONIA
Brother,25,PIH,BROTHER
Burial certificate number,73,PIH,Burial certificate
Burn,1235,PIH,BURN
Burn triage symptom,1238,PIH,Burn triage symptom
Butler,5458,PIH,Butler
Bicycle,1135,PIH,BY BICYCLE
Cabinetmaker,5476,PIH,Cabinetmaker
Cachectic,1517,PIH,CACHECTIC
CAH,155,PIH,CAH
Calamine lotion,2179,PIH,CALAMINE LOTION
"Calcaneus - Left, 2 views (X-ray)",787,PIH,Calcaneus left 2 views (XRay)
"Calcaneus - Right, 2 views (X-ray)",794,PIH,Calcaneus right 2 views (XRay)
Calcium gluconate,2172,PIH,CALCIUM GLUCONATE
Calcium oxalate crystals,2967,PIH,CALCIUM OXALATE CRYSTALS
Cancer of lymphatic and hematopoietic tissue,5120,PIH,Cancer of Lymphatic and Hematopoietic Tissue
Candidiasis,1635,PIH,CANDIDIASIS
Candidiasis of Skin,4961,PIH,Candidiasis of Skin
Candidiasis of the Esophagus,4702,PIH,"CANDIDIASIS, ESOPHAGEAL"
Oral candidiasis,1602,PIH,"CANDIDIASIS, ORAL"
Vaginal candidiasis,3471,PIH,"CANDIDIASIS, VAGINAL"
Cannabis-induced mental and behavior disorder,4590,PIH,Cannabis-induced mental and behavior disorder
Cannot afford treatment,1329,PIH,CANNOT AFFORD TREATMENT
Capreomycin,1845,PIH,CAPREOMYCIN
Captopril,524,PIH,CAPTOPRIL
Car,1134,PIH,CAR
Carbamazepine,536,PIH,CARBAMAZEPINE
Carbetocin,1781,PIH,Carbetocin
Carboplatin,2090,PIH,Carboplatin
Cardiac Arrest,2840,PIH,Cardiac Arrest
Cardiac exam findings,1659,PIH,CARDIAC EXAM FINDINGS
Cardiac murmur,1576,PIH,CARDIAC MURMUR
Cardiac murmur construct,1583,PIH,CARDIAC MURMUR CONSTRUCT
Cardiac murmur diagnosis,1578,PIH,CARDIAC MURMUR DIAGNOSIS
Cardiomyopathy,4127,PIH,CARDIOMYOPATHY
Cardiothoracic surgery,2860,PIH,Cardiothoracic Surgery
Carpenter,5499,PIH,Carpenter
Carvedilol,514,PIH,CARVEDILOL
Case status,575,PIH,Case status
Cashier,5493,PIH,Cashier
Cataract,6327,PIH,CATARACT
Catholic,132,PIH,Catholic
CD4,3035,PIH,CD4 COUNT
CD4%,3000,PIH,CD4%
CDC Category C,3708,PIH,CDC CATEGORY C
Cefixime,2111,PIH,CEFIXIME
Ceftriaxone,2116,PIH,CEFTRIAXONE
Celibate,93,PIH,CELIBATE
Mobile phone,1159,PIH,CELL PHONE
Mobile phone number,6343,PIH,CELL TELEPHONE
Cellulitis,1533,PIH,CELLULITIS
Cement,1088,PIH,CEMENT
CNS Toxoplasmosis,3445,PIH,CENTRAL NERVOUS SYSTEM TOXOPLASMOSIS
Cerebrovascular accident,500,PIH,Cerebrovascular Accident
Cervical lymphadenopathy,1472,PIH,CERVICAL LYMPHADENOPATHY
Cervicitis,1451,PIH,CERVICITIS
"Average of biparietal diameter, head circumference, and head-to-toe length",7139,PIH,CES US fetal size index
Caesarean section,2640,PIH,CESAREAN SECTION
Chalazion,5212,PIH,CHALAZION
Change of diagnosis,7058,PIH,Change Dx
Charcoal,2278,PIH,CHARCOAL
Chemotherapy,362,PIH,Chemotherapy
Chemotherapy cycle number,255,PIH,CHEMOTHERAPY CYCLE NUMBER
Chemotherapy treatment received,257,PIH,Chemotherapy treatment received
Chemotherapy treatment tolerated,253,PIH,Chemotherapy treatment tolerated
Chest (US),825,PIH,Chest (US)
"Chest, 1 view (X-ray)",742,PIH,Chest 1 view (XRay)
"Chest, 2 views (X-ray)",731,PIH,Chest 2 views (XRay)
"Chest, 4 views (X-ray)",809,PIH,Chest 4 views (XRay)
Chest oblique - Bilateral (X-ray),735,PIH,Chest bilateral oblique (XRay)
Respiratory exam findings,1469,PIH,CHEST EXAM FINDINGS
Chest lordotic (X-ray),790,PIH,Chest lordotic (XRay)
Chest Pain,1250,PIH,CHEST PAIN
Chest without contrast (CT),878,PIH,Chest without contrast (CT)
Chief complaint (coded),6460,PIH,CHIEF COMPLAINT
Child between 5 and 16,388,PIH,Child between 5 and 16
Pediatric HIV status,3549,PIH,CHILDS CURRENT HIV STATUS
Fever with chills,4809,PIH,CHILLS
Chloramphenicol,2100,PIH,CHLORAMPHENICOL
Chloroquine,2302,PIH,CHLOROQUINE
Chlorphenamine,1820,PIH,CHLORPHENAMINE
Chlorpromazine,2337,PIH,CHLORPROMAZINE
Cholecystitis,5355,PIH,CHOLECYSTITIS
Cholelithiasis,5280,PIH,Cholelithiasis NOS
Cholera,4757,PIH,CHOLERA
Chronic Bronchitis,4885,PIH,Chronic Bronchitis
Chronic Cough,4845,PIH,Chronic Cough
Chronic disease,363,PIH,Chronic disease
Chronic disease controlled during initial visit,471,PIH,Chronic disease controlled during initial visit
Chronic intractable pain,4710,PIH,Chronic intractable pain
COPD,4421,PIH,CHRONIC OBSTRUCTIVE PULMONARY DISEASE
Chronic respiratory disease program,504,PIH,Chronic respiratory disease program
CIGNA (Vanbreda),150,PIH,CIGNA (Vanbreda)
Cimetidine,526,PIH,Cimetidine
Ciprofloxacin,2322,PIH,CIPROFLOXACIN
Circumstances of death,77,PIH,Circumstances of death
Cirrhosis of liver,4222,PIH,CIRRHOSIS
City Village concept,83,PIH,City Village
Civil status,102,PIH,CIVIL STATUS
Clarithromycin,2054,PIH,CLARITHROMYCIN
Residential environment,92,PIH,Classification of residential environment
Classifications of surgical wounds,2874,PIH,Classifications of surgical wounds
"Clavicle - Left, 2 views (X-ray)",783,PIH,Clavicle left 2 views (XRay)
"Clavicle - Right, 2 views (X-ray)",772,PIH,Clavicle right 2 views (XRay)
Clean,2870,PIH,Clean
Wound dressing,2362,PIH,CLEAN AND DRESSING
Cleaner,129,PIH,Cleaner
Legal or legislative clerk,5457,PIH,Clerk
Clindamycin,1895,PIH,CLINDAMYCIN
Clinic travel time (coded),1148,PIH,CLINIC TRAVEL TIME
Clinical,3948,PIH,CLINICAL
Clinical impression comments,1275,PIH,CLINICAL IMPRESSION COMMENTS
Diagnosis certainty,208,PIH,CLINICAL IMPRESSION DIAGNOSIS CONFIRMED
Overall condition,3500,PIH,CLINICAL PROGRESS
CD4 reported by clinician,3330,PIH,CLINICIAN REPORTED CD4
Clofazimine,2173,PIH,CLOFAZIMINE
Clotrimazole,2034,PIH,CLOTRIMAZOLE
Cloxacillin,1965,PIH,CLOXACILLIN
Cocaine-induced mental and behavior disorder,4630,PIH,Cocaine-induced mental and behavior disorder
Codeine,1430,PIH,CODEINE
Cognitive processing therapy,1003,PIH,Cognitive processing therapy
Comments at conclusion of examination,3595,PIH,COMMENTS AT CONCLUSION OF EXAMINATION
Commerce,104,PIH,COMMERCE
Commercial bike rider,127,PIH,Commercial bike rider
Common cold,4841,PIH,Common cold
Communication difficulties,5650,PIH,Communication Difficulties
Community health,370,PIH,Community health
Community leader,5484,PIH,Community leader
Community meeting,606,PIH,Community meeting
Community-based organization,6301,PIH,COMMUNITY-BASED ORGANIZATION
Hemogram,3158,PIH,COMPLETE BLOOD COUNT
Completed PMTCT treatment,1327,PIH,COMPLETED TOTAL PMTCT
Complications at delivery set,3807,PIH,Complications at delivery coded
Complications from surgery,2843,PIH,Complications from surgery
Complications of Puerperium (old),5421,PIH,Complications of Puerperium
Comprehension,5703,PIH,Comprehension
CONAM,154,PIH,CONAM
Condition causing the final disease,79,PIH,Condition causing the final disease
Condition contributing to the death,74,PIH,Condition contributing to the death
"Condition contributing to the death but not related to the disease or morbid condition, non-coded",62,PIH,Condition contributing to the death non coded
Condoms,51,PIH,CONDOMS
Conduct disorder,4593,PIH,Conduct disorder
Confirmed,193,PIH,CONFIRMED
Confirmed malaria,4753,PIH,Confirmed malaria
Confusion,1206,PIH,CONFUSION
Congenital heart disease,4140,PIH,CONGENITAL HEART DISEASE
Congenital syphilis (infant under 1 year old),4801,PIH,Congenital Syphilis
CONJUGATED ESTROGEN,5987,PIH,CONJUGATED ESTROGEN
Conjunctiva (coded),6503,PIH,CONJUNCTIVA
Bacterial conjuctivitis,1600,PIH,CONJUNCTIVITIS
Neonatal conjunctivitis,4267,PIH,Conjunctivitis of newborn
Constipation,264,PIH,CONSTIPATION
CONSTRICTIVE PHYSIOLOGY,4160,PIH,CONSTRICTIVE PHYSIOLOGY
Construction worker,5490,PIH,Construction worker
Contact construct,3261,PIH,Contact construct
Contact with a tuberculosis positive person,4835,PIH,CONTACT WITH A TB+ PERSON
Contaminated needle stick,3289,PIH,CONTAMINATED NEEDLE STICK
Contraceptive use,5576,PIH,CONTRACEPTIVE USE
Controlled hemorrhage,1221,PIH,Controlled hemorrhage
Convulsions in the newborn,4317,PIH,Convulsions in the Newborn
Chef,5454,PIH,Cook
COPD group classification,512,PIH,COPD group classification
Copper IUD,1830,PIH,Copper IUD
Isolated right heart failure,4125,PIH,COR PULMONALE
Correction,904,PIH,Correction
Cough,1392,PIH,COUGH
Cough > 2 weeks,3414,PIH,COUGH LASTING GREATER THAN TWO WEEKS
Country concept,81,PIH,Country
Cowherd,125,PIH,Cowherd
Crackles,1463,PIH,CRACKLES
Creatinine (mg/dL),895,PIH,Creatinine mg per dL
Community credit union,3677,PIH,CREDIT UNION
Crepitations,1465,PIH,CREPITATIONS
Cromolyn sodium,1841,PIH,Cromoglicic acid
Cryptococcosis,4234,PIH,CRYPTOCOCCOSIS
Guided percutaneous drain placement (CT),851,PIH,CT Guided percutaneous drain placement
Ability with previous other activities before illness (text),3661,PIH,CURRENT ABILITY TO PERFORM OTHER ACTIVITIES BEFORE ILLNESS
Current antiretroviral drugs used for transmission prophylaxis,3388,PIH,CURRENT ANTIRETROVIRAL DRUGS USED FOR TRANSMISSION PROPHYLAXIS
Current antiretroviral drugs used for treatment,3571,PIH,CURRENT ANTIRETROVIRAL DRUGS USED FOR TREATMENT
Current Medications,1666,PIH,CURRENT MEDICATIONS
Current prophylaxis regimen or drug,3331,PIH,CURRENT PROPHYLAXIS REGIMEN OR DRUG
Current prophylaxis treatment construct,3332,PIH,CURRENT PROPHYLAXIS TREATMENT CONSTRUCT
Current WHO HIV Stage,3769,PIH,CURRENT WHO HIV STAGE
Currently,1677,PIH,CURRENTLY
Breastfeeding child,3578,PIH,CURRENTLY BREASTFEEDING CHILD
Current treatment,3263,PIH,CURRENTLY IN TREATMENT
Currently taking medication,1339,PIH,Currently taking medication
Customs inspector,5472,PIH,Customs inspector
Cyanosis,1520,PIH,CYANOSIS
Cyclophosphamide,2292,PIH,Cyclophosphamide
Cycloserine,2197,PIH,CYCLOSERINE
Cyclosporine,1782,PIH,Cyclosporine
Cystitis,5200,PIH,Cystitis
Daclatasvir,5778,PIH,Daclatasvir
Dactinomycin,2105,PIH,Dactinomycin
Dapsone,2221,PIH,DAPSONE
ARV start date,3349,PIH,DATE ANTIRETROVIRALS STARTED
Date of confinement,3810,PIH,DATE OF CONFINEMENT
Date of death,956,PIH,DATE OF DEATH
Date of initial consultation,350,PIH,Date of initial consultation
Date of laboratory test,3185,PIH,DATE OF LABORATORY TEST
Date of last menstrual period,3569,PIH,DATE OF LAST MENSTRUAL PERIOD
Date of last surgery,7093,PIH,Date of last surgery
Date of test results,334,PIH,Date of test results
Oriented to time,5653,PIH,Day Orientation
Days,968,PIH,Days
Number of days with difficulties in past 30 days,1022,PIH,Days with difficulties in past month
Number of days with reduced activity or work in past 30 days,1084,PIH,Days with less activity in past month
Number of days without normal activity or work in past 30 days,1050,PIH,Days without usual activity in past month
Daytime asthma symptoms for more than a few minutes more than once/week,473,PIH,Daytime asthma symptoms for more than a few minutes more than once a week
Daytime asthma symptoms more than twice/week,551,PIH,Daytime asthma symptoms more than twice per week
Dilated cardiomyopathy,4236,PIH,DCM
Death,939,PIH,DEATH
Intraoperative death,2841,PIH,Death during surgery
Decreased endurance,5682,PIH,Decreased endurance
Decreased range of motion,5681,PIH,Decreased range of motion
Decreased sensation,5679,PIH,DECREASED SENSATION
Decubitus ulcer,5326,PIH,Decubitus Ulcer
Dehydration,4784,PIH,DEHYDRATION
Delirium,4594,PIH,Delirium
Delusional disorder,4618,PIH,Delusional disorder
Dementia,4596,PIH,DEMENTIA
Dengue,4852,PIH,Dengue
Dengue hemorrhagic fever,4818,PIH,Dengue Haemorrhagic Fever
Dental (XRay),404,PIH,Dental (XRay)
Other dental caries,4641,PIH,DENTAL CARIES
Dentist,5753,PIH,Dentist
Deny,960,PIH,Deny
Left without completion of treatment,934,PIH,Departed without medical discharge
Dependent of amputee,390,PIH,Dependent of amputee
Dependent of HIV patient,396,PIH,Dependent of HIV
Dependent of staff,386,PIH,Dependent of staff
Depression,1631,PIH,DEPRESSION
Dermatitis,4247,PIH,DERMATITIS
Description of diet,7137,PIH,Description of diet
Description of housing,7132,PIH,Description of housing
Description of personal hygiene,7126,PIH,Description of personal hygiene
Description of vaccine history,7113,PIH,Description of vaccine history
Lower limit of detection,3145,PIH,Detectable lower limit
Deteriorated,3499,PIH,DETERIORATION
Deworming,437,PIH,DEWORMING
Dexamethasone,2010,PIH,Dexamethasone
Dexamethazone sodium phosphate,2118,PIH,Dexamethazone sodium phosphate
Dexlansoprazole,5737,PIH,Dexlansoprazole
Dextrose,2141,PIH,DEXTROSE
Dextrose 10% in water,646,PIH,Dextrose 10%
Dextrose 5%,2110,PIH,Dextrose 5%
Dextrose 5% in Sodium Chloride 0.45%,652,PIH,Dextrose 5% Sodium Chloride 0.45%
Diabetes,501,PIH,DIABETES
Diabetes insipidus,4237,PIH,DIABETES INSIPIDUS
Diabetes panel,3208,PIH,Diabetes laboratory panel
Diabetes medications,6769,PIH,Diabetes Medications
Diabetes Program,582,PIH,Diabetes Program
Diagnosis,201,PIH,DIAGNOSIS
Diagnosis date,206,PIH,Diagnosis date
"Diagnosis or problem, non-coded",209,PIH,"Diagnosis or problem, non-coded"
Diagnosis order,204,PIH,Diagnosis order
Diagnostic Tests History,1716,PIH,DIAGNOSTIC TESTS HISTORY
Diaphragm,49,PIH,DIAPHRAGM
Diarrhea,236,PIH,DIARRHEA
Diarrhea for less than one month,4777,PIH,DIARRHEA LESS THAN ONE MONTH
Chronic diarrhea,3480,PIH,"DIARRHEA, CHRONIC"
Parasitic diarrhea,4695,PIH,"DIARRHEA, PARASITE"
Diastolic,1180,PIH,DIASTOLIC BLOOD PRESSURE
Diastolic murmur,1575,PIH,DIASTOLIC MURMUR
Diastolic rumble,1658,PIH,DIASTOLIC RUMBLE
Diazepam,2264,PIH,DIAZEPAM
Diclofenac,2076,PIH,DICLOFENAC
Did not answer,638,PIH,DID NOT ANSWER
Didanosine,2344,PIH,DIDANOSINE
Difficulty breathing,1241,PIH,DIFFICULTY BREATHING
Difficulty relaxing,6818,PIH,Difficulty relaxing
Digestive triage symptom,1248,PIH,Digestive triage symptom
Digoxin,535,PIH,DIGOXIN
Dilated,462,PIH,DILATED
Dilated cardiomyopathy,4236,PIH,DILATED CARDIOMYOPATHY
Diminished breath sounds,1462,PIH,DIMINISHED BREATH SOUNDS
Diosmin,1774,PIH,Diosmin
Diphenhydramine,1979,PIH,DIPHENHYDRAMINE
Diphtheria,1747,PIH,Diphtheria
Diphtheria Tetanus and Pertussis vaccination,172,PIH,DIPTHERIA TETANUS AND PERTUSSIS VACCINATION
Td booster,171,PIH,DIPTHERIA TETANUS BOOSTER
Direct bilirubin (mg/dL),2902,PIH,DIRECT BILIRUBIN
Dissociative disorder,4624,PIH,Disassociation Disorder
Discharge,1277,PIH,Discharge
Discharge location,1390,PIH,Discharge location
Discharged,947,PIH,DISCHARGED
Discordant couple,3536,PIH,DISCORDANT COUPLE
Disease requiring hospitalization since last visit,559,PIH,Disease requiring hospitalization since last visit
Diseases of pulp and periapical tissues,4646,PIH,Diseases of pulp and periapical tissues
Dislocation,4215,PIH,DISLOCATION
Dislocation of large joint,1225,PIH,Dislocation of large joint
Dislocation of small joint,1219,PIH,Dislocation of small joint
Disorder of nervous system,7008,PIH,Disorder of Nervous System
Displaced point of maximal impulse,1642,PIH,DISPLACED POINT OF MAXIMAL IMPULSE
Disposable menstrual product,1785,PIH,Disposable menstrual products
Disposition comment,1749,PIH,DISPOSITION COMMENTS
Distracted easily,6834,PIH,Distracted easily
Distress,1521,PIH,Distress
Divorced,94,PIH,DIVORCED
Dizziness and giddiness,4732,PIH,DIZZINESS
Doctor,11,PIH,DOCTOR
Patient needs tuberculosis treatment,3357,PIH,DOES THE PATIENT NEED TREATMENT FOR TUBERCULOSIS
Dog bite,4836,PIH,Dog bite
"Dosing units, coded",1344,PIH,Dosing units coded
Doxorubicin,2231,PIH,Doxorubicin
Doxycycline,2331,PIH,DOXYCYCLINE
Dressing,5668,PIH,Dressing
Driver,114,PIH,DRIVER
Drowsiness,1232,PIH,Drowsiness
Medication frequency,1323,PIH,Drug frequency for HUM
Drug not available - out of stock,1333,PIH,DRUG OUT OF STOCK
Drug sensitivity test complete,5495,PIH,DRUG SENSITIVITY TEST COMPLETE
Drug-induced mental and behavior disorder,4628,PIH,Drug-induced mental and behavior disorder
Dullness to percussion,1459,PIH,DULLNESS TO PERCUSSION
Duodenal Ulcer,4891,PIH,DUODENAL ULCER
Duration in minutes,8643,PIH,Duration in minutes
"Duration of hospitalization during which patient died, in days",80,PIH,Duration of hospitalization when patient died
Dysentery,4804,PIH,DYSENTERY
Bacillary Dysentery,4679,PIH,DYSENTERY BACILLIARY
Dysfunctional uterine bleeding,6845,PIH,Dysfunctional Uterine Bleeding
Dysmenorrhea,4095,PIH,DYSMENORRHOEA
Dyspepsia,4805,PIH,DYSPEPSIA
Dysphagia,1597,PIH,DYSPHAGIA
Cervical dysplasia,4070,PIH,Dysplasie cervicale
Dysuria,1477,PIH,DYSURIA
Ear exam findings,1532,PIH,Ear exam findings
Eating,5670,PIH,Eating
Eating disorder,4616,PIH,Eating Disorder
Ebola survivor,382,PIH,Ebola survivor
Ebola symptom,380,PIH,Ebola symptom
Echocardiogram comment,466,PIH,ECHOCARDIOGRAM COMMENT
Echocardiogram findings,470,PIH,Echocardiogram findings
Eclampsia,3785,PIH,Eclampsia
Economist,5754,PIH,Economist
Ectopic pregnancy,3984,PIH,Ectopic pregnancy
Eczema,4787,PIH,ECZEMA
Emergency Department observation,946,PIH,ED Observation
Education,3957,PIH,Education
EFV,1975,PIH,EFAVIRENZ
Exposed infant program outcome,5632,PIH,EID outcome
HIV exposed infant program,5631,PIH,EID program
EID treatment status,5634,PIH,EID treatment status
EID visit,424,PIH,EID VISIT
"8D (eight daily)",1321,PIH,Eight times a day
"Elbow - Left, 2 views (X-ray)",757,PIH,Elbow left 2 views (XRay)
"Elbow - Right, 2 views (X-ray)",813,PIH,Elbow right 2 views (XRay)
Electrical engineer,5513,PIH,Electrical engineer
Electrician,5482,PIH,Electrician
EKG construct,558,PIH,ELECTROCARDIOGRAM CONSTRUCT
Electronics technician,5506,PIH,Electronics technician
Hyperglycemia,588,PIH,Elevated blood glucose level
Emergency,346,PIH,Emergency
Emergency sign and symptom,1242,PIH,Emergency signs
Emergency treatment,1265,PIH,Emergency treatment
Emergency visit,408,PIH,EMERGENCY VISIT
Emtricitabine,1976,PIH,EMTRICITABINE
Enalapril,523,PIH,ENALAPRIL
Encephalitis,4155,PIH,Encephalitis
Encephalopathy,3437,PIH,ENCEPHALOPATHY
AIDS meningoencephalitis,4691,PIH,ENCEPHALOPATHY PRESUMED DUE TO HIV
Endocarditis,4226,PIH,ENDOCARDITIS
Endomyocardial fibrosis,4128,PIH,ENDOMYOCARDIAL FIBROSIS
Endurance training,5669,PIH,Endurance training
Engineer,5749,PIH,Engineer
Enoxaparin,2125,PIH,ENOXAPARIN
Enrollment blood work status,180,PIH,Enrollment blood work status
Sacubitril / Valsartan,1934,PIH,ENTRESTO
Eosinophil %,3006,PIH,EOSINOPHILS
Epigastric pain,1565,PIH,Epigastric Pain
Epilepsy,502,PIH,EPILEPSY
Epilepsy program,387,PIH,Epilepsy program
Episiotomy,2728,PIH,EPISIOTOMY ON MOTHER
Equipment,5709,PIH,Equipment
Erythrocyte sedimentation rate,3124,PIH,ERYTHROCYTE SEDIMENTATION RATE
Erythromycin,1811,PIH,ERYTHROMYCIN
Essential hypertension,6150,PIH,Essential hypertension
Estimated blood loss,2833,PIH,Estimated blood loss
Expected delivery date,3398,PIH,ESTIMATED DATE OF CONFINEMENT
Estimated fetal weight,7121,PIH,Estimated fetal weight
Ethambutol,2251,PIH,ETHAMBUTOL
Ethambutol and Isoniazid,3399,PIH,ETHAMBUTOL AND ISONIZAID
Ethionamide,1978,PIH,ETHIONAMIDE
Etoposide,2324,PIH,Etoposide
Euvolemic,488,PIH,EUVOLEMIC
Q12H (every 12 hours),1319,PIH,Every 12 hours
Q2H (every 2 hours),1322,PIH,Every 2 hours
Q3H (every 3 hours),1301,PIH,Every 3 hours
Q4H (every 4 hours),1288,PIH,Every 4 hours
Q6H (every 6 hours),1315,PIH,Every 6 hours
Every day,577,PIH,EVERY DAY
Evidence of cardiac enlargement,1640,PIH,EVIDENCE OF CARDIAC ENLARGEMENT
Program exit,7062,PIH,Exit from program construct
Expire,1196,PIH,Expire
Exposure to HIV,3544,PIH,EXPOSURE TO HIV
Expression,5706,PIH,Expression
Extra-pulmonary tuberculosis,3392,PIH,EXTRA-PULMONARY TUBERCULOSIS
Extremity (US),832,PIH,Extremity (US)
Extremity examination (text),5790,PIH,Extremity exam (text)
Extremity exam findings,1545,PIH,EXTREMITY EXAM FINDINGS
"Facial bones, 3 views (X-ray)",740,PIH,Facial bones 3 views (XRay)
Facial bones and maxilla without contrast (CT),882,PIH,Facial bones and Maxilla without contrast (CT)
Factory worker,106,PIH,FACTORY WORKER
Failure to thrive,4342,PIH,FAILURE TO THRIVE
False labor,3968,PIH,FALSE LABOR
Family member,16,PIH,FAMILY MEMBER
Family planning,3780,PIH,FAMILY PLANNING
Family planning clinic,3590,PIH,FAMILY PLANNING CLINIC
Family planning comment,3610,PIH,FAMILY PLANNING COMMENT
Family planning construct,3766,PIH,Family planning construct
Family planning history construct,3733,PIH,Family planning history construct
Family planning other spec,7044,PIH,FAMILY PLANNING OTHER SPEC
Family planning services,359,PIH,FAMILY PLANNING SERVICES
Family support,997,PIH,Family Support
Farmer,111,PIH,FARMER
Fashion designer,5474,PIH,Fashion designer
FAST (US),403,PIH,FAST (US)
Patient fasting for blood glucose test,3120,PIH,Fasting for blood glucose test
Fatal,1443,PIH,FATAL
Father,19,PIH,FATHER
Fatigue,262,PIH,FATIGUE
Febrile rash,4807,PIH,Febrile rash
Feeding method absent,923,PIH,FEEDING METHOD ABSENT
Feeding method age,924,PIH,FEEDING METHOD AGE
Infant feeding method,925,PIH,FEEDING METHOD PRESENT
Feeding problems of newborn,4334,PIH,Feeding problems of newborn
"Feeling down, depressed, or hopeless",6832,PIH,Feeling down depressed or hopeless
"Feeling nervous, anxious, or on edge",6819,PIH,Feeling nervous
Feeling scared as if something terrible could happen,6821,PIH,Feeling scared as if something terrible could happen
Feeling tired or having little energy,6828,PIH,Feeling tired or having little energy
Feels like they have failed someone,6830,PIH,Feels like they have failed someone
Feels slower than normal,6829,PIH,Feels slower than normal
Female,3254,PIH,FEMALE
Female sterilization,50,PIH,FEMALE STERILIZATION
"Femur - Left, 2 views (X-ray)",773,PIH,Femur left 2 views (XRay)
Femur length,7086,PIH,Femur length
"Femur - Right, 2 views (X-ray)",778,PIH,Femur right 2 views (XRay)
Ferrous sulfate,438,PIH,FERROUS SULFATE
Ferrous sulphate + Folic acid,2217,PIH,FERROUS SULFATE AND FOLIC ACID
Fetal distress,3786,PIH,Fetal distress
Fever,232,PIH,FEVER
Fever of unknown origin,4735,PIH,Fever of unknown origin
Filariasis,4739,PIH,Filariasis
Final,903,PIH,Final
Final disease resulting in death,64,PIH,Final disease resulting in death
Financial aid,1098,PIH,FINANCIAL AID
Fine motor skills evaluation,1574,PIH,FINE MOTOR SKILLS EVALUATION
Fine Motor Skills Evaluation (text),1637,PIH,Fine Motor Skills Evaluation (text)
"1st",3226,PIH,First
First name,3251,PIH,FIRST NAME
Fisherman,120,PIH,Fisherman
"5D (five daily)",1303,PIH,FIVE TIMES A DAY
Flatulence And Related Conditions,4824,PIH,Flatulence and related conditions
Florist,5453,PIH,Florist
Fluconazole,2151,PIH,FLUCONAZOLE
Fluorochrome (250X),6205,PIH,FLUOROCHROME (250X)
Fluorouracil,1971,PIH,Fluorouracil
Fluoxetine,2077,PIH,FLUOXETINE
Fluphenazine,2156,PIH,FLUPHENAZINE
Focal neurological deficit,1496,PIH,FOCAL NEUROLOGICAL DEFICIT
Focal seizures,4632,PIH,Focal Seizures
Folic acid,2165,PIH,FOLIC ACID
Food insecurity,4906,PIH,Food insecurity
Foot care classification,619,PIH,Foot care classification
Foot examination findings,1486,PIH,FOOT EXAM FINDINGS
"Foot - Left, 2 views (X-ray)",795,PIH,Foot left 2 views (XRay)
"Foot - Right, 2 views (X-ray)",771,PIH,Foot right 2 views (XRay)
Foot sores,1541,PIH,Foot sores
Foot ulcer,451,PIH,FOOT ULCER
Football player,5512,PIH,Football player
"Forearm - Left, 2 views (X-ray)",758,PIH,Forearm left 2 views (XRay)
"Forearm - Right, 2 views (X-ray)",741,PIH,Forearm right 2 views (XRay)
Foreign body in ear,5192,PIH,Foreign Body in Ear
Foreign body in eye,5229,PIH,Foreign Body in Eye
Foreign body or object entering through skin,4290,PIH,Foreign body or object entering through skin
Foreman,5498,PIH,Foreman
Infant formula provided,930,PIH,FORMULA GIVEN TO PATIENT
Found through active casefinding,897,PIH,Found through active casefinding
Fracture,4790,PIH,FRACTURE
FREE FLOWING,4159,PIH,FREE FLOWING
Friend,6132,PIH,FRIEND
Fruit or vegetable vendor,118,PIH,FRUIT OR VEGETABLE SELLER
Fulfillment status,3839,PIH,Fulfillment status
Functional independence measure,5652,PIH,Functional independence measure
Functional limitations,5708,PIH,Functional Limitations
Functional review of symptoms construct,5398,PIH,FUNCTIONAL REVIEW OF SYMPTOMS CONSTRUCT
Fungal Infection,1482,PIH,FUNGAL INFECTION
Furosemide,519,PIH,FUROSEMIDE
Furunculosis,4915,PIH,FURUNCULOSIS
GAD-2 score,6837,PIH,GAD-2
Gait training,5661,PIH,Gait training
Gastric Ulcer,4762,PIH,GASTRIC ULCER
Gastritis,4736,PIH,GASTRITIS
Gastroduodenitis,4749,PIH,Gastritis and duodenitis
Gastroenteritis and colitis,4924,PIH,Gastroenteritis and colitis
Gastroesophageal reflux,4848,PIH,GASTROESOPHAGEAL REFLUX
Gender,3255,PIH,Gender
General anesthesia,2883,PIH,General anesthesia
"General drug frequency, non-coded",1343,PIH,GENERAL DRUG FREQUENCY
General exam findings,1524,PIH,GENERAL EXAM FINDINGS
Free text general,7,PIH,GENERAL FREE TEXT
General good health,3257,PIH,General good health
General procedures,2364,PIH,General procedures
General surgery department,608,PIH,General Surgery
General Surgical Consultation,360,PIH,General Surgical Consultation
Generalized anxiety disorder,4598,PIH,Generalized anxiety disorder
Tonic-Clonic seizures,4622,PIH,Generalized Tonic-clonic seizure
Outcome,563,PIH,Generic outcome
Moisturizer cream,1780,PIH,Generic skin cream
Genital discharge,1633,PIH,GENITAL DISCHARGE
Genital herpes,3619,PIH,Genital Herpes
Genital ulcers,1450,PIH,GENITAL SORES
Chancroid,4909,PIH,"GENITAL ULCERS, CHANCROID"
Genitourinary tract infection in pregnancy,4084,PIH,Genitourinary Tract Infection in Pregnancy
Gentamicin,2250,PIH,GENTAMICIN
Gentian violet,2256,PIH,GENTIAN VIOLET
Gestational age at birth (weeks),3340,PIH,Gestational age at birth in weeks
Gestational diabetes,587,PIH,Gestational diabetes
Gestational diabetes risk z-score (coded),3895,PIH,Gestational diabetes risk z-score (coded)
Gestational sac diameter,7152,PIH,Gestational sac diameter
Getting upset or irritable easily,6820,PIH,Getting upset or irritable easily
Glaucoma,4926,PIH,Glaucoma
Glibenclamide,544,PIH,GLIBENCLAMIDE
Glucose tolerance test (coded),3138,PIH,Glucose tolerance test (coded)
Glucose triage symptom,1199,PIH,Glucose triage symptom
Gluteal wasting,1514,PIH,GLUTEAL WASTING
GMC Henner,151,PIH,GMC Henner
Goiter,1605,PIH,GOITER
Gonorrhea,3620,PIH,GONORRHEA
Good,670,PIH,GOOD
Gout,5311,PIH,GOUT
Graduated compression stockings,2827,PIH,Graduated compression stockings
Granuloma inguinale,3992,PIH,Granuloma Inguinale
Gravida,3277,PIH,GRAVIDITY
Grief counseling,1009,PIH,Grief counseling
Griseofulvin,2048,PIH,GRISEOFULVIN
Grooming,5662,PIH,Grooming
Gross motor skills evaluation,1585,PIH,GROSS MOTOR SKILLS EVALUATION
Gross Motor Skills Evaluation (text),1610,PIH,Gross Motor Skills Evaluation (text)
Guard,5449,PIH,Guard
Guardian,1388,PIH,GUARDIAN
Guardian relationship to child,24,PIH,GUARDIAN RELATIONSHIP TO CHILD
Paracentesis (US),844,PIH,Guided paracentensis (US)
Haemorrhage In Early Pregnancy,1200,PIH,Haemorrhage in Early Pregnancy
Haiti age restricted diseases,5373,PIH,Haiti age restricted diseases
Haiti insurance company name,159,PIH,Haiti insurance company name
Haiti monthly notifiable diseases,5372,PIH,Haiti national notifiable monthly diseases
Haiti weekly nationally notifiable diseases,5374,PIH,Haiti nationally notifiable diseases
Haiti nationally urgent diseases,5376,PIH,Haiti nationally urgent diseases
Haiti neonatal diseases,5375,PIH,Haiti neonatal diseases
Haiti notifiable disease set,5377,PIH,Haiti notifiable disease set
Haloperidol,2059,PIH,HALOPERIDOL
"Hand - Left, 2 views (X-ray)",800,PIH,Hand left 2 views (XRay)
"Hand - Right, 2 views (X-ray)",754,PIH,Hand right 2 views (XRay)
Has appointment,407,PIH,Has appointment
Has Prospera,7072,PIH,Has Prospera
Has thought about ending their life,6831,PIH,Has thought about ending their life
HbA1c,3027,PIH,HbA1c
Hepatitis B surface antigen test,2934,PIH,HBSAG
Head and neck (US),829,PIH,Head and Neck (US)
Head circumference (cm),1192,PIH,HEAD CIRCUMFERENCE
Head injury,4255,PIH,HEAD INJURY
Head-to-toe length,7146,PIH,Head to toe length
Head without contrast (CT),875,PIH,Head without contrast (CT)
Headache,1399,PIH,HEADACHE
Health care worker,123,PIH,HEALTH CARE WORKER
Health clinic,6499,PIH,HEALTH CLINIC
Health condition improved,932,PIH,HEALTH IMPROVED
Health technician,5752,PIH,Health technician
Hearing difficulties,1530,PIH,HEARING DIFFICULTIES
Heart,7190,PIH,HEART
Heart disease,1765,PIH,HEART DISEASE
Heart failure,503,PIH,HEART FAILURE
HEARTS Program,7193,PIH,HEARTS Program
Heavy for gestational age,4336,PIH,Heavy for gestational age
HEENT exam findings,1606,PIH,HEENT EXAM FINDINGS
Height (cm),1193,PIH,HEIGHT (CM)
Helminthiasis,4773,PIH,HELMINTHIASIS
Hematocrit,3002,PIH,HEMATOCRIT
Hematology laboratory set,3162,PIH,HEMATOLOGY RESULTS SET
Hematuria,1479,PIH,HEMATURIA
Hemoglobin,3001,PIH,HEMOGLOBIN
Haemophilus Influenzae Type B (Hib) vaccine,2297,PIH,HEMOPHILUS INFLUENZA B VACCINATION
Hemoptysis,4793,PIH,HEMOPTYSIS
Bleeding,266,PIH,Hemorrhage NOS
Bleeding,266,PIH,"Hemorrhage, not elsewhere classified"
Hemorrhoids,4788,PIH,Hemorrhoids
Hemothorax,5363,PIH,HEMOTHORAX
Hepatitis,4913,PIH,HEPATITIS
Hepatitis A,4854,PIH,HEPATITIS A
Hepatitis B,3618,PIH,HEPATITIS B
Hepatitis B test - qualitative,3216,PIH,HEPATITIS B TEST - QUALITATIVE
Hepatitis B vaccination,2060,PIH,HEPATITIS B VACCINATION
Hepatitis C,5389,PIH,HEPATITIS C
Hepatitis C antibody test - qualitative,3160,PIH,HEPATITIS C TEST - QUALITATIVE
Hepatomegaly,1552,PIH,HEPATOMEGALY
Hepatotoxicity,1396,PIH,HEPATOTOXICITY
Herbal traditional medications,3657,PIH,HERBAL TRADITIONAL MEDICATIONS
Hereditary and idiopathic peripheral neuropathy,1484,PIH,Hereditary and Idiopathic Peripheral Neuropathy
Herpes simplex,3441,PIH,"HERPES SIMPLEX, NOS"
Herpes Zoster,3457,PIH,HERPES ZOSTER
HDL,3148,PIH,HIGH-DENSITY LIPOPROTEIN CHOLESTEROL
Highest education level,3377,PIH,HIGHEST LEVEL OF SCHOOL COMPLETED
"Hip - Left, 2 views (X-ray)",792,PIH,Hip left 2 views (XRay)
"Hip - Right, 2 views (X-ray)",766,PIH,Hip right 2 views (XRay)
Historical drug start date,3313,PIH,HISTORICAL DRUG START DATE
Historical drug stop date,3312,PIH,HISTORICAL DRUG STOP DATE
History of alcohol use,1683,PIH,HISTORY OF ALCOHOL USE
Illicit substance use,1697,PIH,HISTORY OF ILLEGAL DRUGS
NVP after birth (coded),3318,PIH,HISTORY OF NEVIRAPINE TO INFANT
History of tobacco use,1691,PIH,HISTORY OF TOBACCO USE
HIV suppport group,3679,PIH,HIV ASSOCIATION
HIV associated with cardiomyopathy,4703,PIH,HIV CARDIOMYOPATHY
HIV complicating pregnancy,4000,PIH,HIV complicating pregnancy
"HIV DNA Polymerase chain reaction, qualitative",3125,PIH,"HIV DNA POLYMERASE CHAIN REACTION, QUALITATIVE"
"HIV ELISA, qualitative",3126,PIH,"HIV ENZYME IMMUNOASSAY, QUALITATIVE"
"HIV ELISA, quantitative",3127,PIH,"HIV ENZYME IMMUNOASSAY, QUANTITATIVE"
HIV infected,3547,PIH,HIV INFECTED
HIV laboratory set,3173,PIH,HIV LAB SET
HIV outcome,3238,PIH,HIV outcome
HIV Program,417,PIH,HIV PROGRAM
"Candidiasis of esophagus, trachea and/or bronchus",3453,PIH,"HIV STAGING  - CANDIDIASIS, ORORESPIRATORY TRACT"
HIV Staging - Child HSV infection,3706,PIH,HIV STAGING - CHILD HSV INFECTION
"HIV Staging - Coccidiodomycosis, disseminated",3704,PIH,"HIV STAGING - COCCIDIODOMYCOSIS, DISSEMINATED"
Extrapulmonary cryptococcosis including meningitis,3449,PIH,"HIV STAGING - CRYPTOCOCCOSIS, EXTRAPULMONARY"
Cryptosporidiosis,3447,PIH,HIV STAGING - CRYPTOSPORIDIOSIS
Cytomegalovirus disease,3434,PIH,HIV STAGING - CYTOMEGALOVIRUS DISEASE
Disseminated endemic mycosis,3443,PIH,HIV STAGING - DISSEMINATED ENDEMIC MYCOSIS
"HIV Stage - Histoplasmosis, disseminated",3665,PIH,"HIV STAGING - HISTOPLASMOSIS, DISSEMINATED"
Stomatitis,4638,PIH,HIV STAGING - HSV STOMATITIS
HIV Staging - Lymphoma,3450,PIH,HIV STAGING - LYMPHOMA
HIV Staging - Mucocutaneous Herpes Simplex,3439,PIH,HIV STAGING - MUCOCUTANEOUS HERPES SIMPLEX
HIV Staging - Mycobacterium avium complex,3664,PIH,HIV STAGING - MYCOBACTERIUM AVIUM COMPLEX
Disseminated non-tuberculous mycobacterium,3448,PIH,"HIV STAGING - MYCOBACTERIUM, OTHER"
Persistent fever,3476,PIH,HIV STAGING - PERSISTENT FEVER
Persistent generalized lymphadenopathy,3485,PIH,HIV STAGING - PERSISTENT GENERALIZED LYMPHADENOPATHY
Recurrent bacterial pneumonia,3438,PIH,HIV STAGING - RECURRENT BACTERIAL PNEUMONIA
HIV Staging - Salmonella Septicemia,3431,PIH,HIV STAGING - SALMONELLA SEPTICEMIA
Serious bacterial infections,3473,PIH,HIV STAGING - SERIOUS BACTERIAL INFECTIONS
Severe bacterial infection,3479,PIH,HIV STAGING - SEVERE BACTERIAL INFECTION
"HIV Staging - Toxoplasmosis, brain",3705,PIH,"HIV STAGING - TOXOPLASMOSIS, BRAIN"
Weight loss greater than 10 percent,3413,PIH,HIV STAGING - WEIGHT LOSS GREATER THAN TEN PERCENT
Weight loss less than 10 percent,3461,PIH,HIV STAGING - WEIGHT LOSS LESS THAN TEN PERCENT
HIV status,3270,PIH,HIV STATUS
HIV test date,3612,PIH,HIV TEST DATE
HIV test performed,3678,PIH,HIV test done
HIV treatment status,3242,PIH,HIV TREATMENT STATUS
"HIV viral load, quantitative",3122,PIH,HIV VIRAL LOAD
HIV viral load construct,3146,PIH,HIV viral load construct
Holosystolic murmur,1645,PIH,HOLOSYSTOLIC MURMUR
Home,13,PIH,Home
Home accident,5401,PIH,Home accident
Traditional birth attendant (TBA),5479,PIH,Home birth attendant
Home visit,3673,PIH,HOME VISIT
Currently homeless,6336,PIH,HOMELESS
Hookworm disease,5385,PIH,Hookworm disease
Hospital,14,PIH,HOSPITAL
Pediatric ward,3589,PIH,HOSPITAL PEDIATRICS
Timing of hospital prescription,1278,PIH,Hospital prescription timing
Hospital service,371,PIH,Hospital service
Hospitalization comment,59,PIH,Hospitalization comment
Hospitalization construct,1725,PIH,HOSPITALIZATION CONSTRUCT
Hospitalized in past year,6983,PIH,HOSPITALIZED PREVIOUS YEAR
Hours,970,PIH,Hours
Housework,103,PIH,Housework
Housework/Fieldwork,105,PIH,Housework-Fieldwork
Housework/Fieldwork,105,PIH,HOUSEWORK/FIELDWORK
Housing assistance,1094,PIH,HOUSING EXPENSES
"HPV negative, without cervical lesion",7094,PIH,HPV negative without cervical lesion
HUM CT Orderables,883,PIH,HUM CT Orderables
Dentistry diagnoses,4678,PIH,HUM Dentistry set
Dermatology diagnoses,5060,PIH,HUM Derm diagnoses
Diagnosis set of sets,5370,PIH,HUM Diagnosis Sets
Disposition categories,950,PIH,HUM Disposition categories
PIH Disposition construct,959,PIH,HUM Disposition construct
Emergency diagnoses,4216,PIH,HUM Emergency diagnoses
Contraceptive management set,5061,PIH,HUM Family Planning actions
Internal medicine diagnoses,4243,PIH,HUM IM diagnoses
HUM Inpatient,604,PIH,HUM Inpatient
PIH medication set,2339,PIH,HUM medication set
NCD diagnoses,4434,PIH,HUM NCD diagnosis
Oncology diagnoses,5140,PIH,HUM Oncology set
Opportunistic infection diagnoses,4706,PIH,HUM opportunistic infection
Orthopedic diagnoses,4584,PIH,HUM Orthopedic diagnoses
HUM Outpatient,610,PIH,HUM outpatient
Outpatient diagnoses,4932,PIH,HUM Outpatient diagnosis
Pain diagnoses,4712,PIH,HUM Pain
Pathology procedure set,2824,PIH,HUM pathology procedure
Pediatric diagnoses,4348,PIH,HUM pediatric diagnosis
Pregnancy review set,5088,PIH,HUM pregnancy review
PIH procedure set,2825,PIH,HUM Procedure set
Psychological and mental health diagnoses,4633,PIH,HUM Psychological diagnosis
HUM Radiology Orderables,884,PIH,HUM Radiology Orderables
HUM radiology orderables with contrast,864,PIH,HUM Radiology orderables with contrast
Rehab diagnoses,4390,PIH,HUM Rehab
Surgery procedures,2726,PIH,HUM surgery procedures
HUM Ultrasound Orderables,848,PIH,HUM Ultrasound Orderables
Womens health diagnoses,4124,PIH,HUM Womens health diagnosis
HUM XRay Orderables,821,PIH,HUM XRay Orderables
Human Immunodeficiency Virus,7029,PIH,HUMAN IMMUNODEFICIENCY VIRUS
HIV resulting in other conditions,3599,PIH,Human immunodeficiency virus resulting in other conditions
HPV,3621,PIH,HUMAN PAPILLOMAVIRUS
"Humerus - Left, 2 views (X-ray)",816,PIH,Humerus left 2 views (XRay)
"Humerus - Right, 2 views (X-ray)",738,PIH,Humerus right 2 views (XRay)
Hunter,5452,PIH,Hunter
Hydralazine,525,PIH,HYDRALAZINE
Hydrocele,5360,PIH,Hydrocele
Hydrocele and spermatocele,4752,PIH,Hydrocele and spermatocele
Hydrochlorothiazide,531,PIH,HYDROCHLOROTHIAZIDE
Hydrocortisone,1770,PIH,HYDROCORTISONE
Hydrogen peroxide,2255,PIH,HYDROGEN PEROXIDE
Hydroxycarbamide,2234,PIH,Hydroxyurea
Hyoscine butylbromide,2005,PIH,HYOSCINE BUTYLBROMIDE
Hyperemesis gravidarum,4120,PIH,HYPEREMESIS GRAVIDARUM
Hyperkalemia,4183,PIH,HYPERKALEMIA
Attention-deficit hyperactivity disorder,4587,PIH,Hyperkinetic Behavior
Hyperplasia of prostate,4768,PIH,Hyperplasia of Prostate
Hypersalivation,1254,PIH,Hypersalivation
Hypertension,497,PIH,HYPERTENSION
Hypertension medications,6776,PIH,Hypertension medications
Hypertension program,494,PIH,Hypertension program
Hypertensive heart disease,4134,PIH,HYPERTENSIVE HEART DISEASE
Hypervolemic,490,PIH,HYPERVOLEMIC
Hypoglycemia,4153,PIH,HYPOGLYCEMIA
Hypoglycemia symptoms,569,PIH,Hypoglycemia symptoms
Hypospadias,5199,PIH,Hypospadias
Hypothermia of newborn,4306,PIH,Hypothermia of Newborn
Hypothyroidism,4242,PIH,Hypothyroidism
Hypovolemia,489,PIH,HYPOVOLEMIC
Ibuprofen,2067,PIH,IBUPROFEN
Ice or heat,5718,PIH,Ice or heat
Febrile jauncide,4827,PIH,Icteric febrile syndrome
Icteric sclera,1596,PIH,ICTERIC SCLERA
ID card only,3951,PIH,ID card only
ID Card Printing Requested,30,PIH,ID Card Printing Requested
ID Card Printing Successful,31,PIH,ID Card Printing Successful
Identification number,6339,PIH,Identification number
Idiopathic cardiomyopathy,4136,PIH,IDIOPATHIC CARDIOMYOPATHY
Imipramine,2203,PIH,IMIPRAMINE
Immigrant,909,PIH,Immigrant
Unable to move,1169,PIH,Immobile
Immunization visit,418,PIH,Immunization visit
Impaired cognition,5683,PIH,Impaired cognition
Impairments requiring rehabilitation,5684,PIH,Impairments requiring rehabilitation
Impetigo,4767,PIH,IMPETIGO
Implantation comment,2832,PIH,Implantation comment
In the afternoon,7006,PIH,In the afternoon
In the evening,7068,PIH,IN THE EVENING
OM (morning),1305,PIH,IN THE MORNING
In the past,1678,PIH,IN THE PAST
INASSA,156,PIH,INASSA
Income generating activities,3675,PIH,Income generating activities
Fecal incontinence,5704,PIH,Incontinence of Feces
Indeterminate,1172,PIH,INDETERMINATE
Indigenous,896,PIH,Indigenous
Indinavir,2029,PIH,INDINAVIR
Infant formula,921,PIH,INFANT FORMULA
Myocardial infarction,556,PIH,INFARCTION
Infection of amniotic cavity,3997,PIH,Infection of Amniotic Cavity
Infectious disease,5403,PIH,Infectious Disease
Infectious disease service,365,PIH,INFECTIOUS DISEASES CLINIC SERVICE
Inferior vena cava findings,463,PIH,Inferior vena cava findings
Influenza,4820,PIH,INFLUENZA
Informatician,5505,PIH,Informatician
Inguinal hernia,4895,PIH,Inguinal Hernia
Inhaler,1354,PIH,INHALING
Initial evaluation,5730,PIH,Initial evaluation
Injectable contraceptives,48,PIH,INJECTABLE CONTRACEPTIVES
Injury to eye region,5226,PIH,Injury to Eye Region
Inpatient,3954,PIH,Inpatient
Hospitalized,429,PIH,INPATIENT HOSPITALIZATION
Insertion of implantation,2838,PIH,Insertion of implantation
Insomnia,4903,PIH,INSOMNIA
ISSTECH,7023,PIH,Institute of Social Security of Workers of the State of Chiapas
Insurance company name (text),160,PIH,Insurance company name (text)
Insurance construct,161,PIH,Insurance construct
Insurance policy number,149,PIH,Insurance policy number
Irregular intermenstrual bleeding,4066,PIH,Intermenstrual Bleeding - Irregular
Intermittent asthma,592,PIH,Intermittent asthma
Intermittent pneumatic compression device,2826,PIH,Intermittent pneumatic compression device
International Normalized Ratio,3031,PIH,INTERNATIONAL NORMALIZED RATIO
Prothrombin time with INR,3032,PIH,INTERNATIONAL NORMALIZED RATIO AND PROTHROMBIN TIME LAB CONSTRUCT
Interpersonal psychotherapy,1005,PIH,Interpersonal Therapy
Intestinal Infection,4894,PIH,Intestinal Infection
Intestinal Parasites,4896,PIH,Intestinal parasites
Intracerebral hemorrhage,4211,PIH,Intracerebral Hemorrhage
Intra uterine device (IUD),43,PIH,INTRAUTERINE DEVICE
Intravenous,1373,PIH,INTRAVENOUS
Intravenous drug use,3285,PIH,INTRAVENOUS DRUG USE
Iodine,436,PIH,IODINE
Irritability,4817,PIH,IRRITABILITY
Is COVID suspected,7028,PIH,Is COVID suspected
Is HIV suspected,7054,PIH,Is HIV suspected
Is tuberculosis suspected,7040,PIH,Is TB suspected
Islam,134,PIH,Islam
Isoniazid,1382,PIH,ISONIAZID
Isosorbide dinitrate,527,PIH,ISOSORBIDE DINITRATE
i-STAT CHEM 8+ Laboratory set,3210,PIH,ISTAT CHEM8 PLUS CONSTRUCT
Itraconazole,1945,PIH,ITRACONAZOLE
Intravenous fluids administered,653,PIH,IVF administered
Intravenous fluids construct,659,PIH,IVF construct
IVF volume,655,PIH,IVF volume
Jaundice,1518,PIH,JAUNDICE
Jehovah's Witness,137,PIH,Jehovah's Witness
Joint pain,1534,PIH,JOINT PAIN
Joint swelling,1544,PIH,JOINT SWELLING
Journalist,5511,PIH,Journalist
Judge,5485,PIH,Judge
Kanamycin,2169,PIH,KANAMYCIN
Oral Kaposi sarcoma,1593,PIH,KAPOSI SARCOMA ORAL
Kaposi's sarcoma,1507,PIH,KAPOSIS SARCOMA
Keloid,5003,PIH,KELOID
Keratoderma,1485,PIH,KERATODERMA
Ketoconazole,1964,PIH,KETOCONAZOLE
Ketotic hyperglycemia,1198,PIH,Ketotic Hyperglycemia
Kidney retrograde pyelogram (X-ray),761,PIH,Kidney retrograde pyelogram (XRay)
Kitchen smoke,6407,PIH,Kitchen smoke
"Knee - Left, 1 or 2 views (X-ray)",764,PIH,Knee left 1 or 2 views (XRay)
"Knee - Right, 1 or 2 views (X-ray)",791,PIH,Knee right 1 or 2 views (XRay)
Known chronic disease before referral,493,PIH,Known chronic disease before referral
Known diagnosis,627,PIH,Known diagnosis
KS VISIT,416,PIH,KS VISIT
Kwashiorkor,4822,PIH,KWASHIORKOR
Ornithylaspartate,1837,PIH,L-ornithine-L-aspartate
Lab only,3956,PIH,Lab only
Lab technician (non-coded),3081,PIH,Lab tech non-coded
"Laboratory test ordered, coded",716,PIH,Lab test ordered coded
"Laboratory tests ordered, non-coded",3149,PIH,Lab test ordered non-coded
Labor and delivery visit,423,PIH,Labor and delivery visit
Laboratory services,364,PIH,LABORATORY SERVICES
Laboratory sets,3218,PIH,Laboratory sets
Laboratory specimen comment,2837,PIH,Laboratory specimen comment
Laboratory specimen sent,2849,PIH,Laboratory specimen sent
Medical laboratory tech,1108,PIH,Laboratory technician
Laboratory visit,427,PIH,LABORATORY TEST VISIT
Lactate dehydrogenase,3191,PIH,LACTATE DEHYDROGENASE
Lactating mother,394,PIH,Lactating mother
Lactic acidosis,4905,PIH,LACTIC ACIDOSIS
"3TC",2080,PIH,LAMIVUDINE
Language development evaluation,1501,PIH,LANGUAGE DEVELOPMENT EVALUATION
Language Development Evaluation (text),1529,PIH,Language Development Evaluation (text)
Laryngeal stridor,1260,PIH,Laryngeal stridor
Last name,3252,PIH,LAST NAME
Pit latrine,3597,PIH,Latrine
Laundry worker,5468,PIH,Laundry worker
Lawyer,5525,PIH,Lawyer
Identify factors of poor prognosis of the family environment,7208,PIH,LdV A0-0
Perform full physical examination,7207,PIH,LdV A0-1
Take weight and size and write them down in the National Vaccination Card,7206,PIH,LdV A0-2
Evaluate psychomotor development,7102,PIH,LdV A0-3
Identify postural problems,7204,PIH,LdV A0-4
Promote oral health,7202,PIH,LdV A0-5
Update vaccination schedule,7200,PIH,LdV A0-6
Administer micronutrients (vitamins),7198,PIH,LdV A0-7
"Train on child or girl care, feeding and early stimulation",7196,PIH,LdV A0-8
Promote physical activity and accident prevention,7192,PIH,LdV A0-9
"Deliver and update the National Vaccination Card, review vaccination schedule and, if applicable, give vaccinations",7172,PIH,LdV A10-20
Perform full physical examination,7207,PIH,LdV A10-21
Sexual and reproductive health orientation,7170,PIH,LdV A10-22
Inform about contraceptive methods and use of condoms,7163,PIH,LdV A10-23
"Manage the pregnant teenager, as a high-risk patient",7160,PIH,LdV A10-24
Detect Sexually Transmitted Infections and HIV / AIDS,7154,PIH,LdV A10-25
Verify tuberculosis risk and take sample for study in the presence of cough and phlegm,7149,PIH,LdV A10-26
Evaluate nutritional status and provide information,7144,PIH,LdV A10-27
Identify cases of attention deficit disorders or addiction problems,7141,PIH,LdV A10-28
"Promote physical activity, oral health and accident prevention",7134,PIH,LdV A10-29
Perform full physical examination,7207,PIH,LdV A5-10
Take weight and size and write them down in the National Vaccination Card,7206,PIH,LdV A5-11
Evaluate visual and auditory acuity,7188,PIH,LdV A5-12
Detect disorders that limit development and learning,7184,PIH,LdV A5-13
Identify postural problems,7204,PIH,LdV A5-14
Promote oral health,7202,PIH,LdV A5-15
Update vaccination schedule,7200,PIH,LdV A5-16
Provide nutritional guidance,7181,PIH,LdV A5-17
Promote physical activity and accident prevention,7192,PIH,LdV A5-18
Promote personal and family hygiene,7176,PIH,LdV A5-19
Deliver and update the National Health Book for the Elderly,7090,PIH,LdV A60-53
Identify visual and auditory deficiencies and promote oral health,7183,PIH,LdV A60-54
"Report on cervical cancer and, if appropriate, take Papanicolaou",7077,PIH,LdV A60-55
"Report on breast cancer, perform breast examination and, if necessary, prescribe mammography",7115,PIH,LdV A60-56
Apply questionnaire to identify prostatic disease,7179,PIH,LdV A60-57
"Apply questionnaire for the detection of diabetes, hypertension, overweight, obesity and osteoporosis",7089,PIH,LdV A60-58
"Orient with regards to Acute Respiratory Infections and offer pneumococcal, anti-influenza and Td vaccine",7175,PIH,LdV A60-59
Verify tuberculosis risk and take sample for study in the presence of cough and phlegm,7149,PIH,LdV A60-60
Identify warning signs of cognitive impairment and depression,7171,PIH,LdV A60-61
"Promote physical activity and accident prevention, with an emphasis on falls",7166,PIH,LdV A60-62
Deliver and update the National Man's Health Card,7042,PIH,LdV M20-42
Sexual and reproductive health orientation,7170,PIH,LdV M20-43
"Report on contraceptive methods, including vasectomy and condoms",7024,PIH,LdV M20-44
Detect Sexually Transmitted Infections and HIV / AIDS,7154,PIH,LdV M20-45
"Apply questionnaire for the detection of diabetes, hypertension, overweight and obesity",7015,PIH,LdV M20-46
Apply a questionnaire to detect prostate disease,7197,PIH,LdV M20-47
Verify tuberculosis risk and take sample for study in the presence of cough and phlegm,7149,PIH,LdV M20-48
Report on the risks of alcohol and tobacco consumption,7194,PIH,LdV M20-49
Promote physical activity and accident prevention,7192,PIH,LdV M20-50
"Check vaccination schedule and give vaccinations, if applicable",7191,PIH,LdV M20-51
Oral health report,7187,PIH,LdV M20-52
Confirm pregnancy,7161,PIH,LdV P1-63
Elaborate Perinatal Clinical History and Perinatal Card,7156,PIH,LdV P1-64
Identify risks and refer the pregnant woman in her case,7151,PIH,LdV P1-65
"Evaluate and monitor weight, height and blood pressure",7147,PIH,LdV P1-66
Promote oral health,7202,PIH,LdV P1-67
"Indicate laboratory studies (Syphilis, BH, QS, complete EGO, blood type and Rh)",7142,PIH,LdV P1-68
Apply Td vaccine and investigate history of measles and rubella vaccination,7138,PIH,LdV P1-69
Administer micronutrients,7133,PIH,LdV P1-70
"Prevent and detect STIs and HIV / AIDS, provide STI treatment and refer cases of HIV / AIDS",7127,PIH,LdV P1-71
Provide guidance-counseling and promote parental involvement,7120,PIH,LdV P1-72
Perform full physical examination,7207,PIH,LdV P2-73
Identify alarm signs and symptoms,7111,PIH,LdV P2-74
Request a general urine test,7105,PIH,LdV P2-75
Provide micronutrients,7097,PIH,LdV P2-76
Administered DPT vaccine,3898,PIH,LdV P2-77
Provide guidance-counseling to the pregnant woman and her partner.,7088,PIH,LdV P2-78
Record all the activities in the Perinatal Clinical History and the Perinatal Card.,7076,PIH,LdV P2-79
Perform full physical examination,7207,PIH,LdV P3-80
Evaluate fetal presentation,7205,PIH,LdV P3-81
Identify alarm signs and symptoms,7111,PIH,LdV P3-82
"Request laboratory tests (BH, Glucose and VDRL)",7203,PIH,LdV P3-83
Provide micronutrients,7097,PIH,LdV P3-84
Provide guidance counseling to the pregnant woman and her partner.,7201,PIH,LdV P3-85
Record all the activities in the Perinatal Clinical History and the Perinatal Card.,7076,PIH,LdV P3-86
Perform full physical examination,7207,PIH,LdV P4-87
Evaluate fetal presentation,7205,PIH,LdV P4-88
Identify alarm signs and symptoms,7111,PIH,LdV P4-89
Administered DPT vaccine,3898,PIH,LdV P4-90
Provide micronutrients,7097,PIH,LdV P4-91
Strengthen the guidance counseling to the pregnant woman and her partner or family.,7195,PIH,LdV P4-92
Record all the activities in the Perinatal Clinical History and the Perinatal Card.,7076,PIH,LdV P4-93
Handle and refer complications in a timely manner,7159,PIH,LdV PP-100
Offer family planning methods,7155,PIH,LdV PP-101
Provide training to the mother on newborn care,7148,PIH,LdV PP-102
"Promote parental involvement in newborn care, family planning and early stimulation",7145,PIH,LdV PP-103
Prepare or update the Perinatal Clinical History,7189,PIH,LdV PP-94
Promote joint housing and breastfeeding,7180,PIH,LdV PP-95
Examine surgical wounds,7178,PIH,LdV PP-96
Monitor obstetric health,7174,PIH,LdV PP-97
Detect HTA and edema,7169,PIH,LdV PP-98
Check fever,7164,PIH,LdV PP-99
Evaluate the contact with the animal medically,7140,PIH,LdV RB-104
Provide immediate attention to the injury caused by the animal,7135,PIH,LdV RB-105
Give vaccine when there is risk of rabies in the animal aggressor,7131,PIH,LdV RB-106
"Prescribe specific anti-rabies treatment schemes, when appropriate",7124,PIH,LdV RB-107
Record the activities performed,7116,PIH,LdV RB-108
Notify the epidemiology area of the corresponding health jurisdiction,7108,PIH,LdV RB-109
Deliver and update the National Women's Health Booklet,7129,PIH,LdV W20-30
"Orient about cervical cancer and if appropriate, take Papanicolaou",7123,PIH,LdV W20-31
"Report on breast cancer, perform breast examination and, if necessary, prescribe mammography",7115,PIH,LdV W20-32
"Apply Td and SR vaccines, and administer folic acid, as appropriate",7109,PIH,LdV W20-33
Sexual and reproductive health orientation,7170,PIH,LdV W20-34
Inform about family planning and use of condoms,7100,PIH,LdV W20-35
Detect Sexually Transmitted Infections and HIV / AIDS,7154,PIH,LdV W20-36
"Apply questionnaire for the detection of diabetes, hypertension, overweight, obesity and osteoporosis",7089,PIH,LdV W20-37
Verify tuberculosis risk and take sample for study in the presence of cough and phlegm,7149,PIH,LdV W20-38
"Identify signs and symptoms of climacteric and menopause after age 40, and provide guidance",7081,PIH,LdV W20-39
Promote physical activity and accident prevention and report on the risks of alcohol and tobacco consumption,7066,PIH,LdV W20-40
Provide oral health information,7051,PIH,LdV W20-41
Leflunomide,5738,PIH,Leflunomide
Left Lower Amputation,5696,PIH,Left Lower Amputation
Left Lower Fracture,5692,PIH,Left Lower Fracture
Left Upper Amputation,5691,PIH,Left Upper Amputation
Left Upper Fracture,5689,PIH,Left Upper Fracture
Left ventricle dimension,5617,PIH,Left ventricle dimension
Left ventricle systolic function,458,PIH,Left ventricle systolic function
Left ventricular lift,1654,PIH,LEFT VENTRICULAR LIFT
Left without seeing a clinician,948,PIH,Left without seeing a clinician
"Insulin, lente",522,PIH,Lente insulin
Leprosy,4902,PIH,LEPROSY
Leprosy visit,419,PIH,Leprosy visit
Leptospirosis,4861,PIH,Leptospirosis
< 30 minutes,1143,PIH,LESS THAN 30 MINUTES
Less than once a week,580,PIH,LESS THAN ONCE A WEEK
Leucovorin,2004,PIH,Leucovorin
Leukemia,4276,PIH,LEUKEMIA
Leukorrhea,4799,PIH,Leukorrhea
Carbidopa + Levodopa,1996,PIH,LEVODOPA + CARBIDOPA
Levofloxacin,1844,PIH,LEVOFLOXACIN
Liberia diagnoses set of sets,6504,PIH,Liberia diagnosis set
Liberia Mental Health outcome,6398,PIH,Liberia Mental Health outcome
Liberia MoH diagnosis set,5393,PIH,Liberia MoH diagnosis set
Liberia transfer out location,7033,PIH,Liberia transfer out location
Librarian,5480,PIH,Librarian
Hydrocortisone / lidocaine,1823,PIH,LIDOCAINE AND HYDROCORTISONE
Limitation of ability to perform main daily activities (coded),506,PIH,Limitation of ability to perform main daily activities coded
Linezolid,2042,PIH,LINEZOLID
Lipid panel,2913,PIH,LIPID PANEL
Lipodystrophy,4789,PIH,LIPODYSTROPHY
Lisinopril,538,PIH,LISINOPRIL
Traditional alcohol per day (L),1675,PIH,LITERS OF TRADITIONAL ALCOHOL CONSUMED PER DAY
Poor appetite or overeating,6833,PIH,Little appetite or eating less
Little interest or pleasure in doing things,6826,PIH,Little interest or pleasure in doing things
Liver failure,496,PIH,LIVER FAILURE
Liver function test (LFT),2906,PIH,LIVER FUNCTION TESTS
Living with partner,101,PIH,LIVING WITH PARTNER
Local anesthesia,2881,PIH,Local anesthesia
Local with monitored anesthesia care (MAC),2882,PIH,Local with monitored anesthesia care (MAC)
Location,8545,PIH,Location
Location form completed,5739,PIH,LOCATION FORM COMPLETED
Location of cardiac murmur,1579,PIH,LOCATION OF CARDIAC MURMUR
Location of death,63,PIH,Location of death
Location of death at institution,60,PIH,Location of death at institution
"Location of death, non-coded",61,PIH,Location of death non coded
Oriented to place,5654,PIH,Location Orientation
LOCULATED,4158,PIH,LOCULATED
Loperamide,1772,PIH,LOPERAMIDE
Losartan,1929,PIH,Losartan
Lost to followup,174,PIH,LOST TO FOLLOWUP
Lottery worker,5475,PIH,Lottery worker
Low molecular weight heparin,2829,PIH,Low molecular weight heparin
LDL,2897,PIH,LOW-DENSITY LIPOPROTEIN CHOLESTEROL
Lower extremity - Bilateral without contrast (CT),872,PIH,Lower extremity bilateral without contrast (CT)
Lower extremity - Left without contrast (CT),866,PIH,Lower extremity left without contrast (CT)
Lower extremity - Right without contrast (CT),873,PIH,Lower extremity right without contrast (CT)
Lower extremity venous - Bilateral (US),826,PIH,Lower extremity vein bilateral (US)
Lower extremity venous - Left (US),840,PIH,Lower extremity vein left (US)
Lower extremity venous - Right (US),828,PIH,Lower extremity vein right (US)
"Lower leg - Left, 2 views (X-ray)",733,PIH,Lower leg left 2 views (XRay)
"Lower leg - Right, 2 views (X-ray)",797,PIH,Lower leg right 2 views (XRay)
Licensed practical nurse,5507,PIH,LPN
Lost to followup status,3239,PIH,LTFU STATUS
Temporarily lost to follow-up,3553,PIH,LTFU TEMPORARY
Lymph node exam findings,1473,PIH,LYMPH NODE EXAM FINDINGS
Lymphadenitis,4277,PIH,LYMPHADENITIS
Lymphadenopathy,1513,PIH,LYMPHADENOPATHY
Lymphocyte %,3009,PIH,LYMPHOCYTES
Lymphogranuloma venereum,4009,PIH,Lymphogranuloma Venereum
Dimethicone / Magaldrate,1889,PIH,Magaldrate and Dimethicone
Magnesium trisilicate,1995,PIH,MAGNESIUM TRISILICATE
"Main activity, non-coded",89,PIH,"MAIN ACTIVITY, NON-CODED"
Malaria,4781,PIH,MALARIA
Malaria Treatment,492,PIH,Malaria Treatment
Malaria smear,3037,PIH,MALARIAL SMEAR
Male,3253,PIH,MALE
Male health comment,7125,PIH,Male health comment
Malignant neoplasm of breast,4046,PIH,Malignant Neoplasm of Breast
Neoplasm of lung,4928,PIH,Malignant neoplasm of lung
Malignant tumor of intestine,4837,PIH,Malignant Tumor of Intestine
Malignant tumor of scrotum,4325,PIH,Malignant Tumor of Scrotum
Malnutrition,1743,PIH,MALNUTRITION
Mild protein-energy malnutrition,4279,PIH,MALNUTRITION M1
Moderate malnutrition,3474,PIH,MALNUTRITION M2
Severe protein-energy malnutrition,4795,PIH,MALNUTRITION M3
Malnutrition program,413,PIH,MALNUTRITION PROGRAM
Manager,5508,PIH,Manager
Mandible panorex (X-ray),788,PIH,Mandible panorex (XRay)
Mania with psychotic symptoms,4614,PIH,Mania with psychotic symptoms
Mania without psychotic symptoms,4609,PIH,Mania without psychotic symptoms
Manic episode,4611,PIH,Manic episode
Mannitol 20%,649,PIH,Mannitol 20%
Manual laborer,113,PIH,MANUAL LABORER
Marasmic Kwashiorkor,4786,PIH,Marasmic Kwashiorkor
Nutritional marasmus,4815,PIH,MARASMUS
Marriage certificate,912,PIH,Marriage certificate
Married,100,PIH,MARRIED
Abdominal mass,1569,PIH,"MASS, ABDOMINAL"
Massage,5722,PIH,Massage
Inflammatory disorders of breast,4021,PIH,MASTITIS
"Material, supply, or equipment unavailable",3749,PIH,Material supply or equipment unavailable
Maternal death,65,PIH,Maternal death
Maternity ward,3587,PIH,MATERNITY WARD
Traditional birth attendant (TBA),5479,PIH,Matron
Maternal Child Health outcome,3943,PIH,MCH outcome
MDR-TB treatment comment,3361,PIH,MDR-TB TREATMENT COMMENT
Mean cell hemoglobin concentration,3017,PIH,MEAN CELL HEMOGLOBIN CONCENTRATION
Mean corpuscular hemoglobin,3014,PIH,MEAN CORPUSCULAR HEMOGLOBIN
Mean corpuscular volume,3019,PIH,MEAN CORPUSCULAR VOLUME
Measles,1741,PIH,MEASLES
Mebendazole,1972,PIH,MEBENDAZOLE
Mechanic,5461,PIH,Mechanic
Mechanical heart valve,4405,PIH,MECHANICAL HEART VALVE
Medical certificate,913,PIH,Medical certificate
General medicine department,600,PIH,Medical ward
Medication comments (text),1038,PIH,Medication comments (text)
Medication discussion with clinician,5717,PIH,Medication discussion with clinician
Medication(s) name,1282,PIH,MEDICATION ORDERS
Medications more that twice per week,637,PIH,Medications more that twice per week
Medication prescribed at consult end,475,PIH,Medications prescribed at end of visit
Medroxyprogesterone acetate (Depo-provera),47,PIH,MEDROXYPROGESTERONE ACETATE
Mefloquine,5990,PIH,MEFLOQUINE
Melatonin,1842,PIH,Melatonin
Memory problems,5707,PIH,MEMORY PROBLEMS
Meningitis,4898,PIH,MENINGITIS
Meningococcemia,4816,PIH,Meningococcemia
Menopause has occurred,7118,PIH,Menopause has occurred
Menstrual cycle description,7104,PIH,Menstrual cycle description
Mental and or physical handicaps,7004,PIH,Mental and or physical handicaps
Mental disorder,6468,PIH,Mental Disorder
Unspecified mental retardation,4610,PIH,Mental handicap
Clinical Global Impressions Improvement Score,986,PIH,Mental Health CGI-I
Clinical Global Impressions Severity Score,981,PIH,Mental Health CGI-S
Mental health diagnosis,1048,PIH,Mental health diagnosis
Mental health intervention,1020,PIH,Mental health intervention
Mental health medication,1021,PIH,Mental health medication
Mental Health outcome,1036,PIH,Mental Health outcome
Mental Health Program,393,PIH,Mental Health Program
Mental health,369,PIH,MENTAL HEALTH SERVICES
Psychologist,597,PIH,MENTAL HEALTH SPECIALIST
Mercaptopurine,2063,PIH,Mercaptopurine
Messenger,5465,PIH,Messenger
Metformin,529,PIH,METFORMIN
Method of confirming death,76,PIH,Method of confirming death
Method of delivery,3406,PIH,METHOD OF DELIVERY
Method of family planning,57,PIH,METHOD OF FAMILY PLANNING
Method of HIV exposure,3294,PIH,METHOD OF HIV EXPOSURE
Methotrexate,2084,PIH,Methotrexate
Methyldopa,548,PIH,METHYLDOPA
Metronidazole,2185,PIH,METRONIDAZOLE
IMSS,7041,PIH,Mexican Social Security Institute
Mexico Insurance (coded),7017,PIH,Mexico Insurance Coded
Mexico primary care diagnosis set,5409,PIH,Mexico primary care diagnosis set
Miconazole,2164,PIH,MICONAZOLE
Microcephalus,4344,PIH,Microcephalus
Microcephaly due to Zika virus,4301,PIH,Microcephaly due to Zika virus
Middle Upper Arm Circumference (cm),1190,PIH,MIDDLE UPPER ARM CIRCUMFERENCE (CM)
Middle upper arm circumference (mm),1183,PIH,MIDDLE UPPER ARM CIRCUMFERENCE (MM)
Migraine,4588,PIH,MIGRAINE
Mild,666,PIH,MILD
Mild depressive episode,4599,PIH,Mild depressive episode
Mild persistent asthma,591,PIH,Mild persistent asthma
Mildly dilated,5610,PIH,MILDLY DILATED
Miliary Tuberculosis,4771,PIH,Miliary Tuberculosis
Military,126,PIH,Military
Miner,116,PIH,MINER
Mini Bus,1132,PIH,MINI BUS
Minoxidil,1936,PIH,Minoxidil
Minutes,975,PIH,Minutes
Incomplete abortion,4038,PIH,MISSED ABORTION
Mitral valve findings,469,PIH,MITRAL VALVE FINDINGS
Mixed feeding,919,PIH,MIXED FEEDING
Mobile clinic,6208,PIH,Mobile clinic
Mobility,1170,PIH,Mobility
Moderate,669,PIH,MODERATE
Moderate depressive episode,4589,PIH,Moderate depressive episode
Moderate pain,1249,PIH,Moderate pain
Moderate persistent asthma,593,PIH,Moderate persistent asthma
Moderately dilated,5613,PIH,MODERATELY DILATED
Molluscum contagiosum,3460,PIH,MOLLUSCUM CONTAGIOSUM
Monitored anesthesia care (MAC),2879,PIH,Monitored anesthesia care (MAC)
Monocyte %,3010,PIH,MONOCYTES
Months,971,PIH,Months
Mood disorder,4626,PIH,Mood disorder
Greater than 7,624,PIH,More than 7
More than half the days,6815,PIH,More than half the days
More than once a week,579,PIH,More than once a week
Morphine sulphate,1984,PIH,Morphine sulphate
Mosquito net,5503,PIH,MOSQUITO NET
Mother,20,PIH,MOTHER
Mother HIV test date,3379,PIH,MOTHER HIV TEST DATE
Mothers group,3888,PIH,Mothers group (text)
Motorcycle,1138,PIH,MOTORBIKE
Moxifloxacin,5988,PIH,MOXIFLOXACIN
Multi-drug resistant tuberculosis infection,3632,PIH,MULTI-DRUG RESISTANT TUBERCULOSIS
Multiple gestation,4079,PIH,Multiple Gestation
Multivitamin,2219,PIH,MULTIVITAMIN
Mumps,4883,PIH,MUMPS
Muscle pain,1587,PIH,MUSCLE PAIN
Muscle tenderness,1589,PIH,MUSCLE TENDERNESS
Musculoskeletal exam findings,1591,PIH,MUSCULOSKELETAL EXAM FINDINGS
Musculoskeletal pain,1405,PIH,MUSCULOSKELETAL PAIN
Musculoskeletal ultrasound,7057,PIH,Musculoskeletal ultrasound
Musician,5473,PIH,Musician
Myalgia,1403,PIH,MYALGIA
"Mycobacterium Tuberculosis, extrapulmonary",3707,PIH,"MYCOBACTERIUM TUBERCULOSIS, EXTRAPULMONARY"
"Name of assistant surgeon, non-coded",2848,PIH,Name of assistant surgeon
Name of clinician for test results,344,PIH,Name of clinician for test results
Name of data collector,6265,PIH,NAME OF DATA COLLECTOR
Name of external transfer location,953,PIH,Name of external transfer location
Name of rehabilitation educator,5648,PIH,Name of rehabilitation educator
Full name of contact person,144,PIH,NAMES AND FIRSTNAMES OF CONTACT
Nasal discharge,1603,PIH,NASAL DISCHARGE
Natural family planning,53,PIH,NATURAL FAMILY PLANNING
Nausea,228,PIH,NAUSEA
NCD category,505,PIH,NCD category
NCD clinical status,567,PIH,NCD clinical status
NCD medications,549,PIH,NCD Medications
NCD outcome,562,PIH,NCD outcome
NCD Program,410,PIH,NCD Program
Neck soft tissue (X-ray),799,PIH,Neck (Xray)
Neck without contrast (CT),869,PIH,Neck without contrast (CT)
Negative,707,PIH,NEGATIVE
Nelfinavir,2062,PIH,NELFINAVIR
Neonatal sepsis,4330,PIH,NEONATAL SEPSIS
Neonatal skin infection,4289,PIH,Neonatal Skin Infection
Neoplasm,4863,PIH,NEOPLASM
Nephropathy,7032,PIH,NEPHROPATHY
Neurologic exam findings,1500,PIH,NEUROLOGIC EXAM FINDINGS
Neurological examination (text),1481,PIH,Neurological examination (text)
Neurological triage symptom,1216,PIH,Neurological triage symptom
Neuromuscular re-education,5667,PIH,Neuromuscular re-education
Neurosurgery,2857,PIH,Neurosurgery
Neutrophils %,3003,PIH,NEUTROPHILS
Never,1676,PIH,NEVER
Never married,96,PIH,NEVER MARRIED
NVP,2174,PIH,NEVIRAPINE
new,574,PIH,NEW
Nicotinamide,5989,PIH,NICOTINAMIDE
Nifedipine,542,PIH,NIFEDIPINE
Night sweats,3418,PIH,NIGHT SWEATS
"9D (nine daily)",1309,PIH,Nine times a day
Nitrofurantoin,1839,PIH,NITROFURANTOIN
No,2,PIH,NO
No abdominal tenderness,1561,PIH,NO ABDOMINAL TENDERNESS
No cardiac murmur,1647,PIH,NO CARDIAC MURMURS
No mitral stenosis,467,PIH,NO MITRAL STENOSIS
No partner,3491,PIH,NO PARTNER
No pericardial effusion,459,PIH,No pericardial effusion
No presence of ascites,1568,PIH,NO PRESENCE OF ASCITES
No presence of hepatomegaly,1560,PIH,NO PRESENCE OF HEPATOMEGALY
No presence of splenomegaly,1567,PIH,NO PRESENCE OF SPLENOMEGALY
Supplies not available,2887,PIH,NO SUPPLIES
No test,3170,PIH,NO TEST
Nocardiosis,5018,PIH,NOCARDIOSIS
Prurigo nodularis,3468,PIH,NODULAR RASH
Noisy respiration,1457,PIH,Noisy breathing
Non-reactive,2894,PIH,NON-REACTIVE
Non-PIH facility,601,PIH,Non-ZL supported site
None,8,PIH,NONE
Normal,457,PIH,NORMAL
"Normal, without foot sores",1542,PIH,"Normal, without foot sores"
"Normal, without peripheral edema",1536,PIH,"Normal, without peripheral edema"
Levonorgestrel,44,PIH,NORPLANT
Not being able to stop worrying or not being able to control worry,6824,PIH,Not able to stop worrying
Not at all,578,PIH,NOT AT ALL
Not done,1483,PIH,NOT DONE
Not indicated,1053,PIH,NOT INDICATED
Not pregnant,5602,PIH,Not pregnant
Nothing,5083,PIH,Nothing
Nuchal rigidity,1598,PIH,NUCHAL RIGIDITY
Number of abortions/miscarriages,3276,PIH,NUMBER OF ABORTIONS
Number of blood transfusions received,6148,PIH,Number of blood transfusions received
Number of previous cesarean sections,3280,PIH,NUMBER OF CESAREAN SECTIONS
Number of days per week with alcohol use,1684,PIH,NUMBER OF DAYS PER WEEK ALCOHOL IS USED
Number of hospitalizations in past year,6985,PIH,NUMBER OF HOSPITALIZATIONS IN PAST YEAR
Number of months,1279,PIH,NUMBER OF MONTHS
Number of people living in house,3608,PIH,NUMBER OF PEOPLE WHO LIVE IN HOUSE INCLUDING PATIENT
Number of rooms (in house),3667,PIH,NUMBER OF ROOMS IN HOUSE
Number of seizures in one month before medications,449,PIH,Number of seizures in one month before medications
Number of seizures,441,PIH,Number of seizures in the past month
Number of seizures since last visit,618,PIH,Number of seizures since last visit
Number of sexual partners,3808,PIH,NUMBER OF SEXUAL PARTNERS
Number of surgeries,7101,PIH,Number of surgeries
Daily tobacco pipe use,1688,PIH,NUMBER OF TOBACCO PIPES SMOKED DAILY
"Number per day, non-coded",5502,PIH,Number per day non coded
Numbness,1495,PIH,NUMBNESS
Nurse,10,PIH,NURSE
Nurse aide,1109,PIH,Nurse aide
Nurse Accompagnateur,27,PIH,Nurse CHW
Nutrition program,3949,PIH,NUTRITION PROGRAM
Nutritional assistance,1097,PIH,NUTRITIONAL AID
NYHA Class,480,PIH,NYHA CLASS
NYHA Class I,476,PIH,NYHA CLASS 1
NYHA Class II,478,PIH,NYHA CLASS 2
NYHA Class III,477,PIH,NYHA CLASS 3
NYHA Class IV,479,PIH,NYHA CLASS 4
Nystatin,2247,PIH,NYSTATIN
O-,1756,PIH,O NEGATIVE
O+,1753,PIH,O POSITIVE
Obesity,1510,PIH,Obesity
Obsessive-compulsive disorder,4585,PIH,Obsessive-Compulsive Disorder
Obstetric (US),402,PIH,Obstetric (US)
Obstetric event notes,7095,PIH,Obstetric event notes
Obstetrical tetanus,4783,PIH,Obstetrical Tetanus
Obstetrician,5750,PIH,Obstetrician
Obstetrics/Gynecology,2859,PIH,Obstetrics-Gynecology
Main activity,130,PIH,Occupation
Occupation history and risk factors,7119,PIH,Occupation history and risk factors
Occurrence of trauma,3947,PIH,Occurrence of trauma
OD (once daily),1289,PIH,OD
Oedema,1523,PIH,OEDEMA
OFATMA,158,PIH,OFATMA
Ofloxacin,2273,PIH,OFLOXACIN
Old,573,PIH,Old
OM (morning),1305,PIH,OM
Omeprazole,530,PIH,Omeprazole
ON (night),1283,PIH,ON
On ART,3240,PIH,ON ANTIRETROVIRALS
On insulin therapy,6320,PIH,On insulin therapy
Patient has started or will start PEP,5425,PIH,On or starting PEP
On prophylaxis,5633,PIH,On prophylaxis
Oncology,368,PIH,Oncology
Oncology diagnosis,5727,PIH,Oncology diagnosis
Oncology outcome,188,PIH,Oncology outcome
Oncology program,189,PIH,Oncology program
Oncology program status,197,PIH,Oncology program status
Oncology staging,5729,PIH,Oncology staging
Oncology treatment,5728,PIH,Oncology treatment
Oncology treatment status,192,PIH,Oncology treatment status
Ondansetron hydrochloride,2155,PIH,Ondansetron
"1 to 2 hours",1144,PIH,ONE TO TWO HOURS
Open wound,4828,PIH,Open wound
Ophthalmologist,7043,PIH,OPHTHALMOLOGIST
Opthalmology,2861,PIH,Opthalmology
Oral,1364,PIH,ORAL
Oral contraception,52,PIH,ORAL CONTRACEPTION
Oral hairy leukoplakia,3482,PIH,ORAL HAIRY LEUKOPLAKIA
Oral polio vaccination,167,PIH,ORAL POLIO VACCINATION
Oral rehydration salts,2271,PIH,ORAL REHYDRATION SALTS
Oral sores,1519,PIH,ORAL SORES
Oral temperature (C),5747,PIH,Oral temperature C
Orange,1269,PIH,Orange
Orchitis and Epididymitis,4842,PIH,Orchitis and Epididymitis
Orphan,3504,PIH,ORPHAN
Orthopedic Surgical Consultation,356,PIH,Orthopedic Surgical Consultation
Orthopedics,2863,PIH,Orthopedics
Orthopnea,1512,PIH,ORTHOPNEA
Osteomyelitis,4859,PIH,Osteomyelitis
Otalgia,4866,PIH,Otalgia
Other,6,PIH,OTHER
Other (US),399,PIH,Other (US)
Other (Xray),401,PIH,Other (XRay)
Other activities before illness,3659,PIH,OTHER ACTIVITIES BEFORE ILLNESS
Other antiretroviral drug,1281,PIH,OTHER ANTIRETROVIRAL DRUG
Other bone (XRay),400,PIH,Other bone (XRay)
Other diseases of hard tissues of teeth,4657,PIH,Other diseases of hard tissues of teeth
"Other family planning method, non-coded",58,PIH,"OTHER FAMILY PLANNING METHOD, NON-CODED"
Other fracture,5688,PIH,Other fracture
Other impairments 1,5714,PIH,Other impairments 1
Other impairments 2,5687,PIH,Other impairments 2
OTHER LAB TEST RESULT,2893,PIH,OTHER LAB TEST RESULT
Other medical service,1042,PIH,Other medical service
Other,6,PIH,OTHER NON-CODED
Other non-coded pulmonary disease,7045,PIH,Other non-coded pulmonary disease
Other non-pathological history comment,7096,PIH,Other non-pathological history comment
Other pathological history comment,7064,PIH,Other pathological history comment
Other Physical Abilities Test,5716,PIH,Other Physical Abilities Test
Other relative,21,PIH,OTHER RELATIVE
Other risk factor,3532,PIH,Other risk factor
Treatment stopped - other,5520,PIH,Other treatment stopped
Other triage symptom,1233,PIH,Other triage symptom
Otitis Externa,4763,PIH,OTITIS EXTERNA
Otitis Media,4719,PIH,OTITIS MEDIA
Otolaryngology (ENT) Surgery,2862,PIH,Otolaryngology (ENT) Surgery
Otorrhea,1531,PIH,OTORRHEA
Outpatient consultation,426,PIH,OUTPATIENT CONSULTATION
Procedure,3962,PIH,Outpatient procedure
Outside of institution,15,PIH,Outside of institution
Ovarian cyst,4108,PIH,OVARIAN CYST
OVC program outcome,3409,PIH,OVC OUTCOMES
USAID OVC Program,3691,PIH,OVC PROGRAM
OVC program status,3555,PIH,OVC program status
Oxygen saturation < 85%,1255,PIH,Oxygen saturation less than 85
Packed red blood cells,2847,PIH,Packed red blood cells
Paclitaxel,240,PIH,Paclitaxel
Pain,1272,PIH,Pain
Pain Location,5674,PIH,Pain Location
Pain scale,230,PIH,PAIN SCALE OF 0 TO 10
Pain Score,5675,PIH,Pain Score
Pain triage symptom,1253,PIH,Pain triage symptom
Pale conjunctiva,1604,PIH,PALE CONJUNCTIVA
Pallor,1508,PIH,PALLOR
Pantoprazole,5585,PIH,PANTOPRAZOLE
Papanicolaou smear,3201,PIH,PAPANICOLAOU SMEAR
Paracetamol,1264,PIH,Paracetamol
Paracetamol dose (mg),1274,PIH,Paracetamol dose (mg)
Paraffin (Petroleum Jelly),2334,PIH,PARAFFIN
Parenting skills training,994,PIH,Parenting skills
Paresthesia,4770,PIH,PARESTHESIA
Parity,3278,PIH,PARITY
Part of the day,7012,PIH,Part of the day
Partner confirmed HIV+,3519,PIH,PARTNER CONFIRMED HIV+
Partner in prison,99,PIH,PARTNER IN PRISON
Partner of ebola survivor,373,PIH,Partner of ebola survivor
Partner or Spouse,23,PIH,PARTNER OR SPOUSE
Partner referred for HIV test,3492,PIH,PARTNER REFERRED FOR HIV TEST
Pastry chef,5491,PIH,Pastry chef
Pathology order,340,PIH,Pathology order
Pathology procedure ordered,336,PIH,Pathology procedure ordered
Pathology procedure performed,343,PIH,Pathology procedure performed
Pathology specimen comment,351,PIH,Pathology sample comment
Pathology sample sent,2869,PIH,Pathology sample sent
Patient classification,397,PIH,Patient category
Questions on contacts of the patient,148,PIH,PATIENT CONTACTS CONSTRUCT
Patient cured,1336,PIH,PATIENT CURED
Defaulted,1326,PIH,PATIENT DEFAULTED
Patient died,176,PIH,PATIENT DIED
Patient has assigned community health worker,1054,PIH,PATIENT HAS ACCOMPAGNATEUR
Patient hospitalized for diabetes,6323,PIH,Patient hospitalized for diabetes
Hospitalized since last visit,481,PIH,PATIENT HOSPITALIZED SINCE LAST VISIT
Migrated,560,PIH,Patient migrated
Miscarried,3942,PIH,Patient miscarried
Missed visit,3746,PIH,PATIENT MISSED VISIT
Patient with multiple sexual partners,3644,PIH,PATIENT MULTIPLE SEXUAL PARTNERS
Patient plan comments,199,PIH,PATIENT PLAN COMMENTS
Patient pregnant,383,PIH,PATIENT PREGNANT
Patient refused treatment,187,PIH,PATIENT REFUSED
Patient removed,177,PIH,Patient removed
Patient removed themselves,175,PIH,Patient removed themselves
Patient reported current Tuberculosis prophylaxis,3400,PIH,PATIENT REPORTED CURRENT TUBERCULOSIS PROPHYLAXIS
Patient transferred out,185,PIH,PATIENT TRANSFERRED OUT
Volume Status,491,PIH,PATIENTS FLUID MANAGEMENT
Amount patient paid,910,PIH,Payment amount
Payment information,916,PIH,Payment construct
PDF file,349,PIH,PDF file
Pediatric nutrition drink,1892,PIH,PEDIASURE
Pediatrics feeding history construct,926,PIH,PEDIATRIC FEEDING HISTORY CONSTRUCT
Pediatric feeding concept set,931,PIH,Pediatric feeding set
Pediatric Surgery,2865,PIH,Pediatric Surgery
Pediatrics,366,PIH,Pediatrics
Pelvic and Perineal Pain (for women only),4376,PIH,Pelvic and Perineal Pain
Pelvic inflammatory disease,4061,PIH,PELVIC INFLAMMATORY DISEASE
Pelvis (US),824,PIH,Pelvis (US)
"Pelvis, 1 view (X-ray)",769,PIH,Pelvis 1 view (XRay)
Pelvis limited (US),846,PIH,Pelvis limited (US)
Pelvis transvaginal (US),839,PIH,Pelvis transvaginal (US)
Pelvis with and without contrast (CT),874,PIH,Pelvis with and without contrast IV (CT)
Pelvis without contrast (CT),876,PIH,Pelvis without contrast (CT)
Penicillin,539,PIH,PENICILLIN
Pentecostal,135,PIH,Pentecostal
Pentoxifylline,1826,PIH,PENTOXIFYLLINE
DREAMS,3674,PIH,PEPFAR DREAMS
PEPFAR partner site,952,PIH,PEPFAR partner site
Peptic ulcer,4174,PIH,PEPTIC ULCER
Perforation Of Tympanic Membrane,4743,PIH,Perforation of Tympanic Membrane
Pericardial disease,4126,PIH,PERICARDIAL DISEASE
Pericardial effusion,4162,PIH,PERICARDIAL EFFUSION
Pericardial friction rub,1656,PIH,PERICARDIAL FRICTION RUB
Pericardium findings,461,PIH,PERICARDIUM FINDINGS
Perinatal ARV prophylaxis,3362,PIH,PERINATAL ARV  PROPHYLAXIS
Peripartum cardiomyopathy,4073,PIH,PERIPARTUM CARDIOMYOPATHY
Neuropathy,4364,PIH,PERIPHERAL NEUROPATHY
Persistent diarrhea,1246,PIH,Persistent diarrhea
Persistent oral candidiasis,3477,PIH,PERSISTENT ORAL CANDIDIASIS
Personal assistant,5497,PIH,Personal assistant
Personality disorder,4604,PIH,Personality Disorder
Pertussis,4756,PIH,PERTUSSIS
Pharmacy only,3955,PIH,Pharmacy only
Pharmacy visit,415,PIH,PHARMACY VISIT
Pharyngitis,4177,PIH,PHARYNGITIS
Pharyngolaryngitis,4919,PIH,Pharyngolaryngitis
Phenobarbital,520,PIH,PHENOBARBITAL
Phenytoin,2267,PIH,PHENYTOIN
Phlebitis and thrombophlebitis,5319,PIH,Phlebitis and thrombophlebitis
Photographer,5470,PIH,Photographer
PHQ-2 score,6836,PIH,PHQ-2
Physical examination (text),1609,PIH,PHYSICAL EXAMINATION
Physical system comment,1487,PIH,PHYSICAL SYSTEM COMMENT
Pinaverium bromide and dimethicone,1840,PIH,Pinaverium bromide and dimethicone
Pityriasis rosea,4936,PIH,PITYRIASIS ROSEA
Birthplace,87,PIH,PLACE OF BIRTH
Planned return to operating room,2868,PIH,Planned return to operating room
Plasma,2852,PIH,Plasma
Plastic Surgery,2858,PIH,Plastic Surgery
Platelets,2851,PIH,PLATELETS
Plumber,5455,PIH,Plumber
PMI not displaced,1651,PIH,PMI NOT DISPLACED
PMTCT status,5603,PIH,PMTCT status
PMTCT visit,414,PIH,PMTCT VISIT
Pneumocystis carinii pneumonia,3435,PIH,PNEUMOCYSTIC CARINII PNEUMONIA
Pneumonia,4730,PIH,PNEUMONIA
Pneumothorax,4792,PIH,PNEUMOTHORAX
Police,17,PIH,Police
Poliomyelitis,4313,PIH,POLIOMYELITIS
Polydactyly,5357,PIH,Polydactyly
Decreased appetite,258,PIH,POOR APPETITE
Poor coordination,5680,PIH,Poor coordination
Poor sample quality,452,PIH,POOR SAMPLE QUALITY
Positioning,5723,PIH,Positioning
Positive,708,PIH,POSITIVE
"Positive HPV, without cervical lesion",7084,PIH,Positive HPV without cervical lesion
PTSD,4631,PIH,Post traumatic stress disorder
Post-evaluation pain construct,5676,PIH,Post-evaluation pain construct
Post-pathology diagnosis construct,335,PIH,Post-pathology diagnosis construct
Post-surgery diagnosis,2850,PIH,Post-surgery diagnosis
Post-ictal phase of epileptic seizure,1212,PIH,Postictal state
Puerperal infection,4043,PIH,Postnatal Infection
Postnatal visit,409,PIH,POSTNATAL VISIT
Postpartum hemorrhage,3796,PIH,POSTPARTUM HEMORRHAGE
Potassium,2252,PIH,POTASSIUM
Potassium chloride,1966,PIH,POTASSIUM CHLORIDE
Citric acid / potassium citrate,1771,PIH,Potassium citrate and citric acid monohydrate
"PPD, qualitative",3123,PIH,PPD qualitative
Pre-ART visit,412,PIH,PRE-ART VISIT
Pre-evaluation pain construct,5712,PIH,Pre-evaluation pain construct
Pre-existing hypertension complicating pregnancy and childbirth,4098,PIH,Pre-Existing Hypertension Complicating Pregnancy
Pre-gestational diabetes,3964,PIH,Pre-gestational diabetes
Pre-operative antibiotic administered,2839,PIH,Pre-operative antibiotic administered
Pre-pathology diagnosis construct,339,PIH,Pre-pathology diagnosis construct
Pre-surgery diagnosis,2885,PIH,Pre-surgery diagnosis
Prednisolone,532,PIH,Prednisolone
Prednisone,2106,PIH,PREDNISONE
Pregnancy,4077,PIH,PREGNANCY
Pregnancy danger sign set,4709,PIH,Pregnancy danger sign set
Pregnancy status,3637,PIH,PREGNANCY STATUS
Preeclampsia,4103,PIH,"PREGNANCY, HYPERTENSION ASSOCIATED"
Induced abortion,3813,PIH,"PREGNANCY, TERMINATION"
Pregnancy triage symptom,1202,PIH,Pregrancy triage symptom
Preliminary,902,PIH,PRELIMINARY
Premature birth,4343,PIH,Premature Birth
Premature birth of patient,1763,PIH,Premature birth of patient
Premature rupture of membranes,3806,PIH,Premature Rupture of Membranes
Prenatal multivitamin,2199,PIH,Prenatal vitamin
Preparatory school education complete,6034,PIH,Prep school complete
Preparatory school education incomplete,6037,PIH,Prep school incomplete
Prescription construct,1348,PIH,Prescription construct
"Prescription instructions, non-coded",1342,PIH,Prescription instructions non-coded
Presenting history,32,PIH,PRESENTING HISTORY
Presumed,207,PIH,PRESUMED
Preterm delivery,3811,PIH,Preterm Delivery (Maternal Condition)
Previous antiretroviral drugs used for treatment,3574,PIH,PREVIOUS ANTIRETROVIRAL DRUGS USED FOR TREATMENT
Previous Functional Ability of Patient,5710,PIH,Previous Functional Ability of Patient
Previous TB treatment history construct,3314,PIH,PREVIOUS TB TREATMENT HISTORY CONSTRUCT
Previous HIV treatment history construct,3360,PIH,PREVIOUS TREATMENT HISTORY HIV CONSTRUCT
Previous treatment prophylaxis construct,3683,PIH,PREVIOUS TREATMENT PROPHYLAXIS CONSTRUCT
Previous treatment regimen,3689,PIH,PREVIOUS TREATMENT REGIMEN
"Previous treatment with other medications, non-coded",3359,PIH,"Previous treatment with other medications, non-coded"
Previously received antiretroviral treatment,3282,PIH,PREVIOUSLY RECEIVED ARV
Primary,200,PIH,primary
Primary care clinic,603,PIH,PRIMARY CARE CLINIC
Primary school,3374,PIH,PRIMARY EDUCATION COMPLETE
Primum,4131,PIH,PRIMUM
Prior treatment for chronic disease,628,PIH,Prior treatment for chronic disease
PRN (as required),1314,PIH,PRN
Problem added,3692,PIH,PROBLEM ADDED
Problem resolved,3322,PIH,PROBLEM RESOLVED
Problem solving,5702,PIH,Problem solving
Procedure only,3950,PIH,Procedure only
"Procedure ordered, non-coded",333,PIH,"Procedure ordered, non-coded"
Procedure performed at external location (text),348,PIH,Procedure performed at external location
"Procedure performed, non-coded",337,PIH,Procedure performed non-coded
Productive cough,4798,PIH,PRODUCTIVE COUGH
Professional,107,PIH,PROFESSIONAL
Program outcome,7048,PIH,Program outcome
Progressive multifocal leukoencephalopathy,3440,PIH,PROGRESSIVE MULTIFOCAL LEUKOENCEPHALOPATHY
Prolonged pregnancy,4003,PIH,Prolonged Pregnancy
Proper inhaler technique,6411,PIH,Proper inhaler technique
Prophylaxis for infant construct,3320,PIH,PROPHYLAXIS FOR INFANT CONSTRUCT
Prophylaxis should continue,5429,PIH,Prophylaxis should continue
Prophylaxis started,3268,PIH,PROPHYLAXIS STARTED
Propranolol,2018,PIH,PROPRANOLOL
Prospera Construct,7087,PIH,Prospera Construct
Prostate exam status,7060,PIH,Prostate exam status
Prostatitis,4890,PIH,Prostatitis
Prothrombin time,3030,PIH,PROTHROMBIN TIME LAB RESULT
Provide asthma spacer,620,PIH,Provide asthma spacer
Provider name (non-coded),3573,PIH,Provider name non-coded
Pruritus,1404,PIH,PRURITIS
Prostate specific antigen (PSA) test status,7049,PIH,PSA test status
Psychoeducation,1011,PIH,Psychoeducation
Psychosis,1209,PIH,PSYCHOSIS
Psychosocial assessment,3676,PIH,Psychosocial assessment
Psychosocial counseling,1010,PIH,PSYCHOSOCIAL COUNSELING
Psychosomatic disorder,4617,PIH,Psychosomatic problems
Psychotherapy,996,PIH,Psychotherapy
Pterygium,5404,PIH,PTERYGIUM
Puerperal sepsis,3800,PIH,PUERPERAL SEPSIS
Puffs per week of relief inhaler (coded),581,PIH,Puffs per week of relief inhaler (coded)
Puffs per week of salbutamol,507,PIH,Puffs per week of salbutamol
Pulmonary artery systolic pressure,5614,PIH,PULMONARY ARTERY SYSTOLIC PRESSURE
Pulmonary edema,4112,PIH,Pulmonary Edema
Pulmonary effusion,4876,PIH,PULMONARY EFFUSION
Lung,7019,PIH,PULMONARY SYSTEM
Pulmonary tuberculosis,3391,PIH,PULMONARY TUBERCULOSIS
Pulsatile,1563,PIH,PULSATILE
Pulse,1186,PIH,PULSE
Pump,294,PIH,Pump
Pyelonephritis,4096,PIH,PYELONEPHRITIS
Pyoderma,4829,PIH,Pyoderma
Pyothorax,4823,PIH,Pyothorax
Pyrazinamide,2120,PIH,PYRAZINAMIDE
Pyridoxine (B6),1877,PIH,PYRIDOXINE
Q12H (every 12 hours),1319,PIH,Q12H
Q2H (every 2 hours),1322,PIH,Q2H
Q3H (every 3 hours),1301,PIH,Q3H
Q4H (every 4 hours),1288,PIH,Q4H
Q6H (every 6 hours),1315,PIH,Q6H
QID (four times daily),1291,PIH,QID
Quarantine institution,944,PIH,Quarantine facility
Rabies,4907,PIH,Rabies
Anti-rabies vaccine,2052,PIH,RABIES VACCINATION
Radiologist,5463,PIH,Radiologist
Accession number,900,PIH,Radiology accession number
Radiology image order (coded),726,PIH,Radiology image ordered
Radiology images available,898,PIH,Radiology images available
Radiology images of abdomen and pelvis,886,PIH,Radiology images of abdomen and pelvis
Radiology images of chest,889,PIH,Radiology images of chest
Radiology images of head and neck,887,PIH,Radiology images of head and neck
Radiology images of the spine,885,PIH,Radiology images of the spine
Radiology images of vascular system,888,PIH,Radiology images of vascular system
Radiology procedure performed,899,PIH,Radiology procedure performed
Radiology report comments,906,PIH,Radiology report comments
Radiology report construct,907,PIH,Radiology report construct
Radiology services,358,PIH,Radiology services
Rales,1468,PIH,RALES
Range of motion,5721,PIH,Range of motion
Ranitidine,534,PIH,RANITIDINE
Rarely,2941,PIH,RARELY
Rash,260,PIH,RASH
Re-evaluation,3960,PIH,Re evaluation
"Reaction to severe stress, and adjustment disorders",4612,PIH,Reaction to severe stress
Reactive,2895,PIH,REACTIVE
Reason antiretrovials changed or stopped,3701,PIH,REASON ANTIRETROVIRALS CHANGED OR STOPPED
Feeding method comment (text),927,PIH,Reason feeding method changed
Reason for HUM visit,915,PIH,Reason for HUM visit
Reason for poor treatment adherence,3756,PIH,REASON FOR POOR TREATMENT ADHERENCE
Reason for procedure,7065,PIH,Reason for procedure
Reason for visit,431,PIH,REASON FOR VISIT
Reason not admitted,936,PIH,Reason not admitted
Reason order stopped,1338,PIH,REASON ORDER STOPPED
Reason about delay,3403,PIH,REASON TO POSTPONE TEXT
"Reason order stopped, non-coded",5427,PIH,REASON TREATMENT STOPPED COMMENT
Receipt number (text),911,PIH,Receipt number
Rectal temperature (C),5748,PIH,Rectal temperature C
Recurrent oral ulcer,3465,PIH,RECURRENT ORAL ULCERATION
Red blood cells,3005,PIH,RED BLOOD CELLS
Red cell distribution width,3157,PIH,RED CELL DISTRIBUTION WIDTH
Referral,3512,PIH,REFERRAL
Referral or Transfer?,5742,PIH,REFERRAL OR TRANSFER
Type of referral ordered,3844,PIH,REFERRALS ORDERED
Referred from another site,1714,PIH,REFERRED FROM ANOTHER SITE
Refractive Error,5388,PIH,Refractive error
Refrigeration manager,5477,PIH,Refrigeration manager
Refuses to eat,1245,PIH,Refuses to eat
Regimen failed,5428,PIH,Regimen failed
Regimen failure,1337,PIH,REGIMEN FAILURE
Regional epidural anesthesia,2878,PIH,Regional epidural anesthesia
Regional nerve block anesthesia,2880,PIH,Regional nerve block anesthesia
Regional spinal anesthesia,2877,PIH,Regional spinal anesthesia
Regularly scheduled followup visit,411,PIH,REGULAR FOLLOWUP VISIT
Rapid insulin,547,PIH,Regular insulin
Regular rhythm,1639,PIH,REGULAR RHYTHM
Rehabilitation program,495,PIH,Rehab program
Rehabilitation diagnosis non-coded,5713,PIH,Rehabilitation diagnosis non-coded
Rehabilitation medical diagnosis,5699,PIH,Rehabilitation medical diagnosis
Rehabilitation pain management plan,5724,PIH,Rehabilitation pain management plan
Rehabilitation treatment plan,5671,PIH,Rehabilitation treatment plan
Relapse,5757,PIH,RELAPSE
Relationship of relative to patient,38,PIH,RELATIONSHIP OF RELATIVE TO PATIENT
Relationship to patient (text),145,PIH,RELATIONSHIPS OF CONTACT
Relaxation,1008,PIH,Relaxation
Religion,143,PIH,Religion
Remove,1166,PIH,Remove
Renal failure,499,PIH,RENAL FAILURE
Acute renal failure,4826,PIH,"RENAL FAILURE, ACUTE"
Chronic kidney disease,4430,PIH,"RENAL FAILURE, CHRONIC"
Renal ultrasound,7013,PIH,Renal ultrasound
Request scheduled appointment,3952,PIH,Request scheduled appointment
Respiratory distress of newborn,4304,PIH,Respiratory distress of newborn
Respiratory emergency action plan,590,PIH,Respiratory emergency action plan
Respiratory rate,1184,PIH,RESPIRATORY RATE
Respiratory triage symptom,1261,PIH,Respiratory triage symptom
Response triage symptom,1208,PIH,Response triage symptom
HIV test result,3171,PIH,RESULT OF HIV TEST
Result of suicide risk evaluation,1034,PIH,Result of suicide risk evaluation
Retained placenta without hemorrhage,4025,PIH,"Retained Placenta or Membranes, without Hemorrhage"
Retention of urine,5266,PIH,Retention of Urine
Retinopathy,4865,PIH,Retinopathy
Retired,110,PIH,RETIRED
Return visit date,354,PIH,RETURN VISIT DATE
Return visit datetime,8644,PIH,Return visit datetime
Return visit time hour,8675,PIH,Return visit time hour
Return visit time minute,8674,PIH,Return visit time minute
Return to care,3235,PIH,RETURNED TO CARE
Rheumatic fever without heart involvement,4761,PIH,Rheumatic Fever without heart involvement
Rheumatic heart disease,4138,PIH,RHEUMATIC HEART DISEASE
Rheumatoid arthritis,4240,PIH,RHEUMATOID ARTHRITIS
Allergic rhinitis,4274,PIH,RHINITIS
Rhonchi,1466,PIH,RHONCHI
Rifampicin + Isoniazid + Pyrazinamide + Ethambutol,2230,PIH,RHZE
"Ribs - Left, 2 views (X-ray)",736,PIH,Ribs left 2 views (XRay)
"Ribs - Right, 2 views (X-ray)",805,PIH,Ribs right 2 views (XRay)
Rifabutin,1994,PIH,RIFABUTINE
Rifampicin,2213,PIH,RIFAMPICIN
Rifampicin + Isoniazid,2113,PIH,RIFAMPICIN AND ISONIAZID
Rifampicin + Isoniazid + Ethambutol,2196,PIH,RIFAMPICIN ISONIAZID AND ETHAMBUTOL
Rifampicin + Isoniazid + Pyrazinamide,2323,PIH,RIFAMPICIN ISONIAZID AND PYRAZINAMIDE
Rifampicin + Isoniazid + Pyrazinamide + Ethambutol,2230,PIH,RIFAMPICIN ISONIAZID PYRAZINAMIDE AND ETHAMBUTOL
Right Lower Amputation,5695,PIH,Right Lower Amputation
Right Lower Fracture,5694,PIH,Right Lower Fracture
Right Upper Amputation,5697,PIH,Right Upper Amputation
Right Upper Fracture,5693,PIH,Right Upper Fracture
Right ventricle dimension,465,PIH,Right ventricle dimension
Right ventricular lift,1655,PIH,RIGHT VENTRICULAR LIFT
Rivaroxaban,1940,PIH,Rivaroxaban
Role of referral out provider,979,PIH,Role of referral out provider
Role of referring person,1044,PIH,Role of referring person
Roofing material,1131,PIH,ROOF MATERIAL
"Review of symptoms, cardiovascular (comment)",6478,PIH,ROS CV comment
"Review of systems, endocrine (comment)",6481,PIH,ROS Endocrine comment
"Review of systems, gastrointestinal (comment)",6482,PIH,ROS GI COMMENT
"Review of systems, musculoskeletal (comment)",6479,PIH,ROS MS COMMENT
"Review of systems, nervous (comment)",6483,PIH,ROS Nervous comment
"Review of systems, reproductive (comment)",6484,PIH,ROS Reproductive comment
"Review of systems, respiratory (comment)",6480,PIH,ROS Resp comment
"Review of systems, urinary (comment)",6477,PIH,ROS Urinary comment
Routine visit for teeth cleaning,2359,PIH,Routine visit for teeth cleaning
Routine visit for teeth cleaning I,2360,PIH,Routine visit for teeth cleaning I
Routine visit for teeth cleaning II,2358,PIH,Routine visit for teeth cleaning II
Routine visit for teeth cleaning III,2361,PIH,Routine visit for teeth cleaning III
RPR,2935,PIH,RPR
Rubella,4249,PIH,Rubella
Rural,91,PIH,Rural
S1 and S2 normal,1652,PIH,S1 AND S2 NORMAL
S3 gallop,1653,PIH,S3 GALLOP
S4 gallop,1638,PIH,S4 GALLOP
Sachet,302,PIH,SACHET
Salbutamol,521,PIH,SALBUTAMOL
Albuterol / ipratropium,1943,PIH,Salbutamol and ipratropium bromide nebulizer solution
Salmonella infection,4803,PIH,Salmonella Infection
Severe Acute Respiratory Syndrome,4867,PIH,SARS
Satisfactory,453,PIH,SATISFACTORY
Scabies,4830,PIH,SCABIES
Scanty,3062,PIH,SCANTY
Schedule appointment,8656,PIH,Schedule appointment
Scheduled surgery,2875,PIH,Scheduled surgery
Scheduled visit,6300,PIH,SCHEDULED VISIT
Scheduled visit information,372,PIH,Scheduled visit construct
Schistosomiasis,5387,PIH,SCHISTOSOMIASIS
Schizophrenia,4586,PIH,SCHIZOPHRENIA
School assistance,1099,PIH,SCHOOL EXPENSES
Scrotum (US),837,PIH,Scrotum and Testicle (US)
Sebaceous cyst,5308,PIH,Sebaceous cyst
Seborrheic dermatitis,3459,PIH,SEBORRHOEIC DERMATITIS
"2nd",3227,PIH,Second
Second cardiac murmur,1657,PIH,SECOND CARDIAC MURMUR
Secondary,202,PIH,secondary
Secondary school,3376,PIH,SECONDARY EDUCATION COMPLETE
Seconds,973,PIH,SECONDS
Secretary,5450,PIH,Secretary
Secundum,4132,PIH,SECUNDUM
Security plan,1002,PIH,Security plan
Seguro Popular,7052,PIH,Seguro Popular
Seizure,1213,PIH,SEIZURE
Oriented to person,5655,PIH,Self orientation
Self-refer,602,PIH,SELF-REFER
Senile Cataract,4878,PIH,Senile Cataract
Separated,98,PIH,SEPARATED
Sepsis,4810,PIH,SEPSIS
Septicaemia,4716,PIH,Septicemia
Serum albumin,2923,PIH,SERUM ALBUMIN
Amylase,6051,PIH,SERUM AMYLASE
Serum calcium (mg/dL),3114,PIH,SERUM CALCIUM
Serum carbon dioxide,2925,PIH,SERUM CARBON DIOXIDE
Serum chloride,2919,PIH,SERUM CHLORIDE
Creatinine (umol/L),3112,PIH,SERUM CREATININE
Electrolytes panel,2926,PIH,SERUM ELECTROLYTES
Serum glucose,1174,PIH,SERUM GLUCOSE
Serum Glutamic-Oxaloacetic Transaminase,2900,PIH,SERUM GLUTAMIC-OXALOACETIC TRANSAMINASE
Serum Glutamic-Pyruvic Transaminase,2905,PIH,SERUM GLUTAMIC-PYRUVIC TRANSAMINASE
Serum potassium,2921,PIH,SERUM POTASSIUM
Serum sodium,2909,PIH,SERUM SODIUM
Name of service or program,3681,PIH,Service or program
"Name of service or program, non-coded",3275,PIH,Service or program non-coded
"7D (seven daily)",1320,PIH,Seven times a day
Seventh Day Adventist,136,PIH,Seventh Day Adventist
Severe,668,PIH,SEVERE
Severe depressive episode with psychotic symptoms,4625,PIH,Severe depressive episode with psychotic symptoms
Severe depressive episode without psychotic symptoms,4591,PIH,Severe depressive episode without psychotic symptoms
Severe malaria,4717,PIH,Severe malaria
Severe pain,1252,PIH,Severe pain
Severe pericardial effusion,460,PIH,Severe pericardial effusion
Severe persistent asthma,594,PIH,Severe persistent asthma
Severe trauma,1217,PIH,Severe trauma
Severe uncontrolled asthma,595,PIH,Severe uncontrolled asthma
Very dilated,464,PIH,SEVERELY DILATED
Severity (numeric),3296,PIH,Severity (numeric)
Sex worker,5467,PIH,Sex worker
Sexual assault,4192,PIH,SEXUAL ASSAULT
Sexually active,42,PIH,SEXUALLY ACTIVE
Sexually transmitted chlamydial disease,3622,PIH,Sexually transmitted chlamydial
Syphilis and STI comment,3616,PIH,SEXUALLY TRANSMITTED DISEASE OTHER
Sexually transmitted infection,1727,PIH,SEXUALLY TRANSMITTED INFECTION
STI service,3505,PIH,SEXUALLY TRANSMITTED INFECTION PROGRAM
Sheet metal,1087,PIH,SHEET METAL
Shepherd,119,PIH,SHEPHERD
Shock,1240,PIH,"Shock,  not elsewhere classified"
Shoemaker,5456,PIH,Shoemaker
Shoeshiner,5483,PIH,Shoeshiner
Shop owner,112,PIH,SHOP OWNER
Shortness of breath with exertion,4931,PIH,SHORTNESS OF BREATH WITH EXERTION
Shoulder dislocation,4206,PIH,SHOULDER DISLOCATION
"Shoulder - Left, 2 views (X-ray)",744,PIH,Shoulder left 2 views (XRay)
"Shoulder - Right, 2 views (X-ray)",808,PIH,Shoulder right 2 views (XRay)
Sibling,22,PIH,SIBLING
Sibling HIV infected,3771,PIH,SIBLING HIV INFECTED
Sickle cell disease,498,PIH,Sickle-Cell Anemia
Silver sulfadiazine,2079,PIH,SILVER SULFADIAZINE
Singer,5466,PIH,Singer
Single or a child,95,PIH,SINGLE OR A CHILD
Venous sinus,4130,PIH,SINUS VENOUS
"Sinuses, 3 views (X-ray)",796,PIH,Sinuses 3 views (XRay)
Sinusitis,4884,PIH,SINUSITIS
Sister,26,PIH,SISTER
Sitting vital signs construct,5685,PIH,SITTING VITAL SIGNS CONSTRUCT
Oriented to situation,5656,PIH,Situation Orientation
"6D (six daily)",1295,PIH,SIX TIMES A DAY
Skin examination (text),1503,PIH,SKIN EXAM COMMENT
Skin exam findings,1509,PIH,SKIN EXAM FINDINGS
Skin fold,1555,PIH,Skin fold
"Skull, 2 views (X-ray)",819,PIH,Skull 2 views (XRay)
"Skull, 4 views (X-ray)",734,PIH,Skull 4 views (XRay)
Sierra Leone NCD outcome,8095,PIH,SL NCD outcome
Small,4161,PIH,SMALL
Social assistance and psychosocial support,1095,PIH,Social assistance and psychosocial support
Social interaction,5705,PIH,Social interaction
Social skills assessment,1584,PIH,SOCIAL SKILLS EVALUATION
Social Skills Evaluation (text),1476,PIH,Social Skills Evaluation (text)
Social work,355,PIH,SOCIAL SUPPORT SERVICES
Social Worker,978,PIH,SOCIAL WORKER SERVICE
Socio-economic assistance received,1105,PIH,SOCIO-ECONOMIC ASSISTANCE ALREADY RECEIVED
Socio-economic assistance comment,1104,PIH,SOCIO-ECONOMIC ASSISTANCE COMMENT
Other socioeconomic assistance (text),1106,PIH,SOCIO-ECONOMIC ASSISTANCE NON-CODED
Socio-economic assistance recommended,1103,PIH,SOCIO-ECONOMIC ASSISTANCE RECOMMENDED
Sodium Chloride (NaCl) 0.9%,645,PIH,Sodium Chloride (NaCl) 0.9%
Sodium valproate,1856,PIH,SODIUM VALPROATE
Soft abdomen,1557,PIH,SOFT ABDOMEN
Soft tissue (US),398,PIH,Soft tissue (US)
SOGE Assurance,153,PIH,Sogebank Assurance
Some days,6817,PIH,SOME DAYS
Some university education,6033,PIH,SOME UNIVERSITY EDUCATION
Sometimes,3516,PIH,SOMETIMES
Source of information,72,PIH,Source of information
Soy,1414,PIH,SOY
Special mental health program for adolescents,421,PIH,Special mental health program for adolescents
Referral specialist,7020,PIH,SPECIALIST REFERRAL
Specimen collection date,715,PIH,Specimen collection date
Spinal cord injury,4154,PIH,Spinal Cord Injury
Spine,5698,PIH,Spine
"Spine, 1 view (X-ray)",785,PIH,Spine 1 view (XRay)
"Cervical spine, 2 or 3 views (X-ray)",743,PIH,Spine Cervical 2 or 3 views (XRay)
Cervical spine without contrast (CT),871,PIH,Spine Cervical without contrast (CT)
"Lumbar spine, 2 or 3 views (X-ray)",776,PIH,Spine Lumbar 2 or 3 views (XRay)
Lumbar spine without contrast (CT),865,PIH,Spine Lumbar without contrast (CT)
"Thoracic spine, 2 views (X-ray)",727,PIH,Spine Thoracic 2 views (XRay)
"Thoracic and lumbar spine, 2 views (X-ray)",753,PIH,Spine Thoracic and Lumbar 2 views (XRay)
Thoracic spine without contrast (CT),870,PIH,Spine Thoracic without contrast (CT)
Spironolactone,541,PIH,SPIRONOLACTONE
Splenomegaly,1553,PIH,SPLENOMEGALY
Splinting,5719,PIH,SPLINTING
Spontaneous abortion,3815,PIH,Spontaneous Abortion
Spontaneous vaginal delivery,3404,PIH,SPONTANEOUS VAGINAL DELIVERY
Sprain,4198,PIH,Sprains and Strains of Joints
Patient and staff member,395,PIH,Staff member
Stairs,5700,PIH,Stairs
Standard dental visit,357,PIH,Standard dental visit
Standard outpatient visit,914,PIH,Standard outpatient visit
Standing vital signs construct,5715,PIH,STANDING VITAL SIGNS CONSTRUCT
Unresponsive,1204,PIH,Staring and unresponsive
STAT (immediately),1293,PIH,START IMMEDIATELY
STAT (immediately),1293,PIH,STAT
State Province concept,82,PIH,State Province
Status Epilepticus,4833,PIH,Status Epilepticus
d4T,2175,PIH,STAVUDINE
"3TC + d4T",1959,PIH,STAVUDINE AND LAMIVUDINE
Stavudine / Lamivudine / Efavirenz,2349,PIH,STAVUDINE LAMIVUDINE AND EFAVIRENZ
"3TC + d4T + NVP",2108,PIH,STAVUDINE LAMIVUDINE AND NEVIRAPINE
Sterilization,55,PIH,STERILIZATION
Still hospitalized,940,PIH,Still hospitalized
Stockbroker,5460,PIH,Stockbroker
Stool microscopy,3045,PIH,STOOL EXAM
Weaning date,5637,PIH,Stop date for breast feeding
Stop taking medication,5426,PIH,Stop Rx
Strengthening exercises,5666,PIH,Strengthening exercises
Streptomycin,2032,PIH,STREPTOMYCIN
Stretcher,1136,PIH,STRETCHER
Stretching exercises,5659,PIH,Stretching exercises
Student,115,PIH,STUDENT
Study outcome,178,PIH,Study outcome
Suicidal evaluation,1024,PIH,Suicidal evaluation
Supervision of normal pregnancy,5407,PIH,Supervision of normal pregnancy diagnosis
Supine Vital Signs Construct,5672,PIH,Supine Vital Signs Construct
Supplement history construct,440,PIH,SUPPLEMENT HISTORY CONSTRUCT
Supplement received,439,PIH,SUPPLEMENT RECEIVED
Surgery,18,PIH,SURGERY
Surgery antibiotics,2846,PIH,Surgery antibiotics
Surgery diagnosis,5366,PIH,Surgery diagnoses
Surgical procedure,2855,PIH,Surgical procedure
Surgical service,2867,PIH,Surgical service
Surgical ward,6725,PIH,Surgical ward
Surveyor,5492,PIH,Surveyor
Suspect HIV caused father death,3717,PIH,SUSPECT HIV CAUSED FATHER DEATH
Suspect HIV caused Mother death,3762,PIH,SUSPECT HIV CAUSED MOTHER DEATH
Suspected COVID free-text notes,7018,PIH,Suspected COVID free-text notes
Suspected HIV free-text notes,7037,PIH,Suspected HIV free-text notes
Suspected past HIV exposure,3287,PIH,SUSPECTED PAST HIV EXPOSURE
Suspected TB free-text notes,7025,PIH,Suspected TB free-text notes
Swallowing difficulties,4725,PIH,SWALLOWING DIFFICULTIES
Swallowing impairment,5686,PIH,Swallowing Impairment
Symptom absent,5396,PIH,SYMPTOM ABSENT
Symptom comment,5395,PIH,SYMPTOM COMMENT
Symptom presence unknown,5397,PIH,SYMPTOM PRESENCE UNKNOWN
Symptom present,5394,PIH,SYMPTOM PRESENT
Symptom progression comment,7083,PIH,Symptom progression comment
Nephropathy or cardiomyopathy symptoms with HIV,3432,PIH,SYMPTOMATIC NEPHROPATHY OR CARDIOMYOPATHY PRESUMED DUE TO HIV
Symptoms involving urinary system,3976,PIH,Symptoms involving urinary system
Syphilis,3793,PIH,SYPHILIS
Syphilis and STI medication set,5529,PIH,Syphilis and STI drug set
Systolic,1189,PIH,SYSTOLIC BLOOD PRESSURE
Systolic ejection murmur,1643,PIH,SYSTOLIC EJECTION MURMUR
Systolic murmur,1577,PIH,SYSTOLIC MURMUR
Tachycardia,1650,PIH,TACHYCARDIA
Tachypneic,1522,PIH,TACHYPNEIC
Tailor,5481,PIH,Tailor
Tamoxifen,249,PIH,Tamoxifen
TAMPONADE PHYSIOLOGY,4157,PIH,TAMPONADE PHYSIOLOGY
"Tanner staging, qualitative",1491,PIH,"TANNER STAGING, QUALITATIVE"
"Tanner staging, quantitative",3670,PIH,"TANNER STAGING, QUANTITATIVE"
Taxi driver,5755,PIH,Taxi driver
TB laboratory set,3213,PIH,TB lab set
Tuberculosis lymphadenopathy,3475,PIH,TB LYMPHADENOPATHY
TB symptoms,3422,PIH,TB SYMPTOMS
TB visit,389,PIH,TB VISIT
Teacher,109,PIH,Teacher
Dental problem,1594,PIH,Teeth problem
Telephone number of clinician,5999,PIH,Telephone number of clinician
Telephone number of contact,146,PIH,TELEPHONE NUMBER OF CONTACT
Temperature (C),1185,PIH,TEMPERATURE (C)
Temporal wasting,1516,PIH,TEMPORAL WASTING
"Temporomandibular joint, bilateral (X-Ray)",804,PIH,"Temporomandibular joint, bilateral (XRay)"
Tenofovir,2161,PIH,TENOFOVIR
FTC + TDF,1969,PIH,Tenofovir and Emtricitabine
TDF + 3TC + EFV,2025,PIH,TENOFOVIR LAMIVUDINE EFAVIRENZ
TDF + 3TC + LPV/r,2340,PIH,TENOFOVIR LAMIVUDINE LOPINAVIR RITONAVIR
TDF + 3TC + NVP,2348,PIH,TENOFOVIR LAMIVUDINE NEVIRAPINE
Tertiary,203,PIH,tertiary
Tertiary school,6291,PIH,TERTIARY SCHOOL
Test order number,352,PIH,Test order number
Tetanus,4785,PIH,Tetanus
Neonatal tetanus,3913,PIH,Tetanus Neonatorum
Tetracycline,1922,PIH,TETRACYCLINE
Thalidomide,1909,PIH,Thalidomide
Thatch,1130,PIH,THATCH
"3rd",3228,PIH,Third
Threatened limb,1220,PIH,Threatened limb
Thrombocytopenia,4238,PIH,THROMBOCYTOPENIA
Thyroid,7185,PIH,Thyroid
TID (thrice daily),1310,PIH,TID
Time units,976,PIH,TIME UNITS
Timed Up and Go,5673,PIH,Timed Up and Go
Tinea capitis,5027,PIH,TINEA CAPITIS
Tinea corporis,4765,PIH,TINEA CORPORIS
Tinea cruris,4986,PIH,TINEA CRURIS
Tinea,4769,PIH,TINEA NOS
Title of who completed form,28,PIH,TITLE WHO COMPLETED FORM
Tobacco-induced mental and behavior disorder,4595,PIH,Tobacco-induced mental and behavior disorder
Dexamethasone / tobramycin,1873,PIH,Tobramycin and dexamethasone
Toilet transfers,5701,PIH,Toilet transfers
Toileting,5664,PIH,Toileting
Tolterodine,1952,PIH,Tolterodine
Tonsillitis,4834,PIH,TONSILLITIS
Total bilirubin (mg/dL),2903,PIH,TOTAL BILIRUBIN
Total cholesterol,3139,PIH,TOTAL CHOLESTEROL
Total number of planned chemotherapy cycles,235,PIH,Total number of planned chemotherapy cycles
Total protein,2922,PIH,TOTAL PROTEIN
Food poisoning,5371,PIH,TOXICITY FOOD
Drug toxicity,1332,PIH,"TOXICITY, DRUG"
Toxicity,1228,PIH,"TOXICITY, NOT OTHERWISE SPECIFIED"
Toxoplasmosis,4235,PIH,TOXOPLASMOSIS
Traditional healer,1041,PIH,TRADITIONAL HEALER
Tramadol,2041,PIH,Tramadol
Transfer,5741,PIH,TRANSFER
Transfer out location,954,PIH,Transfer out location
Transfer out of hospital,938,PIH,Transfer out of hospital
Transfer to another hospital,933,PIH,Transfer to another hospital
Transfer within hospital,949,PIH,Transfer within hospital
Transfusion construct,2854,PIH,Transfusion construct
Type of transfusion fluid,2853,PIH,Transfusion of fluid
Transfusion status,2886,PIH,Transfusion status
Transport accident,4714,PIH,Transport Accident
Transport problems,3754,PIH,TRANSPORT PROBLEMS
Transportation set,1150,PIH,TRANSPORTATION CONSTRUCT
Transportation cost,1140,PIH,TRANSPORTATION COST
Transthoracic echocardiogram,843,PIH,Transthoracic echocardiogram
Trauma triage symptom,1227,PIH,Trauma triage symptom
Traumatic brain injury,5690,PIH,Traumatic Brain Injury
Trauma,1226,PIH,Traumatic Injury
Treatment changed to follow algorithm,7186,PIH,Treatment changed to follow algorithm
Patient completed treatment,184,PIH,TREATMENT COMPLETE
Refused treatment,1331,PIH,TREATMENT NEVER STARTED - PATIENT REFUSED
Treatment postponed,3264,PIH,Treatment postponed
Treatment stopped,561,PIH,TREATMENT STOPPED
Treatment stopped - side effects,5521,PIH,TREATMENT STOPPED - SIDE EFFECTS
Triage color classification,1271,PIH,Triage color classification
Triage diagnosis or symptom,1273,PIH,Triage diagnosis
Green,1268,PIH,Triage green
Triage queue status,1197,PIH,Triage queue status
Red,1270,PIH,Triage red
Triage score,1163,PIH,Triage score
Triage symptom sets,1262,PIH,Triage symptom sets
Trichomoniasis,4704,PIH,Trichomoniasis
Triglycerides (mmol/L),7844,PIH,TRIGLYCERIDES
Trihexyphenidyl,2226,PIH,TRIHEXYPHENIDYL
Cotrimoxazole,2329,PIH,TRIMETHOPRIM AND SULFAMETHOXAZOLE
TRIVIAL,4156,PIH,TRIVIAL
"Trouble falling or staying asleep, or sleeping too much",6827,PIH,Trouble falling or staying asleep or sleeping too much
Tub and shower transfers,5660,PIH,Tub and shower transfers
Tubal ligation,45,PIH,TUBAL LIGATION
Tube,291,PIH,TUBE
Tuberculin skin test,3211,PIH,TUBERCULIN SKIN TEST
Tuberculosis,1759,PIH,TUBERCULOSIS
TB culture test,3064,PIH,TUBERCULOSIS CULTURE RESULT
Tuberculosis treatment start date,3719,PIH,TUBERCULOSIS DRUG TREATMENT START DATE
Tuberculosis medication set,5541,PIH,TUBERCULOSIS DRUGS
Tuberculosis Of Central Nervous System,4731,PIH,Tuberculosis of Central Nervous System
TB smear microscopy method,6206,PIH,TUBERCULOSIS SMEAR MICROSCOPY METHOD
Tuberculosis smear result,3063,PIH,TUBERCULOSIS SMEAR RESULT
Twin pregnancy,4057,PIH,Twin Pregnancy
Tympanic membrane injected,1601,PIH,TYMPANIC MEMBRANE INJECTED
Tympanic to percussion,1564,PIH,Tympanic to percussion
Type 1 diabetes,585,PIH,Type 1 diabetes
Type 2 diabetes,586,PIH,Type 2 diabetes
Type of anesthesia,2884,PIH,Type of anesthesia
Type of COVID test performed,5581,PIH,Type of COVID test
Type of diabetes diagnosis,589,PIH,Type of diabetes diagnosis
Type of FAST ultrasound,7165,PIH,Type of FAST ultrasound
Type of outpatient visit,3958,PIH,Type of HUM visit
Type of hypertension diagnosis,633,PIH,Type of hypertension diagnosis
Type of oncology visit,5732,PIH,Type of oncology visit
Type of patient,2836,PIH,TYPE OF PATIENT
Type of provider,1047,PIH,Type of provider
Type of report,905,PIH,Type of radiology report
Type of referral role,1026,PIH,Type of referral role
Type of referring service,612,PIH,Type of referring service
Type of procedure (non-coded),7080,PIH,Type of surgery (non-coded)
Type of trauma,5402,PIH,Type of trauma
Typhoid fever,4698,PIH,TYPHOID FEVER
Mouth ulceration,268,PIH,"ULCER, ORAL"
Female genital ulcers,4031,PIH,Ulceration of Vulva
Ulcers,1540,PIH,Ulcers (generic)
Ultrasound,367,PIH,Ultrasound
Ultrasound result (text),3917,PIH,Ultrasound result (text)
Ultrasound type,7069,PIH,Ultrasound type
Umbilical hernia,4285,PIH,Umbilical hernia
Unable to bear weight,1218,PIH,Unable to bear weight
Unaware of diagnosis,626,PIH,Unaware of diagnosis
Uncontrolled hemorrhage,1224,PIH,Uncontrolled hemorrhage
Underlying cause of death,78,PIH,Underlying cause of death
Mortician,71,PIH,Undertaker
Undescended testicle,5171,PIH,Undescended Testicle
Unemployed,117,PIH,UNEMPLOYED
"Unexplained anemia, neuropenia, or thrombocytopenia",3483,PIH,"UNEXPLAINED ANAEMIA, NEUTROPAENIA, OR THROBOCYTOPAENIA"
Unfractionated heparin,2828,PIH,Unfractionated heparin
UniAssurances,152,PIH,UniAssurances
Units of age,3345,PIH,UNITS OF AGE OF CHILD
Unknown,5,PIH,unknown
Insufficient sample,454,PIH,UNSATISFACTORY SAMPLE
Unspecified Abortion,4088,PIH,Unspecified Abortion
Hypertension complicating birth,3975,PIH,Unspecified maternal hypertension
Perineal laceration during delivery,4071,PIH,Unspecified Perineal Laceration During Delivery
Upper extremity - Left with contrast (CT),860,PIH,Upper extremity left with contrast IV (CT)
Upper extremity - Left without contrast (CT),868,PIH,Upper extremity left without contrast (CT)
Upper extremity - Right with contrast (CT),850,PIH,Upper extremity right with contrast IV (CT)
Upper extremity - Right without contrast (CT),867,PIH,Upper extremity right without contrast (CT)
Upper extremity venous - Bilateral (US),831,PIH,Upper extremity vein bilateral (US)
Upper extremity venous - Left (US),827,PIH,Upper extremity vein left (US)
Upper extremity venous - Right (US),823,PIH,Upper extremity vein right (US)
Upper respiratory infection,4888,PIH,Upper respiratory tract infection
Urban,90,PIH,Urban
Urethral discharge,4705,PIH,URETHRAL DISCHARGE
Urinalysis order,3202,PIH,URINALYSIS
Urinary albumin,3150,PIH,URINARY ALBUMIN
Urinary incontinence,4062,PIH,Urinary Incontinence
Urinary tract infection,4074,PIH,URINARY TRACT INFECTION
"Volume measurement, urine",2876,PIH,Urine output
Urine pregnancy test,2939,PIH,URINE PREGNANCY TEST
Urogenital exam findings,1636,PIH,UROGENITAL EXAM FINDINGS
Urology,2856,PIH,Urology
Ursodiol,1816,PIH,Ursodiol
Guidance for aspiration of pericardial space (US),833,PIH,US Guidance for aspiration of Pericardial space
Guidance for percutaneous drainage of cavity (US),836,PIH,US Guidance for percutaneous drainage of Cavity
Gynocological ultrasound,7071,PIH,US Gyno
Vaginitis,3998,PIH,VAGINITIS
Valproic acid,1810,PIH,VALPROIC ACID
Varicella,1760,PIH,VARICELLA
Vascular medicine,7130,PIH,Vascular medicine
Vascular Surgery,2866,PIH,Vascular Surgery
Vascular system,7182,PIH,Vascular system
Vasectomy,46,PIH,VASECTOMY
VDRL,2896,PIH,VDRL
Vendor,5500,PIH,Vendor
Venous thromboembolism prophylaxis,2830,PIH,Venous thromboembolism prophylaxis
Ventricular septal defect,4129,PIH,VENTRICULAR SEPTAL DEFECT
Verruca planus,3467,PIH,VERRUCA PLANUS
Vertigo,4778,PIH,VERTIGO
Very weak,456,PIH,Very weak
CHW (Community Health Worker),12,PIH,VILLAGE HEALTH WORKER
Viral Conjunctivitis,4868,PIH,VIRAL CONJUNCTIVITIS
Viral hepatitis,4742,PIH,Viral hepatitis
Viral meningitis,4819,PIH,VIRAL MENINGITIS
Vision problem,4707,PIH,Vision problem
Visit Diagnoses,210,PIH,Visit Diagnoses
Visit type,3961,PIH,Visit type
Visited provider during illness,70,PIH,Visited provider during illness
Visual-spatial neglect,5678,PIH,Visual-spatial neglect
Vitamin A,434,PIH,VITAMIN A
Vitamin B,2088,PIH,VITAMIN B COMPLEX
Volume of transfusion,2831,PIH,Volume of transfusion
Vomiting,256,PIH,VOMITING
Voodoo,131,PIH,Voodoo
Waist circumference (cm),442,PIH,WAIST CIRCUMFERENCE CM
Waiter,5459,PIH,Waiter
Waiting for evaluation,1195,PIH,Waiting for evaluation
Waiting for test results,195,PIH,WAITING FOR TEST RESULTS
Walk-in,420,PIH,Walk-in
Walking,1133,PIH,WALKING
Wall material,1093,PIH,WALL MATERIAL
Material handler,5509,PIH,Warehouse worker
Warfarin,518,PIH,WARFARIN
Wasting syndrome,3444,PIH,WASTING SYNDROME
Weakness,1494,PIH,WEAKNESS
Weaned,920,PIH,WEANED
Weeks,972,PIH,Weeks
Weight (kg),1181,PIH,WEIGHT (KG)
Weight loss,1515,PIH,WEIGHT LOSS
Weight loss (kg),1739,PIH,WEIGHT LOSS IN KG
Welder,5501,PIH,Welder
Well appearing,1511,PIH,WELL APPEARING
Womens health procedures,2764,PIH,WH procedures
Wheelchair mobility,5663,PIH,Wheelchair mobility
Wheeze,1259,PIH,WHEEZE
White blood cells,3007,PIH,WHITE BLOOD CELLS
WHO HIV stages for adults and children,3488,PIH,WHO HIV stages for adults
WHO Stage 1,3487,PIH,WHO STAGE 1 ADULT
WHO Stage 2,3470,PIH,WHO STAGE 2 ADULT
WHO Stage 3,3484,PIH,WHO STAGE 3 ADULT
Whole blood,2834,PIH,Whole blood
Widal test,2933,PIH,WIDAL TEST
Widowed,97,PIH,WIDOWED
Women's Health,361,PIH,Womens health
Wood,1090,PIH,WOOD
Worrying too much about different things,6823,PIH,Worrying too much about different things
Worse,3298,PIH,WORSE
"Wrist - Left, 2 views (X-ray)",781,PIH,Wrist left 2 views (XRay)
"Wrist - Right, 2 views (X-ray)",760,PIH,Wrist right 2 views (XRay)
Xerophthalmia,4860,PIH,Xerophthalmia
Years,969,PIH,YEARS
Yellow,1266,PIH,Yellow
Yellow fever,5390,PIH,YELLOW FEVER
Yes,1,PIH,YES
ZL employee,124,PIH,Zanmi Lasante employee
AZT,1998,PIH,ZIDOVUDINE
AZT after birth (coded),3319,PIH,ZIDOVUDINE AFTER BIRTH
"3TC + AZT",2184,PIH,ZIDOVUDINE AND LAMIVUDINE
AZT + 3TC + EFV,2341,PIH,ZIDOVUDINE LAMIVUDINE AND EFAVIRENZ
AZT + 3TC + NVP,2295,PIH,ZIDOVUDINE LAMIVUDINE AND NEVIRAPINE
Zika program,917,PIH,Zika program
Zinc,435,PIH,ZINC
Zinc oxide,2028,PIH,ZINC OXIDE
ZL Family Matters Program,3672,PIH,ZL FMP
ZL Inpatient,605,PIH,ZL inpatient
Laboratory orders for Zanmi Lasante,3128,PIH,ZL lab orders
ZL Outpatient,598,PIH,ZL outpatient
Zanmi primary care diagnosis non-coded,908,PIH,ZL Primary care diagnosis non-coded
Zanmi Lasante supported site,599,PIH,ZL-supported site
Gentamicin,2250,CIEL,"100"
Total cholesterol,3139,CIEL,"1006"
HDL,3148,CIEL,"1007"
LDL,2897,CIEL,"1008"
Triglycerides (mmol/L),7844,CIEL,"1009"
Lipid panel,2913,CIEL,"1010"
Creatine kinase,7260,CIEL,"1011"
Serum lactate,3147,CIEL,"1012"
Serum lipase,5440,CIEL,"1013"
Lactate dehydrogenase,3191,CIEL,"1014"
Hematocrit,3002,CIEL,"1015"
Red cell distribution width,3157,CIEL,"1016"
Mean cell hemoglobin concentration,3017,CIEL,"1017"
Mean corpuscular hemoglobin,3014,CIEL,"1018"
Hemogram,3158,CIEL,"1019"
Drug toxicity,1332,CIEL,"102"
Lymphocyte %,3009,CIEL,"1021"
Neutrophils %,3003,CIEL,"1022"
Monocyte %,3010,CIEL,"1023"
Eosinophil %,3006,CIEL,"1024"
Basophils %,3004,CIEL,"1025"
CD8%,8280,CIEL,"1027"
CD3,8279,CIEL,"1028"
"HIV DNA Polymerase chain reaction, qualitative",3125,CIEL,"1030"
Treponema pallidum hemagglutination assay,8328,CIEL,"1031"
ABC + 3TC,2104,CIEL,"103166"
"Treponema pallidum hemagglutination assay, qualitative",8315,CIEL,"1032"
Acetaminophen / tramadol,1902,CIEL,"103303"
Albuterol / ipratropium,1943,CIEL,"103337"
Allantoin / coal tar,1848,CIEL,"103349"
Aluminum hydroxide / Magnesium carbonate,2087,CIEL,"103525"
Aluminium hydroxide + Magnesium hydroxide,2094,CIEL,"103526"
Amlodipine / Atorvastatin,1968,CIEL,"103554"
Ampicillin / sulbactam,5835,CIEL,"103572"
Articaine hydrochloride with adrenaline,2268,CIEL,"103606"
Atovaquone / chloroguanide,7867,CIEL,"103734"
"N Gonorrhea PCR, qualitative",3090,CIEL,"1038"
Benzoic acid + salicylic acid,2157,CIEL,"103878"
Brimonidine / timolol,8039,CIEL,"103930"
Bupivacaine with adrenaline,2014,CIEL,"103957"
"HIV ELISA, quantitative",3127,CIEL,"1041"
Carbidopa + Levodopa,1996,CIEL,"104128"
Cetrimide / chlorhexidine,5772,CIEL,"104160"
"HIV ELISA, qualitative",3126,CIEL,"1042"
Cilastatin / imipenem,5871,CIEL,"104315"
Ciprofloxacin / dexamethasone,1864,CIEL,"104317"
Citric acid / potassium citrate,1771,CIEL,"104325"
Desogestrel / ethinyl estradiol,1813,CIEL,"104421"
Dexamethasone + Polymyxin B + Neomycin sulfate,2140,CIEL,"104425"
Dexamethasone / tobramycin,1873,CIEL,"104426"
Dextran 70 + Hypromellose,2017,CIEL,"104442"
Dextromethorphan / Guaifenesin,2300,CIEL,"104450"
Dorzolamide / timolol,1900,CIEL,"104546"
FTC + TDF,1969,CIEL,"104567"
Lidocaine hydrochloride with adrenaline,2211,CIEL,"104584"
"Estrogens, conjugated (usp) / estrone",1887,CIEL,"104606"
"Estrogens, conjugated (usp) / medroxyprogesterone",5922,CIEL,"104607"
Ethinyl estradoil / Levonorgestrel,2320,CIEL,"104625"
Ethinyl estradiol / norelgestromin,1769,CIEL,"104626"
Ezetimibe / Simvastatin,1956,CIEL,"104633"
Fluticasone / Salmeterol,1920,CIEL,"104676"
Folate / Iron,2265,CIEL,"104677"
"HIV western blot, qualitative",3172,CIEL,"1047"
Dextrose 5% + Ringer lactate,2299,CIEL,"104730"
Glucose / Lidocaine,1783,CIEL,"104735"
Potassium Chloride + Dextrose 5% + Sodium chloride,2071,CIEL,"104741"
Glucose / Sodium chloride,5850,CIEL,"104745"
Hydrochlorothiazide / Irbesartan,1805,CIEL,"104831"
Hydrochlorothiazide / Lisinopril,2205,CIEL,"104833"
Hydrochlorothiazide / Losartan,5784,CIEL,"104834"
Hydrochlorothiazide / Telmisartan,1843,CIEL,"104843"
Hydrocortisone / lidocaine,1823,CIEL,"104859"
Isoniazid / Vitamin B6,5794,CIEL,"104944"
Lidocaine + Prilocaine,2049,CIEL,"104983"
Intravenous drug use,3285,CIEL,"105"
Omeprazole / Sodium bicarbonate,2097,CIEL,"105118"
Phenylephrine / Zinc sulfate,1925,CIEL,"105169"
Piperacillin / Tazobactam,5781,CIEL,"105177"
Polyethylene glycols / propylene glycol,1891,CIEL,"105187"
Potassium chloride + Sodium chloride,2277,CIEL,"105202"
"Sodium phosphate, dibasic / sodium phosphate, monobasic",5909,CIEL,"105268"
Cotrimoxazole,2329,CIEL,"105281"
Parity,3278,CIEL,"1053"
Vitamin D / vitamin D2,5942,CIEL,"105310"
Civil status,102,CIEL,"1054"
Widowed,97,CIEL,"1059"
Method of HIV exposure,3294,CIEL,"1061"
Suspected past HIV exposure,3287,CIEL,"1062"
Blood transfusion,3293,CIEL,"1063"
Yes,1,CIEL,"1065"
No,2,CIEL,"1066"
Unknown,5,CIEL,"1067"
Days,968,CIEL,"1072"
Weeks,972,CIEL,"1073"
Months,971,CIEL,"1074"
Bloody,3047,CIEL,"1077"
Bronchospasm,1401,CIEL,"108"
Antiretrovirals used for MTCT prophylaxis,3570,CIEL,"1084"
Antiretroviral Drugs,2356,CIEL,"1085"
Previous antiretroviral drugs used for treatment,3574,CIEL,"1087"
Current antiretroviral drugs used for treatment,3571,CIEL,"1088"
Never,1676,CIEL,"1090"
Monthly,6197,CIEL,"1098"
Weekly,6198,CIEL,"1099"
Mild neurocognitive disorder,7653,CIEL,"110103"
Cancer of lymphatic and hematopoietic tissue,5120,CIEL,"110112"
Increase in abdominal size,1548,CIEL,"110136"
"Urticaria, Solar",4989,CIEL,"110169"
Sleep disordered breathing,7553,CIEL,"110199"
Tonic-Clonic seizures,4622,CIEL,"110200"
Exposure to hepatitis B,8494,CIEL,"110409"
Impaired cognition,5683,CIEL,"110434"
Shoulder instability,8218,CIEL,"110499"
Herpes simplex esophagitis,4917,CIEL,"110516"
Fracture of great toe,4495,CIEL,"110521"
Spotting complicating pregnancy,7242,CIEL,"110548"
None,8,CIEL,"1107"
Stromal tumor of digestive system,5126,CIEL,"110771"
Ethambutol and Isoniazid,3399,CIEL,"1108"
Fracture of Base of Skull,4516,CIEL,"110807"
Gastritis,4736,CIEL,"110834"
Patient reported current Tuberculosis prophylaxis,3400,CIEL,"1110"
Pre-syncope,8703,CIEL,"111017"
Hives,1402,CIEL,"111061"
Current anti-TB treatment,3522,CIEL,"1111"
Cerebrovascular accident,500,CIEL,"111103"
Other sleep disturbances,7551,CIEL,"111148"
Facet syndrome,8204,CIEL,"111199"
Tuberculosis treatment start date,3719,CIEL,"1113"
Vitiligo,4978,CIEL,"111459"
Viral hepatitis,4742,CIEL,"111479"
Maternal viral disease,5568,CIEL,"111491"
Normal,457,CIEL,"1115"
Victim of rape,6041,CIEL,"111505"
Extreme premature (< 28 weeks),3802,CIEL,"111523"
Vertigo,4778,CIEL,"111525"
Vaginal Enterocele,5274,CIEL,"111588"
Abnormal,1458,CIEL,"1116"
ABNORMAL,1629,CIEL,"1116"
Vaccination,2363,CIEL,"111604"
Uterine Inversion,4111,CIEL,"111616"
Urinary calculus,5336,CIEL,"111628"
Urinary tract infection,4074,CIEL,"111633"
Urinary incontinence,4062,CIEL,"111636"
Polyarthropathy or Polyarthritis,4881,CIEL,"111662"
Umbilical Cord Complication During Labor and Delivery,3977,CIEL,"111705"
Mouth ulceration,268,CIEL,"111721"
Hepatitis B,3618,CIEL,"111759"
Delivery of twins,6168,CIEL,"111770"
Twin pregnancy,4057,CIEL,"111772"
Salpingitis and Oophoritis,4091,CIEL,"111785"
Not done,1483,CIEL,"1118"
Tuberculosis lymphadenopathy,3475,CIEL,"111873"
General exam findings,1524,CIEL,"1119"
Tuberculosis of skin and subcutaneous tissue,4314,CIEL,"111939"
Tuberculous Meningitis,4701,CIEL,"111967"
Tonsillitis,4834,CIEL,"112"
Skin exam findings,1509,CIEL,"1120"
Tuberculosis of the peritonium,4266,CIEL,"112030"
Tuberculosis Of Central Nervous System,4731,CIEL,"112094"
Lymph node exam findings,1473,CIEL,"1121"
Tuberculosis of bones and joints,4259,CIEL,"112115"
Tuberculosis,1759,CIEL,"112141"
Tuberculoid Leprosy (Type T),5020,CIEL,"112163"
Triplet Pregnancy,4122,CIEL,"112188"
Trichotillomania,7504,CIEL,"112196"
HEENT exam findings,1606,CIEL,"1122"
Tremor,8696,CIEL,"112200"
Obstetrical Trauma,3910,CIEL,"112215"
Injury,4846,CIEL,"112234"
Traumatic amputation of one foot,4490,CIEL,"112243"
Traumatic Amputation of Finger(s),4560,CIEL,"112245"
Amputation of arm,5332,CIEL,"112250"
Transverse or oblique presentation,3883,CIEL,"112259"
Transitory tachypnea of newborn,4284,CIEL,"112264"
Transient cerebral ischemia,4193,CIEL,"112276"
Respiratory exam findings,1469,CIEL,"1123"
Torticollis,4529,CIEL,"112341"
Tooth loss,4637,CIEL,"112345"
Tonic Seizures,1072,CIEL,"112356"
Post-ictal hemiplegia,8168,CIEL,"112359"
Thyroiditis,5283,CIEL,"112385"
Cardiac exam findings,1659,CIEL,"1124"
Thrombocytopenia,4238,CIEL,"112406"
Threatened abortion,4093,CIEL,"112416"
"Uterovaginal Prolapse, Complete",5147,CIEL,"112423"
Temporomandibular joint disorder,4635,CIEL,"112454"
Tear meniscus knee,8199,CIEL,"112458"
Torn meniscus,4538,CIEL,"112459"
Tardive dyskinesia,7772,CIEL,"112466"
Systemic Lupus Erythematosus,4225,CIEL,"112476"
Severe Sepsis,4758,CIEL,"112480"
Systemic infection,6889,CIEL,"112483"
Syphilis,3793,CIEL,"112493"
Unspecified Synovitis and Tenosynovitis,5201,CIEL,"112495"
Abdominal exam findings,1571,CIEL,"1125"
Infant of a diabetic mother,7461,CIEL,"112502"
Suicide or self-inflicted injury by firearm or explosives,4473,CIEL,"112586"
Urogenital exam findings,1636,CIEL,"1126"
Substance abuse,1069,CIEL,"112603"
Subcorneal Pustular Dermatosis,5051,CIEL,"112652"
Extremity exam findings,1545,CIEL,"1127"
Stiffness of neck,5419,CIEL,"112721"
Staphylococcal scalded skin syndrome,4933,CIEL,"112741"
Wrist sprain and strain,8139,CIEL,"112754"
Ankle sprain or strain,4547,CIEL,"112783"
Incomplete spontaneous abortion with hemorrhage,3981,CIEL,"112796"
Musculoskeletal exam findings,1591,CIEL,"1128"
Spleen palpable,4428,CIEL,"112804"
Spinal stenosis,8206,CIEL,"112819"
Spinal cord injury,4154,CIEL,"112827"
Speech and language deficits,4379,CIEL,"112845"
Speech/Language disorder,4353,CIEL,"112846"
Specific reading disorder,7398,CIEL,"112850"
Pseudobulbar Affect,8144,CIEL,"112852"
Solitary Bone Cyst,4491,CIEL,"112879"
Neurologic exam findings,1500,CIEL,"1129"
Small for gestational age,4340,CIEL,"112917"
Circadian rhythm sleep disorder,7794,CIEL,"112925"
Shoulder girdle dystocia,3982,CIEL,"112981"
Shock,1240,CIEL,"112989"
Sexually transmitted infection,1727,CIEL,"112992"
Sexual arousal disorder,8143,CIEL,"112997"
Severe pre-eclampsia,3795,CIEL,"113006"
"Bipolar I disorder, most recent episode (or current) depressed, severe, specified as with psychotic behavior",7409,CIEL,"113015"
Severe asthma,5543,CIEL,"113017"
Severe persistent asthma,594,CIEL,"113018"
Neonatal septicemia,3911,CIEL,"113027"
Seborrheic keratosis,4963,CIEL,"113034"
Lewy body dementia,7848,CIEL,"113041"
Senile Cataract,4878,CIEL,"113046"
Seizure,1213,CIEL,"113054"
Secondary hypertension,6151,CIEL,"113087"
Arrhythmia-induced cardiomyopathy,7378,CIEL,"113096"
Rifampicin + Isoniazid + Pyrazinamide + Ethambutol,2230,CIEL,"1131"
Seborrheic dermatitis,3459,CIEL,"113116"
Sclerodactyly,4990,CIEL,"113129"
Schizotypal personality disorder,7388,CIEL,"113139"
Schizophreniform disorder,6364,CIEL,"113146"
Schizophrenia,4586,CIEL,"113155"
Salmonella osteomyelitis,4443,CIEL,"113167"
Salmonella infection,4803,CIEL,"113169"
Rupture of Achilles tendon,4475,CIEL,"113180"
Serum sodium,2909,CIEL,"1132"
Rubella,4249,CIEL,"113205"
Rotator cuff rupture,4387,CIEL,"113208"
Rotator cuff syndrome,8223,CIEL,"113209"
Rheumatic heart disease,4138,CIEL,"113227"
Rheumatic heart disease of the endocardium,4139,CIEL,"113237"
Rhabdomyosarcoma,4184,CIEL,"113240"
Retinopathy,4865,CIEL,"113257"
Retinal detachment,6419,CIEL,"113271"
Retained placenta without hemorrhage,4025,CIEL,"113279"
Foreign body in eye,5229,CIEL,"113292"
Serum potassium,2921,CIEL,"1133"
Respiratory insufficiency,6761,CIEL,"113311"
Renal artery stenosis,4400,CIEL,"113349"
Odontodysplasia,4671,CIEL,"113368"
Decreased fetal movements,3989,CIEL,"113377"
Splenic sequestration,4244,CIEL,"113378"
Serum chloride,2919,CIEL,"1134"
Radiation Dermatitis,4974,CIEL,"113437"
Quadriplegia,8140,CIEL,"113460"
Pyoderma,4829,CIEL,"113469"
Purpura,1231,CIEL,"113478"
"Pulmonary Tuberculosis, Tubercle Bacilli Found (in Sputum) by Microscopy",4747,CIEL,"113489"
Serum carbon dioxide,2925,CIEL,"1135"
Pulmonary embolism,4147,CIEL,"113504"
Psychosis,1209,CIEL,"113517"
Prostatitis,4890,CIEL,"113588"
Prolonged rupture of membranes,7733,CIEL,"113596"
Prolonged pregnancy,4003,CIEL,"113599"
Post term pregnancy,1664,CIEL,"113600"
Prolonged labor,4055,CIEL,"113602"
Female genital prolapse,5193,CIEL,"113612"
Prolapsed umbilical cord,3874,CIEL,"113617"
Profound intellectual disability,7402,CIEL,"113629"
Balance Problem,5677,CIEL,"113633"
Syphilitic chancre,4944,CIEL,"113656"
Malignant Neoplasm of Tongue,5111,CIEL,"113676"
Malignant Neoplasm of Small Intestine,5090,CIEL,"113689"
Malignant Neoplasm of Rectosigmoid Junction,5103,CIEL,"113696"
Malignant Neoplasm of Nasal Cavity,5106,CIEL,"113712"
Malignant Neoplasm of Kidney,5109,CIEL,"113732"
"Malignant Neoplasm of Eye, Part Unspecified",5095,CIEL,"113757"
Malignant neoplasm of colon,5102,CIEL,"113763"
Malignant brain tumour,5137,CIEL,"113771"
Malignant Neoplasm of Biliary Tract,5092,CIEL,"113778"
Malignant Neoplasm of Accessory Sinus,5101,CIEL,"113784"
Primary Gout,4450,CIEL,"113797"
Indeterminate,1172,CIEL,"1138"
Spontaneous bacterial peritonitis,4196,CIEL,"113808"
Prior cesarean delivery,5530,CIEL,"113814"
Prepatellar bursitis,8195,CIEL,"113829"
Premature birth,4343,CIEL,"113841"
Hypertension complicating birth,3975,CIEL,"113858"
Gestational hypertension,4101,CIEL,"113859"
PTSD,4631,CIEL,"113881"
"Post-term infant, not heavy-for-dates",4262,CIEL,"113888"
Peripartum cardiomyopathy,4073,CIEL,"113918"
Postoperative wound infection,5346,CIEL,"113919"
Puerperal infection,4043,CIEL,"113926"
Postmenopausal Status (Age-Related) (Natural),6273,CIEL,"113928"
Pneumonia,4730,CIEL,"114100"
Plague,7922,CIEL,"114120"
Placenta praevia,4100,CIEL,"114127"
Pigmented hairy epidermal nevus,7819,CIEL,"114145"
Low glucose level,1165,CIEL,"11416"
High glucose level,1175,CIEL,"11417"
Pervasive developmental disorder,4600,CIEL,"114187"
Pertussis,4756,CIEL,"114190"
Personality disorder,4604,CIEL,"114193"
Peritonitis,4230,CIEL,"114199"
Peripheral vascular disease,4223,CIEL,"114212"
Periodontal Disease,4656,CIEL,"114240"
Perineal laceration,4791,CIEL,"114244"
Periapical abscess without sinus,4673,CIEL,"114259"
Pathologic Fracture,5162,CIEL,"114311"
Parasomnia,7552,CIEL,"114346"
Paralysis,4864,CIEL,"114362"
Pancytopenia,7228,CIEL,"114380"
Leg pain,7348,CIEL,"114395"
Pain,1272,CIEL,"114403"
Overweight,6021,CIEL,"114413"
Diseases of Salivary Glands,4669,CIEL,"114506"
Osteomyelitis,4859,CIEL,"114675"
Osteoarthritis of hip,5331,CIEL,"114698"
ARV during pregnancy,5417,CIEL,"1147"
Organic personality disorder,7679,CIEL,"114719"
Drug-induced mood disorder,7421,CIEL,"114721"
Organic mental disorder,7645,CIEL,"114723"
Orchitis and Epididymitis,4842,CIEL,"114730"
Opioid abuse,1068,CIEL,"114750"
Narcotic abuse,1063,CIEL,"114751"
Open Wound of Nose,5202,CIEL,"114764"
Open wound of ear,5206,CIEL,"114786"
Open wound,4828,CIEL,"114797"
Fracture of metatarsal bone,4468,CIEL,"114911"
Femoral Fractures,5265,CIEL,"114931"
Patellar dislocation,4515,CIEL,"114978"
Hip Dislocation,5288,CIEL,"114982"
Shoulder dislocation,4206,CIEL,"114985"
Dislocation of elbow,4480,CIEL,"114989"
Bimalleolar fracture,8151,CIEL,"114996"
Olecranon bursitis,8215,CIEL,"114999"
Breastfed predominately,6162,CIEL,"1150"
Obstetrical complication of anesthesia,7880,CIEL,"115058"
Obstetrical pulmonary embolism,7882,CIEL,"115084"
"Abscess of breast, postpartum",5976,CIEL,"115099"
Infant feeding method,925,CIEL,"1151"
Obesity,1510,CIEL,"115115"
Malnutrition,1743,CIEL,"115122"
Nummular Eczema,4973,CIEL,"115130"
Nonunion of fracture,5314,CIEL,"115145"
Malunion of Fracture,5173,CIEL,"115146"
Hemoperitoneum (nontraumatic),5221,CIEL,"115153"
Nontoxic Uninodular Goiter,5159,CIEL,"115155"
Noninflammatory Disorder of Vagina,5238,CIEL,"115181"
Non-Hodgkin's malignant lymphoma,5099,CIEL,"115195"
Weaned,920,CIEL,"1152"
Enuresis,7507,CIEL,"115243"
Neurosyphilis,4690,CIEL,"115257"
Neuritis,4380,CIEL,"115285"
Nerve root and plexus disorder,4361,CIEL,"115292"
Nephrotic syndrome,4333,CIEL,"115303"
Neoplasm,4863,CIEL,"115332"
Neoplasm of brain,4296,CIEL,"115359"
Neonatal jaundice,4312,CIEL,"115368"
Neonatal disease,4300,CIEL,"115374"
Fetal and newborn aspiration,4256,CIEL,"115378"
Meconium aspiration syndrome of newborn,8498,CIEL,"115381"
Nasal Polyp,5323,CIEL,"115400"
Narcolepsy,7554,CIEL,"115405"
Narcissistic personality disorder,7677,CIEL,"115407"
Myoclonic seizures,1074,CIEL,"115424"
Myocarditis,4396,CIEL,"115428"
Myocardial infarction,556,CIEL,"115432"
Mycetoma,4950,CIEL,"115451"
Muscle Weakness,267,CIEL,"115476"
Multiple gestation,4079,CIEL,"115491"
"Bipolar I disorder, most recent episode (or current) manic, moderate",7415,CIEL,"115725"
Mitral valve regurgitation,4423,CIEL,"115735"
Nephrotic syndrome with lesion of minimal change glomerulonephritis,6594,CIEL,"115745"
Miliary Tuberculosis,4771,CIEL,"115753"
Mild or moderate birth asphyxia,8501,CIEL,"115763"
"Bipolar I disorder, most recent episode (or current) manic, mild",7416,CIEL,"115768"
Mentum or chin presentation,3882,CIEL,"115808"
Mild intellectual disability,7406,CIEL,"115810"
Postpartum mental disorders of mother,7393,CIEL,"115811"
Postpartum mental disorder,7390,CIEL,"115812"
Meningitis,4898,CIEL,"115835"
Skin mole,7824,CIEL,"115844"
Medial epicondylitis of elbow,8216,CIEL,"115861"
Meconium aspiration,3789,CIEL,"115866"
Mastitis-Postpartum,4392,CIEL,"115914"
"Bipolar affective disorder, manic",6457,CIEL,"115924"
Malpresentation of fetus,3787,CIEL,"115939"
Malocclusion,4667,CIEL,"115953"
Malignant Neoplasm of Urinary Bladder,5121,CIEL,"115961"
Malignant Neoplasm of Major Salivary Glands,5110,CIEL,"115992"
Few,2971,CIEL,"1160"
Malignant Neoplasm of Lip,5113,CIEL,"116004"
Gum Cancer,5093,CIEL,"116011"
Malignant neoplasm of fallopian tube,3991,CIEL,"116016"
Cervical cancer,4067,CIEL,"116023"
Malignant neoplasm of breast,4046,CIEL,"116026"
Neoplasm/cancer,1662,CIEL,"116030"
Neoplasm/cancer,1662,CIEL,"116031"
Malignant tumor of uterus,4010,CIEL,"116036"
Malignant Neoplasm of Stomach,5132,CIEL,"116041"
Malignant Neoplasm of Pancreas,5100,CIEL,"116049"
Malignant neoplasm of liver,6597,CIEL,"116066"
Melanoma of Skin,5112,CIEL,"116080"
Lymphoma,5119,CIEL,"116104"
Severe uncontrolled hypertension,4433,CIEL,"116115"
Malignant hypertension,6759,CIEL,"116116"
Male erectile disorder,7655,CIEL,"116123"
Malaria,4781,CIEL,"116128"
"Major Puerperal Infection, Postpartum",4391,CIEL,"116135"
Low birth weight,5546,CIEL,"116222"
Lordosis,4507,CIEL,"116230"
Lichen sclerosus et atrophicus,5002,CIEL,"116317"
Leukemia,4276,CIEL,"116331"
Lethargy,6533,CIEL,"116334"
Leptospirosis,4861,CIEL,"116341"
Leprosy,4902,CIEL,"116344"
Leishmaniasis,4680,CIEL,"116350"
Left Heart Failure,4419,CIEL,"116364"
Hypoactive sexual desire disorder,7542,CIEL,"116414"
Kyphosis,4535,CIEL,"116472"
Calculus of kidney,5157,CIEL,"116500"
Nephropathy,7032,CIEL,"116506"
Keratoderma punctata,4962,CIEL,"116515"
Burn,1235,CIEL,"116543"
"Stiffness of Joint, not Elsewhere Classified",4441,CIEL,"116554"
Ischemic heart disease,4871,CIEL,"116608"
Irregular menstrual cycle,4040,CIEL,"116616"
Intra-uterine fetal demise,3791,CIEL,"116642"
Intracerebral hemorrhage,4211,CIEL,"116677"
"Abdominal or Pelvic Swelling, Mass or Lump",5292,CIEL,"116688"
Intestinal obstruction,4170,CIEL,"116689"
Intestinal Infection,4894,CIEL,"116695"
Intertrochanteric fracture,8153,CIEL,"116707"
Interstitial lung disease,6426,CIEL,"116711"
Claudication,8705,CIEL,"116734"
Insomnia,4903,CIEL,"116743"
Stomach Injury,5225,CIEL,"116786"
Spleen Injury,5327,CIEL,"116788"
Small Intestine Injury,5271,CIEL,"116793"
Hepatic Trauma,5163,CIEL,"116824"
Head injury,4255,CIEL,"116838"
Injury to Cranial Nerve,5232,CIEL,"116874"
HIV infected,3547,CIEL,"1169"
Inhalant abuse,1061,CIEL,"116945"
Inguinal hernia,4895,CIEL,"116954"
Influenza,4820,CIEL,"116958"
Inflammatory polyarthropathy,4497,CIEL,"116967"
Hepatitis,4913,CIEL,"116986"
Cervicitis,1451,CIEL,"116995"
Spontaneous vaginal delivery,3404,CIEL,"1170"
Vaginal infection,4107,CIEL,"117010"
Caesarean section,2640,CIEL,"1171"
Trichomoniasis,4704,CIEL,"117146"
Schistosomiasis,5387,CIEL,"117152"
Fecal incontinence,5704,CIEL,"117208"
Incontinence,7805,CIEL,"117211"
Incomplete legally induced abortion,4034,CIEL,"117233"
Idiopathic Thrombocytopenic Purpura,4220,CIEL,"117295"
Expressed breastmilk,6161,CIEL,"1173"
Hypovolemia,489,CIEL,"117315"
Decreased body temperature,7472,CIEL,"117326"
Mania (Monopolar) Single Episode or Unspecified,4597,CIEL,"117339"
Hypertensive heart disease,4134,CIEL,"117386"
Hypertension,497,CIEL,"117399"
Hypersomnia,7555,CIEL,"117412"
Hyperlipidemia,4227,CIEL,"117441"
Keratoderma,1485,CIEL,"117447"
Attention-deficit hyperactivity disorder,4587,CIEL,"117468"
Hydrocephalus,4252,CIEL,"117470"
Hydrocele,5360,CIEL,"117474"
Not applicable,9,CIEL,"1175"
Hodgkin's Lymphoma,4233,CIEL,"117501"
Histrionic personality disorder,7676,CIEL,"117503"
High-risk pregnancy,4041,CIEL,"117529"
Herpes Zoster,3457,CIEL,"117543"
Ventral Hernia,5347,CIEL,"117556"
Liver failure,496,CIEL,"117598"
Hemorrhagic disease of newborn,4347,CIEL,"117606"
Hemorrhage of newborn,7878,CIEL,"117609"
Haemorrhage In Early Pregnancy,1200,CIEL,"117617"
Hemolytic disease of the fetus or newborn,4335,CIEL,"117625"
Hemoglobinopathy,1764,CIEL,"117635"
Sickle-cell anemia with crisis,4182,CIEL,"117642"
Sickle-cell vaso-occlusive pain crisis,6752,CIEL,"117643"
Hemiplegia,1493,CIEL,"117655"
Hematochezia,3038,CIEL,"117671"
Hemarthrosis,4509,CIEL,"117675"
Haemangioma,5203,CIEL,"117680"
Heart valve disease,4427,CIEL,"117690"
Sickle cell disease,498,CIEL,"117703"
Hallux valgus,4534,CIEL,"117711"
Grand multiparity,3988,CIEL,"117749"
Gonorrhea,3620,CIEL,"117767"
Gonococcal arthritis,4462,CIEL,"117769"
Glomerulonephritis,6592,CIEL,"117780"
Glaucoma,4926,CIEL,"117789"
Gingival recession,4668,CIEL,"117796"
Antepartum,3352,CIEL,"1178"
Genital herpes,3619,CIEL,"117829"
Gender identity disorder,7559,CIEL,"117863"
Gastroparesis,4422,CIEL,"117868"
Gastroenteritis,4169,CIEL,"117889"
Intrapartum,3353,CIEL,"1179"
Fecal Incontinence,7505,CIEL,"117946"
Spine fracture,4187,CIEL,"117969"
Fracture of upper end of tibia,4518,CIEL,"117975"
Proximal humeral fracture,5362,CIEL,"117978"
Fracture of breast bone,4569,CIEL,"117986"
Fracture of skull,4210,CIEL,"117989"
Fracture of shaft of tibia,4459,CIEL,"117993"
Postpartum,3351,CIEL,"1180"
Fracture of Scapula,5143,CIEL,"118001"
Fracture of rib,4191,CIEL,"118003"
Phalanx (hand) fracture,8148,CIEL,"118010"
Fracture of toe,4520,CIEL,"118012"
Fracture of pelvis,4186,CIEL,"118014"
Patella fracture,4526,CIEL,"118016"
Fracture of neck of metacarpal bone,8156,CIEL,"118020"
Fracture of multiple ribs,4563,CIEL,"118025"
Fracture of metacarpal bone,4487,CIEL,"118026"
Humerus fracture,4208,CIEL,"118033"
Forearm fracture,5338,CIEL,"118039"
Fracture of Foot,5337,CIEL,"118040"
Fibula fracture,4573,CIEL,"118044"
Fracture of lower end of humerus,4436,CIEL,"118047"
Fracture of clavicle,5181,CIEL,"118048"
Fracture of cervical vertebra,4181,CIEL,"118050"
Foreign Object Left in Body During Procedure,5168,CIEL,"118072"
Folliculitis decalvans,5052,CIEL,"118120"
Fistula involving female genital tract,5250,CIEL,"118145"
Diffuse cystic mastopathy,5258,CIEL,"118189"
Fetus or newborn affected by maternal complication during pregnancy,4270,CIEL,"118203"
Intrauterine growth retardation,3797,CIEL,"118245"
Fetal distress,3786,CIEL,"118256"
Femoral Hernia,5249,CIEL,"118289"
Female infertility,4020,CIEL,"118293"
Fat in Stool,3049,CIEL,"118305"
Sibling relationship problem,7782,CIEL,"118311"
Fall,5222,CIEL,"118350"
Failed trial of labor,4042,CIEL,"118364"
Failed induction,5544,CIEL,"118366"
Factitious illness,7517,CIEL,"118377"
Face or brow presentation,3872,CIEL,"118388"
Polyphagia,4721,CIEL,"118483"
Esophagitis,4875,CIEL,"118510"
Epiglottitis,4175,CIEL,"118567"
Epidural Hematoma,4578,CIEL,"118571"
Enteritis,4697,CIEL,"118606"
Breast engorgement,5977,CIEL,"118620"
Endometriosis of uterus,4033,CIEL,"118629"
Endometriosis,4092,CIEL,"118631"
Endometrial hyperplasia,3995,CIEL,"118634"
Dental Caries Limited to Enamel,4649,CIEL,"118661"
Elective mutism,7490,CIEL,"118678"
Effusion of joint,1586,CIEL,"118697"
Newborn antiretroviral use,6259,CIEL,"1187"
Lower extremity edema,1590,CIEL,"118729"
Eczema,4787,CIEL,"118731"
Eclampsia,3785,CIEL,"118744"
Eating disorder,4616,CIEL,"118764"
Dysuria,1477,CIEL,"118771"
Dystonia,1394,CIEL,"118773"
Dysthymic disorder,7430,CIEL,"118779"
Cervical dysplasia,4070,CIEL,"118784"
Dysphasia due to Cerebrovascular Disease,4389,CIEL,"118788"
Dysphagia,1597,CIEL,"118789"
Drug-related disorder,4814,CIEL,"118826"
Drug or other substance-induced psychotic disorder,7383,CIEL,"118829"
Diverticulitis,4173,CIEL,"118862"
Alteration of consciousness,4189,CIEL,"118876"
Decreased consciousness,1210,CIEL,"118877"
Mood disorder,4626,CIEL,"118879"
Dissociative disorder,4624,CIEL,"118883"
Disseminated tuberculosis,4858,CIEL,"118890"
Disruptive behavior disorder,7435,CIEL,"118905"
Conduct disorder of unspecified onset,7548,CIEL,"118906"
Vision problem,4707,CIEL,"118938"
Disorder of tongue,4677,CIEL,"118970"
Thyroid disease,8671,CIEL,"118976"
Neuropathy,4364,CIEL,"118983"
Genitourinary problem,4688,CIEL,"118991"
Historical drug start date,3313,CIEL,"1190"
Myopathy,8173,CIEL,"119030"
Other respiratory disorder,4409,CIEL,"119051"
Refractive Error,5388,CIEL,"119056"
Pericardial disease,4126,CIEL,"119092"
Historical drug stop date,3312,CIEL,"1191"
Optic nerve disease,6420,CIEL,"119109"
Disorder of nervous system,7008,CIEL,"119112"
Disease of Nail,5208,CIEL,"119117"
Disease of Lung,4684,CIEL,"119137"
Enteropathy,4870,CIEL,"119175"
Disorder of female genital organs,7541,CIEL,"119207"
Endocrine Disorder,7143,CIEL,"119235"
Cardiovascular disease,1761,CIEL,"119270"
Disorder of bursa,5345,CIEL,"119279"
Encephalopathy,3437,CIEL,"119288"
Current drug used,1746,CIEL,"1193"
Dislocation of Cervical Vertebra,4565,CIEL,"119343"
Filariasis,4739,CIEL,"119354"
Hookworm disease,5385,CIEL,"119356"
Transposition of Great Vessels,4417,CIEL,"119394"
Diphtheria,1747,CIEL,"119399"
Rifampicin + Isoniazid,2113,CIEL,"1194"
Diffuse axonal brain injury,4523,CIEL,"119418"
Diabetes ketoacidosis,4168,CIEL,"119441"
Type II Diabetes Mellitus with Peripheral Circulatory Disorder,5161,CIEL,"119457"
Diabetes,501,CIEL,"119481"
Developmental expressive writing disorder,7396,CIEL,"119487"
Developmental disabilities,7395,CIEL,"119489"
Antibiotics,6765,CIEL,"1195"
Dermatitis herpetiformis,4965,CIEL,"119514"
Food insecurity,4906,CIEL,"119533"
Depression,1631,CIEL,"119537"
Sad mood,6473,CIEL,"119539"
Bipolar depression,6456,CIEL,"119541"
Other dental caries,4641,CIEL,"119558"
Dementia,4596,CIEL,"119566"
Delusional disorder,4618,CIEL,"119570"
Delusion of persecution,6117,CIEL,"119573"
Delirium,4594,CIEL,"119574"
Deep vein thrombosis,5343,CIEL,"119624"
Decubitus ulcer,5326,CIEL,"119656"
Heart decompensation,6569,CIEL,"119664"
Cystitis,5200,CIEL,"119685"
Ovarian cyst,4108,CIEL,"119702"
Cyclothymic disorder,7417,CIEL,"119706"
Coronary heart disease,4851,CIEL,"119816"
Contusion,4201,CIEL,"119866"
Contracture of Joint,5322,CIEL,"119870"
Omphalocele,5316,CIEL,"119938"
Congenital heart disease,4140,CIEL,"119956"
Congenital Deformity of Spine,4522,CIEL,"119980"
Congenital polycystic kidney,4424,CIEL,"119991"
Other conditions due to chromosome anomalies,4316,CIEL,"119998"
Chest (X-ray),3775,CIEL,"12"
Congenital Deformity of Hand,4525,CIEL,"120038"
Congenital anomaly of spinal cord,4512,CIEL,"120049"
Congenital Anomaly of Musculoskeletal System,5301,CIEL,"120073"
Congenital anomaly of limb,4463,CIEL,"120080"
Congenital anomaly of female genital system,4014,CIEL,"120091"
Congenital malformation of fetus,5595,CIEL,"120129"
Condyloma Acuminatum,5294,CIEL,"120146"
Condyloma,1448,CIEL,"120147"
Arrhythmia,1406,CIEL,"120148"
Complication of puerperium,4394,CIEL,"120194"
Complications of Puerperium (old),5421,CIEL,"120195"
Complications from surgery,2843,CIEL,"120198"
Complication of labor and delivery,4054,CIEL,"120220"
Complex Partial Seizures with Consciousness Impaired,1073,CIEL,"120252"
Complete abortion,4044,CIEL,"120295"
Coccidioidomycosis,4927,CIEL,"120330"
Confusion,1206,CIEL,"120345"
WHO Stage 1,3487,CIEL,"1204"
WHO Stage 2,3470,CIEL,"1205"
Chronic viral Hepatitis B,6716,CIEL,"120557"
Chronic sinusitis,5405,CIEL,"120563"
"Chronic Kidney Disease, Stage II (Mild)",446,CIEL,"120574"
"Chronic Kidney Disease, Stage I",447,CIEL,"120575"
Chronic kidney insufficiency,6595,CIEL,"120576"
"Chronic Kidney Disease, Stage V",443,CIEL,"120577"
"Chronic Kidney Disease, Stage IV (Severe)",444,CIEL,"120578"
"Chronic Kidney Disease, Stage III (Moderate)",445,CIEL,"120579"
Chronic pyelonephritis,5276,CIEL,"120581"
Chronic pain disorder,8188,CIEL,"120594"
WHO Stage 3,3484,CIEL,"1206"
Chronic fatigue,4887,CIEL,"120655"
Chronic Bronchitis,4885,CIEL,"120669"
"Mild bipolar I disorder, most recent episode (or current) depressed",7412,CIEL,"120674"
Patellofemoral stress syndrome,8194,CIEL,"120696"
Chondromalacia of patella,4482,CIEL,"120697"
WHO Stage 4,3454,CIEL,"1207"
Chlamydial infection,7931,CIEL,"120728"
Chlamydia,6217,CIEL,"120733"
Chikungunya,4722,CIEL,"120742"
Chest Pain,1250,CIEL,"120749"
Cestode Infection,3041,CIEL,"120759"
Cervical Spinal Cord Injury,4483,CIEL,"120773"
Cerebellar ataxia,8172,CIEL,"120816"
Central nervous system dysfunction in the newborn,7876,CIEL,"120831"
Cementum caries,4654,CIEL,"120845"
Cataract,6327,CIEL,"120860"
Candidiasis,1635,CIEL,"120939"
Calculus of Lower Urinary Tract,5325,CIEL,"120945"
Caffeine intoxication,7788,CIEL,"120968"
Burn of Trunk,5289,CIEL,"120972"
"Burn of Face, Head and Neck",1234,CIEL,"120977"
Bronchiolitis,4273,CIEL,"121009"
Bronchiectasis,4426,CIEL,"121011"
Borderline personality disorder,7678,CIEL,"121057"
Verruca planus,3467,CIEL,"1211"
Blepharitis,4904,CIEL,"121102"
Bipolar II disorder,7408,CIEL,"121121"
Bipolar disorder,4629,CIEL,"121131"
Hyperplasia of prostate,4768,CIEL,"121162"
Benign neoplasm of uterus,5354,CIEL,"121166"
Benign Neoplasm of Urinary Organ,5205,CIEL,"121190"
Molluscum contagiosum,3460,CIEL,"1212"
Benign Neoplasm of Endocrine Gland,5287,CIEL,"121207"
Benign Mucous Membrane Pemphigoid,4960,CIEL,"121212"
Benign Mammary Dysplasia,5269,CIEL,"121213"
Basedow's disease,4221,CIEL,"121238"
Barbiturate abuse,1064,CIEL,"121249"
Bacterial pneumonia,4681,CIEL,"121252"
Bacterial meningitis,3914,CIEL,"121255"
Bacterial infection,6672,CIEL,"121262"
HPV,3621,CIEL,"1213"
Autism,4371,CIEL,"121303"
Attention deficit disorder with hyperactivity,8390,CIEL,"121317"
Atopic dermatitis,4329,CIEL,"121348"
Status Asthmaticus,4218,CIEL,"121372"
Asthma,1665,CIEL,"121375"
Asthenia,4794,CIEL,"121377"
Assault by firearm,4553,CIEL,"121384"
Aspiration pneumonia,8488,CIEL,"121392"
Non-Infectious Destruction of Bone,5284,CIEL,"121402"
Recurrent bacterial pneumonia,3438,CIEL,"1215"
Apnea of newborn,4272,CIEL,"121519"
Aphasia,8145,CIEL,"121529"
Aortic valve stenosis,4416,CIEL,"121532"
Anxiety disorder in conditions classified elsewhere,7485,CIEL,"121541"
Anxiety,4311,CIEL,"121543"
Antisocial personality disorder,7547,CIEL,"121547"
Cutaneous anthrax,4744,CIEL,"121555"
Anthrax,7930,CIEL,"121555"
Anodontia,4663,CIEL,"121596"
Anemia,1393,CIEL,"121629"
Memory loss,4857,CIEL,"121657"
Mental status change,1407,CIEL,"121677"
Alopecia,8681,CIEL,"121681"
Allergy,4197,CIEL,"121689"
Allergic rhinitis,4274,CIEL,"121692"
Algodystrophic syndrome,8186,CIEL,"121706"
Alcohol-induced mental and behavior disorder,4619,CIEL,"121716"
Alcohol abuse,1065,CIEL,"121725"
Aggressive behavior,6361,CIEL,"121748"
Adverse drug effect,4321,CIEL,"121764"
Adjustment disorder,6219,CIEL,"121792"
Acute vaginitis,4004,CIEL,"121809"
Acute Hepatitis B,5408,CIEL,"121812"
Acute Sinusitis,4802,CIEL,"121832"
Acute renal failure,4826,CIEL,"121849"
Acute pulmonary edema,3805,CIEL,"121856"
Acute Periodontitis,4648,CIEL,"121873"
Acute Pericarditis,4782,CIEL,"121875"
Acute Myocarditis,4734,CIEL,"121936"
Acute Lymphadenitis,5216,CIEL,"121999"
Acute glomerulonephritis,4302,CIEL,"122041"
Acute Gingivitis,4650,CIEL,"122043"
Accidental drowning or submersion,5255,CIEL,"122260"
"Twin, Whether Mate Stillborn or Liveborn, Born in Hospital, Delivered",4118,CIEL,"122355"
Dyspnea,1258,CIEL,"122496"
"Anemia,iron deficiency",4750,CIEL,"1226"
Cholera,4757,CIEL,"122604"
Diabetic ketoacidosis without coma,6329,CIEL,"122714"
Zoophobia,7483,CIEL,"122735"
Zika virus,4746,CIEL,"122746"
Yellow fever,5390,CIEL,"122759"
Xerophthalmia,4860,CIEL,"122793"
Reactive,2895,CIEL,"1228"
Xanthelasma of eyelid,7823,CIEL,"122813"
Wristdrop,4582,CIEL,"122825"
Whiplash,8079,CIEL,"122862"
Non-reactive,2894,CIEL,"1229"
Warburg syndrome,7811,CIEL,"122914"
Wanted Pregnancy,5760,CIEL,"122933"
Walking disability,254,CIEL,"122936"
Wakefulness finding,6011,CIEL,"122943"
Voyeurism,7643,CIEL,"122966"
Vomiting in newborn,4298,CIEL,"122981"
Vomiting,256,CIEL,"122983"
AB+,1755,CIEL,"1230"
Vision Loss,4171,CIEL,"123067"
Visual hallucinations,6103,CIEL,"123069"
Visual disturbance,8687,CIEL,"123074"
Viral pneumonia,4831,CIEL,"123098"
AB-,1752,CIEL,"1231"
Viral hemorrhagic fever,4745,CIEL,"123112"
Victim of sexual aggression,3507,CIEL,"123160"
Child abuse,4281,CIEL,"123174"
Vesicular eczema of hands and/or feet,4943,CIEL,"123199"
Verrucous epidermal nevus,7825,CIEL,"123226"
Verruca vulgaris,4687,CIEL,"123228"
Ventricular septal defect,4129,CIEL,"123240"
Vasa Praevia,3966,CIEL,"123332"
Varicocele,5364,CIEL,"123354"
Vaginal discharge problem,8664,CIEL,"123395"
Uterovaginal Prolapse,5248,CIEL,"123441"
Uterine scar from previous surgery,5574,CIEL,"123447"
Uterine scar,4037,CIEL,"123450"
Uterine leiomyoma,4027,CIEL,"123455"
"Urinary Cast, Hyaline",3163,CIEL,"123501"
Urinary bladder stone,5263,CIEL,"123502"
Uric acid crystalluria,6053,CIEL,"123505"
Urethral discharge,4705,CIEL,"123529"
Uraemic encephalopathy,6754,CIEL,"123549"
Unwanted pregnancy,8397,CIEL,"123572"
Uncontrolled Diabetes Mellitus,4404,CIEL,"123579"
Tinnitus,5422,CIEL,"123588"
Perineal laceration during delivery,4071,CIEL,"123620"
Upper extremities,7658,CIEL,"1237"
Unresolved pneumonia,4900,CIEL,"123742"
Unilateral Inguinal Hernia with Obstruction but no Gangrene,5152,CIEL,"123774"
Unilateral Inguinal Hernia with Gangrene,5282,CIEL,"123776"
Unilateral congenital dislocation of hip,4505,CIEL,"123790"
Unemployed,117,CIEL,"123801"
Undifferentiated somatoform disorder,7512,CIEL,"123802"
Undescended testicle,5171,CIEL,"123813"
Underweight,7236,CIEL,"123814"
Unconscious,6009,CIEL,"123818"
Unclassified Epileptic Seizures,1075,CIEL,"123826"
Umbilical haemorrhage after birth,8396,CIEL,"123841"
Ulnar neuritis,8214,CIEL,"123848"
Female genital ulcers,4031,CIEL,"123876"
Ulcers,1540,CIEL,"123919"
Tunga Penetrans Infestation,5046,CIEL,"123964"
Tuberculosis of pericardium,6564,CIEL,"124033"
Tuberculosis in pregnancy,6040,CIEL,"124065"
Contact with a tuberculosis positive person,4835,CIEL,"124068"
Tuberculoma,4692,CIEL,"124069"
Trochanteric bursitis,8203,CIEL,"124097"
Trismus,7929,CIEL,"124105"
Trimalleolar fracture,8150,CIEL,"124113"
Tricuspid valve regurgitation,4399,CIEL,"124125"
Traveling,3748,CIEL,"124153"
Traumatic subdural hemorrhage,4194,CIEL,"124166"
Traumatic shock,4213,CIEL,"124172"
Traumatic Pneumothorax,5239,CIEL,"124175"
Traumatic Intracranial Extradural Hematoma,4204,CIEL,"124187"
Trauma,1226,CIEL,"124193"
Traumatic Haemothorax,5278,CIEL,"124195"
Traumatic brain injury,5690,CIEL,"124209"
Traumatic Amputation of Toe,5361,CIEL,"124243"
Transvestism,7636,CIEL,"124258"
Transverse Lie,3924,CIEL,"124261"
"Torsion of the Ovary, Ovarian Pedicle or Fallopian Tube",3983,CIEL,"124585"
Torsion of Testis,5305,CIEL,"124586"
Torsion of Ovary,4049,CIEL,"124588"
Scheduled visit,6300,CIEL,"1246"
Tired,6356,CIEL,"124628"
Tinea pedis,5014,CIEL,"124637"
Tinea Manus,4994,CIEL,"124640"
Tinea cruris,4986,CIEL,"124647"
Tinea corporis,4765,CIEL,"124650"
Tinea capitis,5027,CIEL,"124654"
Chest tightness,6452,CIEL,"124665"
Thyrotoxicosis,4217,CIEL,"124702"
Thyroid disease in pregnancy,7734,CIEL,"124718"
Thyroglossal Duct Cyst,5279,CIEL,"124724"
Thrombotic Microangiopathy,4232,CIEL,"124735"
Thrombosis of retinal vein,6417,CIEL,"124755"
Thromboembolic disorder,6561,CIEL,"124800"
Threatened premature labor,4109,CIEL,"124818"
Weak pulse,1543,CIEL,"124823"
Thoracic outlet syndrome,6671,CIEL,"124842"
Thoracic Back Sprain,4388,CIEL,"124846"
Papular pruritic eruption,3463,CIEL,"1249"
Thin build,6017,CIEL,"124905"
Tetralogy of Fallot,4141,CIEL,"124944"
Neonatal tetanus,3913,CIEL,"124954"
Tetanus,4785,CIEL,"124957"
"Abdominal tenderness, Right Lower Quadrant",1558,CIEL,"124993"
"Abdominal tenderness, Right Upper Quadrant",1556,CIEL,"124994"
"Abdominal tenderness, Left Lower Quadrant",1570,CIEL,"124995"
"Abdominal tenderness, Left Upper Quadrant",1559,CIEL,"124996"
Telogen effluvium,5036,CIEL,"125012"
Talipes Equinovarus,4496,CIEL,"125043"
Tactile hallucinations,6102,CIEL,"125058"
Tachypnea,1460,CIEL,"125061"
Tachycardia,1650,CIEL,"125063"
Systolic murmur,1577,CIEL,"125072"
"Systemic Sclerosis, Diffuse",4229,CIEL,"125075"
Systemic sclerosis,5056,CIEL,"125077"
Syphilis of Bone,4570,CIEL,"125141"
Synovial Cyst of Popliteal Space,5254,CIEL,"125154"
Syndactyly,5297,CIEL,"125163"
Syncope,8704,CIEL,"125166"
Reason antiretrovials changed or stopped,3701,CIEL,"1252"
Swelling of scrotum,4737,CIEL,"125203"
Supernumerary Tooth,4642,CIEL,"125290"
Completed PMTCT treatment,1327,CIEL,"1253"
Sunburn of Third Degree,5004,CIEL,"125514"
Sunburn of Second Degree,4993,CIEL,"125515"
Sunburn of First Degree,5039,CIEL,"125516"
Suicide or self-inflicted injuries by jumping from high place,4561,CIEL,"125531"
Suicidal thoughts,1051,CIEL,"125562"
Sudden infant death syndrome,7877,CIEL,"125571"
Subtrochanteric fracture,4438,CIEL,"125584"
Subarachnoid hemorrhage,4176,CIEL,"125710"
Subacute Cutaneous Lupus Erythematosus,5000,CIEL,"125752"
Subacromial impingement,8221,CIEL,"125765"
Stuttering,7809,CIEL,"125766"
Strain of Rotator Cuff Capsule,4365,CIEL,"125844"
Stomatitis,4638,CIEL,"125860"
Stillbirth,3812,CIEL,"125872"
Stevens-Johnson Syndrome,5053,CIEL,"125886"
Stenosis of rectum and anus,5324,CIEL,"125911"
Status Epilepticus,4833,CIEL,"125943"
Squamous cell carcinoma,4686,CIEL,"125996"
Sprain,4198,CIEL,"126004"
Sprain of Back,4359,CIEL,"126020"
Sprain of Cruciate Ligament of Knee,4378,CIEL,"126046"
Sprain of Anterior Cruciate Ligament of Knee,4382,CIEL,"126054"
Sporotrichosis,4987,CIEL,"126061"
Spontaneous rupture of membranes,7269,CIEL,"126069"
Spontaneous abortion,3815,CIEL,"126127"
Spondylolisthesis,4455,CIEL,"126144"
Spinocerebellar ataxia,8176,CIEL,"126173"
Spina Bifida of cervical region,4502,CIEL,"126205"
Spermatocele,5351,CIEL,"126221"
Solitary Cyst of Breast,5211,CIEL,"126292"
Social phobia,7488,CIEL,"126309"
Snoring,8702,CIEL,"126318"
Small plaque parapsoriasis,5048,CIEL,"126343"
Sleep Deprivation,1057,CIEL,"126370"
Sleep apnea,8506,CIEL,"126371"
Skin tag,7828,CIEL,"126385"
Skin Striae,4985,CIEL,"126387"
"Major depressive disorder, single episode, severe with psychotic features",7434,CIEL,"126443"
Sickle cell beta thalassemia,6748,CIEL,"126512"
Sickle-cell trait,4305,CIEL,"126513"
Shoulder Joint Pain,4381,CIEL,"126536"
Labour and delivery complicated by short cord,4102,CIEL,"126550"
Sexual sadism,7639,CIEL,"126574"
Sexual masochism,7640,CIEL,"126579"
Sexual assault,4192,CIEL,"126582"
Severe intellectual disability,7403,CIEL,"126612"
"Severe major depression, single episode, without psychotic features",7429,CIEL,"126616"
Severe depressed bipolar I disorder without psychotic features,7422,CIEL,"126628"
Severe birth asphyxia,6266,CIEL,"126635"
Septicaemia during labor,7884,CIEL,"126692"
Completed,3074,CIEL,"1267"
Septicaemia,4716,CIEL,"126702"
Septic Shock,5188,CIEL,"126707"
Sepsis,4810,CIEL,"126721"
Separation anxiety disorder of childhood,7491,CIEL,"126727"
Sensitivity,3634,CIEL,"126745"
Secondary amenorrhea,4026,CIEL,"126884"
Reason tuberculosis treatment stopped,3367,CIEL,"1269"
Secondary female infertility,6850,CIEL,"126976"
Dysmenorrhea,4095,CIEL,"127"
Sciatica,8207,CIEL,"127112"
Schizoid personality disorder,7672,CIEL,"127126"
"Schizoaffective disorder, depressive",7384,CIEL,"127130"
"Schizoaffective disorder, bipolar",7385,CIEL,"127131"
Schizoaffective disorder,8391,CIEL,"127132"
Schistosoma Mansoni Infection,3042,CIEL,"127133"
Scarring Alopecia,4969,CIEL,"127141"
Scarlet fever,7919,CIEL,"127144"
Scar Conditions and Fibrosis of Skin,5197,CIEL,"127148"
Type of referral ordered,3844,CIEL,"1272"
Sacrum Sprain,4375,CIEL,"127214"
Ruptured membranes,5550,CIEL,"127244"
Rupture of uterus,4082,CIEL,"127259"
Rupture of anterior cruciate ligament,8198,CIEL,"127289"
Rumination disorder,7511,CIEL,"127293"
Hospitalization location (coded),1719,CIEL,"1273"
Rosacea,4954,CIEL,"127331"
Right ventricular failure,6149,CIEL,"127367"
Right heart failure,4413,CIEL,"127376"
Rheumatic mitral stenosis with regurgitation,6562,CIEL,"127436"
Rheumatic mitral stenosis,4137,CIEL,"127437"
Rheumatic mitral regurgitation,6642,CIEL,"127438"
Rheumatic Disease of Aortic Valve,7377,CIEL,"127451"
Rheumatic aortic stenosis with regurgitation,6563,CIEL,"127454"
Rheumatic aortic stenosis,6644,CIEL,"127455"
Rheumatic aortic regurgitation,6643,CIEL,"127456"
Rh isoimmunization,5627,CIEL,"127459"
Rhesus isoimmunization affecting pregnancy,6843,CIEL,"127460"
Retropharyngeal and parapharyngeal abscess,4199,CIEL,"127484"
Retinoblastoma,4286,CIEL,"127527"
Retention of urine,5266,CIEL,"127579"
Retained placenta,5547,CIEL,"127592"
Hematocolpos,4099,CIEL,"127601"
Retained Dental Root,4655,CIEL,"127608"
Restrictive lung disease,6873,CIEL,"127611"
Restless legs syndrome,7793,CIEL,"127624"
Respiratory distress syndrome in the newborn,4303,CIEL,"127638"
Respiratory distress,3792,CIEL,"127639"
Crackles,1463,CIEL,"127640"
Residual Foreign Body in Soft Tissue,5191,CIEL,"127655"
Renal colic,4087,CIEL,"127707"
Relapsing Febrile Nodular Nonsuppurative Panniculitis,4976,CIEL,"127741"
Regurgitation,4862,CIEL,"127744"
Patient refused treatment,187,CIEL,"127750"
Red eyes,6954,CIEL,"127777"
Red color,1177,CIEL,"127778"
Recurrent upper respiratory tract infection,3462,CIEL,"127784"
"Recurrent Manic Episodes, Mild",4613,CIEL,"127794"
"Recurrent major depressive episodes, moderate",7436,CIEL,"127798"
"Recurrent major depressive episodes, mild",7438,CIEL,"127799"
Recurrent major depressive episodes,7437,CIEL,"127801"
Recurrent aphthous ulcer,3469,CIEL,"127841"
Rectal Prolapse,5328,CIEL,"127850"
Rectal Polyp,5299,CIEL,"127851"
Rectal abscess,5195,CIEL,"127857"
Reactive attachment disorder of infancy or early childhood,7525,CIEL,"127888"
Elevated Jugular Venous Pressure,1599,CIEL,"127918"
Radial styloid tenosynovitis,8212,CIEL,"127950"
Rabies contact,7923,CIEL,"127961"
Pyromania,7546,CIEL,"127984"
Fever of unknown origin,4735,CIEL,"127990"
Pyogenic granuloma,4970,CIEL,"128006"
Pyogenic arthritis,5204,CIEL,"128007"
Pyoderma gangrenosum,4982,CIEL,"128019"
Puncture wound,8111,CIEL,"128083"
Diseases of pulp and periapical tissues,4646,CIEL,"128099"
Pulmonic Valve Stenosis,4412,CIEL,"128101"
Pulmonary Artery Stenosis,4408,CIEL,"128148"
Puerperal pyrexia,7732,CIEL,"128168"
Psychological factors affecting medical condition,7516,CIEL,"128188"
Medication(s) name,1282,CIEL,"1282"
Psychogenic amnesia,7522,CIEL,"128227"
Pseudopelade,5010,CIEL,"128267"
Pseudofolliculitis Barbae,5044,CIEL,"128294"
Pseudocyst of Pancreas,5158,CIEL,"128298"
Pseudobulbar palsy,8226,CIEL,"128305"
Pruritus of vagina,8691,CIEL,"128311"
Prurigo Simplex,4759,CIEL,"128319"
Prune Belly Syndrome,5241,CIEL,"128324"
Proteinuria,4930,CIEL,"128340"
Diagnosis,201,CIEL,"1284"
Prolapsed lumbar intervertebral disc,8208,CIEL,"128402"
Prolapsed cervical intervertebral disc,8101,CIEL,"128407"
Primary restrictive cardiomyopathy,8043,CIEL,"128488"
Primary amenorrhea,3969,CIEL,"128494"
Malignant Neoplasm of Ureter,5223,CIEL,"128644"
Primary Malignant Neoplasm of Submaxillary Gland,5107,CIEL,"128700"
Primary Malignant Neoplasm of Sublingual Gland,5104,CIEL,"128701"
Dermatofibrosarcoma protuberans,5091,CIEL,"128728"
Malignant Neoplasm of Renal Pelvis,5259,CIEL,"128779"
Malignant neoplasm of placenta,4064,CIEL,"128803"
Malignant neoplasm of mandible,5105,CIEL,"128884"
Roofing material,1131,CIEL,"1290"
Malignant Neoplasm of Anal Canal,5134,CIEL,"129079"
Sheet metal,1087,CIEL,"1291"
Primary Intestinal Lymphangiectasia,4723,CIEL,"129103"
Primary genital syphilis,4694,CIEL,"129119"
Primary female infertility,6847,CIEL,"129123"
Idiopathic cardiomyopathy,4136,CIEL,"129159"
Previous known suicide attempt,5589,CIEL,"129176"
Premenstrual dysphoric disorder,7431,CIEL,"129205"
Premature tooth eruption,4653,CIEL,"129207"
Premature shedding of primary tooth,4662,CIEL,"129208"
Premature rupture of membranes,3806,CIEL,"129211"
Premature ejaculation,7543,CIEL,"129216"
Preterm delivery,3811,CIEL,"129218"
Pregnancy problem,8242,CIEL,"129230"
Pre-existing hypertension complicating pregnancy and childbirth,4098,CIEL,"129240"
Preeclampsia,4103,CIEL,"129251"
Precipitate labor,3972,CIEL,"129264"
Posttraumatic wound infection,4481,CIEL,"129285"
Gastroesophageal reflux,4848,CIEL,"1293"
Postpartum state,5087,CIEL,"129317"
Postpartum depression,7389,CIEL,"129325"
Post-term infant,6913,CIEL,"129372"
Cryptococcal meningitis,4699,CIEL,"1294"
Portal hypertension,4241,CIEL,"129484"
COPD,4421,CIEL,"1295"
Polyuria,1478,CIEL,"129510"
Endometrial polyp,4005,CIEL,"129537"
Polyp of cervix,4032,CIEL,"129540"
Polyhydramnios,3971,CIEL,"129559"
Polydactyly,5357,CIEL,"129566"
Polycystic ovaries,3994,CIEL,"129569"
Polyarteritis nodosa,4977,CIEL,"129574"
Direct bilirubin (mg/dL),2902,CIEL,"1297"
VLDL (mmol/L),3116,CIEL,"1298"
Amylase,6051,CIEL,"1299"
Puerperal sepsis,3800,CIEL,"130"
Equivocal,8317,CIEL,"1300"
Foetal aspiration pneumonitis,8486,CIEL,"130000"
Pneumocystosis pneumonia,3451,CIEL,"130021"
Pneumocystosis,4693,CIEL,"130022"
Plaque psoriasis,5040,CIEL,"130088"
Plantar fasciitis,8193,CIEL,"130093"
Detected,3067,CIEL,"1301"
Placental abruption,4097,CIEL,"130108"
Placental abnormality,3801,CIEL,"130109"
Placenta percreta,6841,CIEL,"130123"
Placenta increta,6839,CIEL,"130128"
Placenta accreta,6840,CIEL,"130135"
Pityriasis versicolor,4720,CIEL,"130149"
Pityriasis rubra pilaire,4938,CIEL,"130151"
Pityriasis rosea,4936,CIEL,"130152"
Pityriasis Alba,5038,CIEL,"130155"
Pitting edema,4738,CIEL,"130166"
Piriformis syndrome,8200,CIEL,"130172"
Pins and needles,8697,CIEL,"130182"
Not detected,3068,CIEL,"1302"
Pica,7514,CIEL,"130220"
Physiologically young for age,4328,CIEL,"130225"
Pharyngolaryngitis,4919,CIEL,"130304"
Phantom Limb Syndrome,4349,CIEL,"130314"
Persistent vomiting,1243,CIEL,"130334"
Persistent fetal circulation,4294,CIEL,"130368"
Peroneal nerve injury,4477,CIEL,"130376"
Peritoneal Adhesion,5182,CIEL,"130392"
Poor sample quality,452,CIEL,"1304"
Peripheral edema,1539,CIEL,"130428"
Perioral dermatitis,5037,CIEL,"130461"
"HIV viral load, qualitative",3141,CIEL,"1305"
Perinatal gastrointestinal haemorrhage,4275,CIEL,"130517"
Perinatal cutaneous haemorrhage,4254,CIEL,"130520"
Pericardial effusion,4162,CIEL,"130562"
Perforation Of Tympanic Membrane,4743,CIEL,"130578"
Perforation of intestine,5251,CIEL,"130580"
Beyond detectable limit,3140,CIEL,"1306"
Pemphigus Vulgaris,5011,CIEL,"130623"
Pemphigus foliaceus,5007,CIEL,"130625"
Pelvic Abscess,4083,CIEL,"130651"
Pellagra,7827,CIEL,"130654"
Pedophilia,7638,CIEL,"130665"
Mean platelet volume,6367,CIEL,"1307"
Patent foramen ovale,4415,CIEL,"130714"
Patent ductus arteriosus,4398,CIEL,"130715"
Patellar tendonitis,8196,CIEL,"130716"
Hypodontia,4647,CIEL,"130765"
Paroxysmal nocturnal dyspnea,4431,CIEL,"130783"
Parotid Swelling,4811,CIEL,"130792"
Parkinson's disease,8078,CIEL,"130795"
Parkinsonism due to drug,7785,CIEL,"130796"
Plateletcrit,6365,CIEL,"1308"
Paraplegic immobility syndrome,8184,CIEL,"130842"
Paraplegia,1499,CIEL,"130843"
Paraphilia,7644,CIEL,"130846"
Paranoid personality disorder,7671,CIEL,"130852"
Paranoid delusion,6014,CIEL,"130853"
Paraneoplastic syndrome,8230,CIEL,"130855"
Paralytic Stroke,4740,CIEL,"130864"
Paralytic Ileus,5165,CIEL,"130867"
Platelet distribution width,6368,CIEL,"1309"
Panic disorder,4627,CIEL,"130966"
Panic attack,4209,CIEL,"130967"
CD3%,8282,CIEL,"1310"
Mastodynia,4002,CIEL,"131021"
Testicular pain,8689,CIEL,"131030"
Pain in pelvis,6852,CIEL,"131034"
Pain in Limb,4383,CIEL,"131036"
<1:2,8327,CIEL,"1311"
"1:2",8329,CIEL,"1312"
"1:4",8326,CIEL,"1313"
"1:8",8323,CIEL,"1314"
"1:16",8324,CIEL,"1315"
Obstructed labor,4078,CIEL,"131518"
"1:32",8325,CIEL,"1316"
Otalgia,4866,CIEL,"131602"
Osteoarthritis of knee,4356,CIEL,"131651"
Orthopnea,1512,CIEL,"131689"
Oropharyngeal Dysphagia,4370,CIEL,"131694"
>1:32,8322,CIEL,"1317"
Oppositional defiant disorder,7550,CIEL,"131765"
Opioid intoxication,6750,CIEL,"131781"
Ophiasis,4946,CIEL,"131791"
Open Wound of Wrist,5293,CIEL,"131804"
Open Wound of Upper Arm,5260,CIEL,"131818"
Open Wound of Shoulder Region,5150,CIEL,"131856"
Open wound of scapular region,4448,CIEL,"131865"
Open Wound of Scalp,5154,CIEL,"131868"
Open Wound of Neck,5146,CIEL,"131890"
Open Wound of Lower Leg,5196,CIEL,"131925"
Open Wound of Head,5236,CIEL,"131958"
Open Wound of Forearm,5315,CIEL,"131977"
Open Wound of Foot,4510,CIEL,"131984"
Hepatitis B test - qualitative,3216,CIEL,"1322"
Open fracture,1223,CIEL,"132338"
Fungal nail infection,3466,CIEL,"132387"
Onycholysis,4966,CIEL,"132390"
Onychogryposis,4959,CIEL,"132391"
Omphalitis of the newborn,4268,CIEL,"132407"
Oligohydramnios,4113,CIEL,"132425"
Olfactory hallucinations,6104,CIEL,"132427"
Occupational lung disease,6855,CIEL,"132486"
Hepatitis C antibody test - qualitative,3160,CIEL,"1325"
Obsessive-compulsive disorder,4585,CIEL,"132611"
Obsessive-compulsive personality disorder,7675,CIEL,"132612"
Transverse Lie,3924,CIEL,"132623"
Nutritional marasmus,4815,CIEL,"132636"
Numbness of foot,6610,CIEL,"132653"
Normal pregnancy,6842,CIEL,"132678"
Reticulocytes (%),3021,CIEL,"1327"
Non-traumatic subdural hemorrhage,4195,CIEL,"132766"
Atypical lymphocyte %,8384,CIEL,"1328"
Non-Toxic Multinodular Goiter,5295,CIEL,"132805"
Non-rheumatic heart valve disorder,6645,CIEL,"132816"
Nonparalytic stroke,4755,CIEL,"132827"
Immature cell %,8386,CIEL,"1329"
Noisy respiration,1457,CIEL,"132975"
Absolute Neutrophil Count,3015,CIEL,"1330"
Nocardiosis,5018,CIEL,"133007"
No Pathologic Diagnosis,4813,CIEL,"133010"
Night sweats,3418,CIEL,"133027"
Neurotoxicity,8180,CIEL,"133073"
Neuroleptic-induced Parkinsonism,7773,CIEL,"133093"
Neuroleptic malignant syndrome,7774,CIEL,"133097"
Absolute Monocyte Count,3104,CIEL,"1331"
Neuralgia,4354,CIEL,"133126"
Absolute Eosinophil Count,3103,CIEL,"1332"
Neoplasm of uterus,4068,CIEL,"133206"
Absolute Basophil Count,3102,CIEL,"1333"
Neoplasm of lung,4928,CIEL,"133328"
Neonatal necrotising enterocolitis,8490,CIEL,"133385"
Neonatal Jaundice Associated with Preterm Delivery,4337,CIEL,"133391"
Infection of newborn,4265,CIEL,"133393"
Absolute atypical lymphocyte count,8387,CIEL,"1334"
Neonatal conjunctivitis,4267,CIEL,"133414"
Neonatal candidiasis,4257,CIEL,"133418"
Neonatal anemia,8487,CIEL,"133423"
Neglect of One Side of Body,8232,CIEL,"133435"
Negativism,6015,CIEL,"133436"
Necrotizing fasciitis,5224,CIEL,"133443"
Necrobiosis lipoidica,5045,CIEL,"133461"
Neck swelling,6355,CIEL,"133467"
Neck sprain,4357,CIEL,"133468"
Neck pain,4148,CIEL,"133469"
Nausea and vomiting,4923,CIEL,"133473"
Absolute immature cell count,8385,CIEL,"1335"
Muscle pain,1587,CIEL,"133632"
Generalised multiple sclerosis,8167,CIEL,"133687"
Multiple Myeloma,5133,CIEL,"133709"
Mucus in Stool,3040,CIEL,"133792"
Morphea,5041,CIEL,"133947"
Morbid Obesity,6305,CIEL,"133952"
Bipolar disorder caused by a medical condition with manic features,7419,CIEL,"133958"
Mononeuropathy,4373,CIEL,"133972"
Molar pregnancy,6039,CIEL,"134006"
Moderate intellectual disability,7404,CIEL,"134015"
"Moderate major depression, single episode",7433,CIEL,"134016"
Moderate persistent asthma,593,CIEL,"134026"
Mixed receptive-expressive language disorder,4362,CIEL,"134034"
Mixed anxiety and depressive disorder,7440,CIEL,"134079"
Mitral valve stenosis,468,CIEL,"134082"
Mitral stenosis with insufficiency,6664,CIEL,"134084"
Mitral and aortic valve disease,6640,CIEL,"134088"
Miliaria Crystallina,4980,CIEL,"134132"
"Mild major depression, single episode",7432,CIEL,"134147"
Mild depressed bipolar I disorder,7742,CIEL,"134156"
Mild intermittent asthma,4418,CIEL,"134161"
Microcephalus,4344,CIEL,"134213"
Metatarsalgia,8189,CIEL,"134242"
Metabolic encephalopathy,8179,CIEL,"134267"
Mesiodens,4652,CIEL,"134292"
Middle Upper Arm Circumference (cm),1190,CIEL,"1343"
Mental disorder,6468,CIEL,"134337"
Menopause,6275,CIEL,"134346"
Menopausal flushing,8699,CIEL,"134349"
Melaena,5228,CIEL,"134394"
Meckel's Diverticulum,5267,CIEL,"134495"
Mechanical low back pain,8209,CIEL,"134502"
Measles,1741,CIEL,"134561"
Mayaro Fever,4821,CIEL,"134567"
Postpartum malaria,7391,CIEL,"134592"
Malaria in pregnancy,6919,CIEL,"134594"
Maternal death,65,CIEL,"134612"
Marital problems,7781,CIEL,"134660"
Marburg hemorrhagic fever,7812,CIEL,"134678"
Manic episode,4611,CIEL,"134696"
Moderate malnutrition,3474,CIEL,"134722"
Malignant tumor of vulva,3999,CIEL,"134734"
Malignant tumor of vertebral column,4575,CIEL,"134736"
Malignant tumor of trachea,5138,CIEL,"134753"
Malignant neoplasm of thyroid gland,5123,CIEL,"134756"
Malignant neoplasm of testis,5127,CIEL,"134759"
Malignant tumor of scrotum,4325,CIEL,"134778"
Malignant tumor of rectum,5094,CIEL,"134785"
Malignant tumor of prostate,4869,CIEL,"134788"
Malignant tumor of penis,5098,CIEL,"134800"
Malignant tumor of parotid gland,5131,CIEL,"134802"
Malignant tumor of parathyroid gland,5117,CIEL,"134804"
Malignant tumor of ovary,4015,CIEL,"134807"
Malignant tumor of laryngeal cartilage,5124,CIEL,"134829"
Malignant tumor of intestine,4837,CIEL,"134838"
Malignant tumor of gallbladder,5125,CIEL,"134848"
Malignant tumor of base of tongue,5129,CIEL,"134888"
Malignant neoplasm of anus,5128,CIEL,"134892"
Malignant tumor of adrenal gland,5118,CIEL,"134902"
Malignant Neoplasm of Nervous System,5097,CIEL,"135092"
Malignant Neoplasm of Long Bones of Leg,4543,CIEL,"135117"
Malignant neoplasm of liver and intrahepatic bile ducts,5108,CIEL,"135118"
Malignant Neoplasm of Humerus,4461,CIEL,"135134"
Malignant Neoplasm of Bartholin's Gland,4063,CIEL,"135141"
"Malignant Neoplasm of Auditory Tube, Middle Ear and Mastoid Air Cells",5130,CIEL,"135225"
Male pattern alopecia,5008,CIEL,"135349"
Malaria complicating pregnancy,4018,CIEL,"135361"
"Major depressive disorder, single episode with atypical features",7441,CIEL,"135380"
Macerated stillbirth,6226,CIEL,"135436"
Macerated fetus,5548,CIEL,"135437"
Symptomatic lymphoid interstitial pneumonia,3478,CIEL,"135458"
Lymphogranuloma venereum,4009,CIEL,"135462"
Lymphedema,4239,CIEL,"135480"
Lymphangioma,5194,CIEL,"135486"
Lymphadenopathy,1513,CIEL,"135488"
"Lyell's Toxic Epidermal Necrolysis, Subepidermal Type",5030,CIEL,"135498"
Lumbar Sprain,4386,CIEL,"135532"
Loss of Voice,4358,CIEL,"135585"
Loss of taste,5070,CIEL,"135588"
Loss of sense of smell,5074,CIEL,"135589"
Loss of consciousness,5420,CIEL,"135592"
Anorexia,4602,CIEL,"135595"
Loose Stool,3050,CIEL,"135603"
Wound infection,8108,CIEL,"135688"
Condom use,3517,CIEL,"1357"
Hepatocarcinoma,6744,CIEL,"135721"
Listeriosis,4047,CIEL,"135728"
Lipodystrophy,4789,CIEL,"135761"
Lipid Proteinosis,7834,CIEL,"135768"
Linear Morphoea,5016,CIEL,"135778"
Light and infrequent menstruation,3886,CIEL,"135795"
Always,3515,CIEL,"1358"
Lichen Striatus,4955,CIEL,"135809"
Lichen Simplex Chronicus,5028,CIEL,"135811"
Lichen Planus,5006,CIEL,"135813"
Lichen Planopilaris,4945,CIEL,"135814"
Lichen Nitidus,5054,CIEL,"135815"
Leukorrhea,4799,CIEL,"135830"
Leukoplakia of tongue,4639,CIEL,"135834"
Lesion of brain,4856,CIEL,"135886"
Lepromatous Leprosy,5022,CIEL,"135898"
Leg length inequality,4537,CIEL,"135968"
Left ventricular hypertrophy,555,CIEL,"135971"
Left ventricular dilatation,5616,CIEL,"135972"
Lateral epicondylitis,8217,CIEL,"136008"
Positive serological reaction for syphilis,7951,CIEL,"136014"
Laboratory results,3347,CIEL,"1361"
Lassa Fever,5384,CIEL,"136116"
Large Plaque Parapsoriasis,4979,CIEL,"136135"
Lactic acidosis,4905,CIEL,"136162"
Lactational amenorrhea,1667,CIEL,"136163"
"1+",1624,CIEL,"1362"
Knee Pain,4350,CIEL,"136245"
Kleptomania,7545,CIEL,"136254"
Kernicterus of newborn,4253,CIEL,"136281"
++,1622,CIEL,"1363"
Keloid,5003,CIEL,"136308"
Jugular venous distension,6567,CIEL,"136394"
+++,1623,CIEL,"1364"
Jaundice,1518,CIEL,"136443"
Isosporiasis,4696,CIEL,"136458"
++++,2954,CIEL,"1365"
Irregular heartbeat,1535,CIEL,"136522"
Intussusception of Intestine,5240,CIEL,"136572"
Intravascular hemolysis,6891,CIEL,"136586"
Intrauterine synechiae,3965,CIEL,"136587"
Intrapartum hemorrhage,5564,CIEL,"136601"
Intraoperative death,2841,CIEL,"136602"
Intracranial injury,5231,CIEL,"136643"
Heat intolerance,8679,CIEL,"136669"
Cold intolerance,8678,CIEL,"136670"
Intestinal Volvulus,5352,CIEL,"136674"
Intestinal Adhesions with Obstruction,5273,CIEL,"136701"
Other intra-thoracic injury,4167,CIEL,"136729"
Intermittent explosive disorder,7549,CIEL,"136746"
Irregular intermenstrual bleeding,4066,CIEL,"136758"
Intercostal recession,1464,CIEL,"136768"
Insufficient weight gain of pregnancy,8399,CIEL,"136784"
"Stool for ova and cysts, qualitative",8357,CIEL,"1368"
Injury of ulnar artery,4558,CIEL,"136870"
Rotator cuff injury,4519,CIEL,"136883"
Injury of radial artery,4439,CIEL,"136923"
"Spinal cord injury, thoracic region",4503,CIEL,"136951"
Injury of lumbar nerve roots,4528,CIEL,"136979"
Injury of cauda equina,4574,CIEL,"137051"
Injury of Brachial Plexus,5290,CIEL,"137059"
Injury of axillary nerve,4513,CIEL,"137071"
Other intra-abdominal injury,4188,CIEL,"137089"
Inhibited female orgasm,7540,CIEL,"137131"
Inguinal lymphadenopathy,1470,CIEL,"137155"
Ingrowing Nail,5275,CIEL,"137159"
Pediculosis,5049,CIEL,"137213"
Infestation by Fly Larvae,4992,CIEL,"137225"
Infertile,4879,CIEL,"137251"
Infection of amniotic cavity,3997,CIEL,"137298"
"Infection following infusion, injection, transfusion and/or vaccination",6542,CIEL,"137300"
Infection due to Mycobacterium Avium,4682,CIEL,"137317"
Infection due to Entamoeba Histolytica,3044,CIEL,"137329"
Onchocerciasis,5391,CIEL,"137393"
Infection by Ascaris Lumbricoides,3039,CIEL,"137504"
Infantile cerebral palsy,8169,CIEL,"137554"
Infantile Autism,4366,CIEL,"137557"
Indeterminate Leprosy,5034,CIEL,"137577"
Increased frequency of urination,8686,CIEL,"137593"
Incomplete Uterovaginal Prolapse,5172,CIEL,"137607"
Incoherent Speech,1230,CIEL,"137646"
Incised wound,8109,CIEL,"137655"
Inappropriate behavior,4623,CIEL,"137668"
Latent tuberculosis,3772,CIEL,"137675"
Impetigo,4767,CIEL,"137693"
Imperforate hymen,4058,CIEL,"137699"
Ambulance,6903,CIEL,"1377"
Impacted tooth,4634,CIEL,"137757"
Illness,3258,CIEL,"137793"
Idiopathic scoliosis,4435,CIEL,"137880"
Idiopathic aplastic anemia,4231,CIEL,"137932"
IDDM with Peripheral Circulatory Disorder,5215,CIEL,"137941"
Hypothermia of newborn,4306,CIEL,"137998"
Nutrition counseling,3900,CIEL,"1380"
Hypospadias,5199,CIEL,"138010"
Hypochondriasis,7513,CIEL,"138075"
Hypervolemic,490,CIEL,"138099"
Hypertrophy of Tonsils and Adenoids,5167,CIEL,"138119"
Hypertrophy of Tonsils,5219,CIEL,"138120"
Hypertrophy of Breast,5220,CIEL,"138138"
Bony Exostosis,5309,CIEL,"138140"
Hypertrophy of bone,5317,CIEL,"138141"
Hypertrophy of adenoids,5306,CIEL,"138144"
Hypertrophic Scar,5180,CIEL,"138147"
Hypertrophic obstructive cardiomyopathy,4420,CIEL,"138152"
Hypertrophic Lichen Planus,5024,CIEL,"138154"
Hypertrichosis,4988,CIEL,"138166"
Hyperthermia in newborn,8489,CIEL,"138179"
Hypertensive encephalopathy,4200,CIEL,"138197"
Family planning counseling,3490,CIEL,"1382"
Hyperkeratosis Follicularis in Cutem Penetrans,4975,CIEL,"138277"
Hyperglycemia,588,CIEL,"138291"
Classical hydatidiform mole,4085,CIEL,"138387"
Huntington's chorea,7652,CIEL,"138394"
Mpox,7920,CIEL,"138403"
HIV disease,4748,CIEL,"138405"
Hordeolum,5341,CIEL,"138434"
Sometimes,3516,CIEL,"1385"
HIV positive,7950,CIEL,"138571"
Hirsutism,5059,CIEL,"138603"
Hirschsprung's Disease,5300,CIEL,"138605"
Hidradenitis suppurativa,4937,CIEL,"138660"
Herpesvirus infection,4908,CIEL,"138688"
Herpes simplex,3441,CIEL,"138706"
Hereditary and idiopathic peripheral neuropathy,1484,CIEL,"138801"
Hepatic encephalopathy,4214,CIEL,"138834"
Hemorrhoids,4788,CIEL,"138849"
Bloody diarrhea,4886,CIEL,"138868"
History of tuberculosis,3725,CIEL,"1389"
Hemoptysis,4793,CIEL,"138905"
Hemophilia A,4899,CIEL,"138911"
Hemiparesis,4185,CIEL,"138961"
Haematosalpinx,4121,CIEL,"138977"
Presenting history,32,CIEL,"1390"
Hematemesis and/or melena due to swallowed maternal blood,4282,CIEL,"139005"
Hematemesis,1244,CIEL,"139006"
Heartburn,4711,CIEL,"139059"
Heart failure,503,CIEL,"139069"
Heart disease,1765,CIEL,"139071"
Hearing disorder,8521,CIEL,"139075"
Severe headache,4708,CIEL,"139081"
Headache,1399,CIEL,"139084"
Physical examination (text),1609,CIEL,"1391"
Hallucinations,4592,CIEL,"139146"
Radiology results,6299,CIEL,"1392"
Guillain-Barré syndrome,4367,CIEL,"139233"
Grief,4601,CIEL,"139251"
Granuloma inguinale,3992,CIEL,"139277"
Granuloma Annulare,4996,CIEL,"139280"
Grandiose delusion disorder,6115,CIEL,"139290"
Tourette's syndrome,7800,CIEL,"139448"
Gestational trophoblastic neoplasm,3987,CIEL,"139477"
Congenital rubella syndrome,4029,CIEL,"139479"
Term birth of newborn,1728,CIEL,"1395"
Genitourinary tract infection in pregnancy,4084,CIEL,"139502"
Ischemic cardiomyopathy,4219,CIEL,"139529"
Generalized anxiety disorder,4598,CIEL,"139545"
Gender identity disorder of childhood,7558,CIEL,"139553"
Gender identity disorder of adulthood,7556,CIEL,"139557"
Gender identity disorder of adolescence,7557,CIEL,"139561"
Gastroschisis,5174,CIEL,"139569"
GI upset,1395,CIEL,"139581"
Gastrointestinal hemorrhage,1247,CIEL,"139582"
Mother's HIV status,3274,CIEL,"1396"
Vaginitis due to Gardnerella Vaginalis,6848,CIEL,"139633"
Ganglion of Tendon Sheath,5185,CIEL,"139653"
Father's HIV status,3655,CIEL,"1397"
Fungal esophagitis,4880,CIEL,"139739"
Frotteurism,7641,CIEL,"139784"
Frank breech presentation,3877,CIEL,"139814"
Fracture tibial plateau,8152,CIEL,"139823"
Fracture of shaft of humerus,8159,CIEL,"139844"
Fracture of shaft of femur,4581,CIEL,"139845"
Fracture of pubis,4500,CIEL,"139850"
Fracture of proximal end of radius,4557,CIEL,"139851"
Fracture of phalanx of thumb,4470,CIEL,"139853"
Fracture of phalanx of finger,8155,CIEL,"139854"
Fracture of orbit,8163,CIEL,"139856"
Fracture of navicular bone of wrist,4521,CIEL,"139859"
Fracture of Mandible,4530,CIEL,"139865"
Fracture of lower leg,5320,CIEL,"139871"
Fracture of ilium,4437,CIEL,"139876"
Facial fractures,4179,CIEL,"139884"
Fracture of distal end of radius and ulna,4465,CIEL,"139887"
Fracture of carpal bone,4476,CIEL,"139890"
Fracture of calcaneus,4440,CIEL,"139892"
Closed fracture,1222,CIEL,"139899"
Fracture of acetabulum,4527,CIEL,"139905"
Fox-Fordyce Disease,5026,CIEL,"139906"
Foreign Body in Genitourinary Tract,5252,CIEL,"139960"
Foreign body in ear,5192,CIEL,"139962"
Foreign Body in Digestive Tract,5230,CIEL,"139963"
Foreign body granuloma of skin,5145,CIEL,"139972"
Foot-Drop,4554,CIEL,"139981"
Follicular Cyst of Ovary,4069,CIEL,"140012"
Flushing,1400,CIEL,"140039"
Floppy infant syndrome,1214,CIEL,"140054"
Fixed drug eruption,7820,CIEL,"140080"
Fistula of Intestine,5166,CIEL,"140093"
Pediatric HIV status,3549,CIEL,"1401"
Cracked nipple,5979,CIEL,"140103"
Elevated blood pressure,632,CIEL,"140147"
Family history of cardiovascular disease,6559,CIEL,"140231"
Fever with chills,4809,CIEL,"140237"
Fever,232,CIEL,"140238"
Fetishism,7637,CIEL,"140353"
Fetal and neonatal haemorrhage,7879,CIEL,"140368"
Fetal death,4104,CIEL,"140399"
Fetal cephalhematoma,4315,CIEL,"140402"
Female Urethrocele without Uterine Prolapse,5307,CIEL,"140429"
Female sexual arousal disorder,7539,CIEL,"140432"
Female Pelvic Peritoneal Adhesions,4119,CIEL,"140439"
Feeding problem,4292,CIEL,"140476"
"HIV Exposed, status indeterminate",3546,CIEL,"1405"
Fatigue,262,CIEL,"140501"
Fat Necrosis of Breast,5186,CIEL,"140507"
Fat embolism as early complication of trauma,4541,CIEL,"140509"
Family history of mental disorder,1052,CIEL,"140526"
False labor,3968,CIEL,"140608"
Low,1032,CIEL,"1407"
Poor weight gain,4892,CIEL,"140707"
Failure of exfoliation of primary tooth,4645,CIEL,"140721"
Failure of Cervical Dilation,4106,CIEL,"140722"
High,1033,CIEL,"1408"
Gestational age at birth (weeks),3340,CIEL,"1409"
Exhibitionism,7642,CIEL,"140920"
Excoriated acne,4967,CIEL,"140931"
Excessive weight loss,3417,CIEL,"140936"
Excessive thirst,4847,CIEL,"140939"
Excessive and frequent menstruation,3885,CIEL,"140947"
Fetal macrosomia,5542,CIEL,"140951"
Essential hypertension,6150,CIEL,"140987"
Typhoid fever,4698,CIEL,"141"
Vaccination date,163,CIEL,"1410"
Esophageal Dysphagia,4368,CIEL,"141002"
Erythrasma,4942,CIEL,"141040"
Erythema Nodosum,5021,CIEL,"141049"
Erythema multiforme,4948,CIEL,"141053"
Erysipelas,4983,CIEL,"141064"
Epigastric pain,1565,CIEL,"141128"
Epidermoid cyst,4935,CIEL,"141149"
Ephelides,4953,CIEL,"141164"
Enteroviral vesicular stomatitis with exanthem,4957,CIEL,"141204"
Endocervical adenocarcinoma,7061,CIEL,"141291"
Encopresis,7506,CIEL,"141309"
Emphysema,6413,CIEL,"141342"
Embedded Teeth,4636,CIEL,"141388"
Elastosis Perforans Serpiginosa,4998,CIEL,"141420"
Eczema Herpeticum,5015,CIEL,"141488"
Postpartum eclampsia,7392,CIEL,"141540"
Ebstein's Anomaly,4429,CIEL,"141563"
Earache symptoms,4764,CIEL,"141584"
Dystrophia Unguium,4940,CIEL,"141592"
Labor dystocia,4059,CIEL,"141596"
Dyssomnia,261,CIEL,"141597"
Dyspnea on exertion,4401,CIEL,"141599"
Shortness of breath,5071,CIEL,"141600"
Dysplasia of vulva,4012,CIEL,"141603"
Dyspareunia,7538,CIEL,"141615"
Dysfunctional uterine bleeding,6845,CIEL,"141631"
Dysaesthesia,4728,CIEL,"141635"
Dysarthria,4355,CIEL,"141645"
Duodenitis,4872,CIEL,"141664"
Drug-induced depressive state,7428,CIEL,"141732"
Drug-induced dementia,7851,CIEL,"141733"
Drug-induced delirium,7850,CIEL,"141734"
Drowsiness,1232,CIEL,"141762"
Double Outlet Right Ventricle,4414,CIEL,"141788"
Vaccination sequence number,164,CIEL,"1418"
Domestic abuse,5386,CIEL,"141815"
Dizziness and giddiness,4732,CIEL,"141830"
Dizziness,8698,CIEL,"141831"
Disturbance of tooth formation,4674,CIEL,"141859"
Vaccine manufacturer,5624,CIEL,"1419"
Vaccine lot number,5623,CIEL,"1420"
Disorder of placenta,4001,CIEL,"142015"
Disease of lip,4651,CIEL,"142057"
Immunization history,165,CIEL,"1421"
Dislocation of Wrist,5353,CIEL,"142141"
Dislocation of Tooth,5313,CIEL,"142142"
Dislocation of Knee,5286,CIEL,"142153"
Dislocation of Jaw,5277,CIEL,"142158"
Dislocation of finger,4144,CIEL,"142162"
Dislocation of ankle,4150,CIEL,"142165"
Dislocation of acromioclavicular joint,4446,CIEL,"142166"
Disease suspected,3428,CIEL,"142177"
"Polio vaccination, inactivated",7873,CIEL,"1422"
Discoid lupus erythematosus,4971,CIEL,"142240"
Penile discharge,8688,CIEL,"142247"
Discharge from nipple,8700,CIEL,"142248"
Pentavalent pneumovax,168,CIEL,"1423"
Alcohol-related cardiomyopathy,4135,CIEL,"142317"
Difficulty Sleeping,1040,CIEL,"142371"
Difficulty breathing,1241,CIEL,"142373"
Diastolic murmur,1575,CIEL,"142401"
Diarrhea,236,CIEL,"142412"
Diaphragmatic Hernia,5247,CIEL,"142420"
Diabetic retinopathy,6326,CIEL,"142429"
Diabetic foot,4713,CIEL,"142452"
Diabetic coma with ketoacidosis,6328,CIEL,"142454"
Diabetes with hyperosmolar coma,6404,CIEL,"142460"
Type 2 diabetes,586,CIEL,"142473"
Type 1 diabetes,585,CIEL,"142474"
Developmental coordination disorder,7799,CIEL,"142503"
Developmental arithmetic disorder,7397,CIEL,"142505"
Developmental abnormality of tooth size and form,4666,CIEL,"142508"
Conduct disorder,4593,CIEL,"142513"
Dermoid cyst of brain,8161,CIEL,"142526"
Dermatographic Urticaria,5029,CIEL,"142536"
Dermatitis Factitia,5005,CIEL,"142541"
Depersonalization disorder,7521,CIEL,"142567"
Dependent personality disorder,7673,CIEL,"142569"
Dentinogenesis imperfecta,4660,CIEL,"142575"
Dental Fluorosis,4644,CIEL,"142584"
Dental abscess,8110,CIEL,"142587"
Dengue hemorrhagic fever,4818,CIEL,"142591"
Dengue,4852,CIEL,"142592"
Intentional pregnancy,5766,CIEL,"1426"
Delusions,5647,CIEL,"142600"
Delayed milestone,4263,CIEL,"142616"
Dehydration,4784,CIEL,"142630"
Degeneration of Lumbosacral Intervertebral Disc,4369,CIEL,"142660"
Degeneration of Lumbar Intervertebral Disc,4384,CIEL,"142661"
Deformity of pelvis,5596,CIEL,"142672"
Date of last menstrual period,3569,CIEL,"1427"
STI treatment date,3617,CIEL,"1428"
Deep retinal hemorrhage,6416,CIEL,"142820"
Death during hospitalization,6987,CIEL,"142919"
Dead on arrival,1164,CIEL,"142934"
Dactylitis,4910,CIEL,"142954"
Cytomegalovirus infection,4683,CIEL,"142963"
Cytomegaloviral Retinitis,4800,CIEL,"142965"
Cystocele,5189,CIEL,"142974"
Cyst of Pancreas,5350,CIEL,"143009"
Bartholin's cyst,4123,CIEL,"143029"
Pilonidal Cyst,5334,CIEL,"143033"
Cyanotic congenital heart disease,6622,CIEL,"143049"
Cyanosis,1520,CIEL,"143050"
Cutaneous lupus erythematosus,7829,CIEL,"143073"
Cryptogenic cirrhosis,6719,CIEL,"143118"
Crushing Injury of Wrist,5233,CIEL,"143133"
Crushing Injury of Toe,5262,CIEL,"143136"
Crushing Injury of Thigh,5340,CIEL,"143137"
Crushing Injury of Shoulder Region,5329,CIEL,"143140"
Crushing Injury of Neck,5149,CIEL,"143145"
Crushing Injury of Lower Leg,5256,CIEL,"143151"
Crushing Injury of Knee,5348,CIEL,"143153"
Crushing Injury of Hip,5170,CIEL,"143155"
Crushing Injury of Forearm,5151,CIEL,"143158"
Crushing Injury of Finger,5176,CIEL,"143160"
Crushing Injury of Ankle,5333,CIEL,"143170"
CREST Syndrome,4947,CIEL,"143217"
Cough,1392,CIEL,"143264"
Cotton wool spots,6418,CIEL,"143265"
Corpus Luteum Cyst,5285,CIEL,"143317"
Corns and Callus,5017,CIEL,"143336"
Corneal abrasion,4145,CIEL,"143367"
Cord around neck with compression,3993,CIEL,"143378"
Isolated right heart failure,4125,CIEL,"143381"
Coordination problem,8175,CIEL,"143386"
Convulsions in the newborn,4317,CIEL,"143388"
Patient pregnant,383,CIEL,"1434"
Constantly crying,1215,CIEL,"143582"
HIV status of partner,3520,CIEL,"1436"
Dilated cardiomyopathy,4236,CIEL,"143624"
Congenital syphilis (infant under 1 year old),4801,CIEL,"143672"
Congenital Pyloric Stenosis,5261,CIEL,"143749"
Congenital pneumonia,4332,CIEL,"143772"
Congenital Pes Cavus,4493,CIEL,"143780"
Number of weeks pregnant,6866,CIEL,"1438"
Congenital malformation,1663,CIEL,"143849"
Congenital malaria,8496,CIEL,"143850"
Fundal height,3809,CIEL,"1439"
Fetal heart rate,3897,CIEL,"1440"
Multiple congenital anomalies,4250,CIEL,"144025"
Congenital deafness,7927,CIEL,"144053"
Congenital blindness,7928,CIEL,"144111"
Dispensing construct,1386,CIEL,"1442"
Congenital anomaly of liver,4410,CIEL,"144223"
"Congenital Absence, Atresia and Stenosis of Small Intestine",5246,CIEL,"144283"
"Congenital Absence, Atresia and Stenosis of Large Intestine",5207,CIEL,"144284"
Quantity of medication dispensed,1346,CIEL,"1443"
Condyloma Latum,5047,CIEL,"144394"
"Conduct disorder, undifferentiated type",7544,CIEL,"144397"
Medication strength,3371,CIEL,"1444"
Concussion,4212,CIEL,"144409"
Compulsive gambling,7731,CIEL,"144422"
Compression fracture of vertebral column,8162,CIEL,"144431"
Compound presentation,3879,CIEL,"144433"
Vaccination complication,7921,CIEL,"144466"
Trisomy 21,4339,CIEL,"144481"
Communication disorder unspecified,7400,CIEL,"144542"
Coma,6359,CIEL,"144576"
Colostomy and Enterostomy Malfunction,5291,CIEL,"144578"
Cocaine-induced mental and behavior disorder,4630,CIEL,"144651"
Cocaine abuse,1066,CIEL,"144661"
Coarctation of aorta,6946,CIEL,"144674"
Artemether and Lumefantrine,2282,CIEL,"1447"
Fracture neck of femur,4488,CIEL,"144864"
Gestational diabetes,587,CIEL,"1449"
Clonic Seizure,1077,CIEL,"145044"
Clinical infection,4117,CIEL,"145047"
Cleft palate,5198,CIEL,"145063"
Cleft lip,5245,CIEL,"145066"
Cirrhosis of liver,4222,CIEL,"145091"
Circumcised foreskin,8471,CIEL,"145096"
Chronic Urticaria,5055,CIEL,"145136"
Chronic Tonsillitis,5257,CIEL,"145162"
No fetal movements,7241,CIEL,"1452"
Chronic Periodontitis,4659,CIEL,"145223"
Chronic nonspecific lung disease,6856,CIEL,"145270"
Chronic myeloid leukemia,5122,CIEL,"145280"
Chronic motor or vocal tic disorder,7399,CIEL,"145283"
Chronic Hepatitis C,4912,CIEL,"145347"
Chronic Gingivitis,4661,CIEL,"145377"
Chronic kidney disease,4430,CIEL,"145438"
Chronic disease,363,CIEL,"145439"
Chronic diarrhea of unknown origin,4922,CIEL,"145443"
Chronic Cough,4845,CIEL,"145455"
Chronic Apical Periodontitis,4676,CIEL,"145491"
Chromomycosis,4956,CIEL,"145523"
Chorioamnionitis,3804,CIEL,"145548"
Cholinergic Angio-Oedema-Urticaria,5023,CIEL,"145600"
Cholelithiasis,5280,CIEL,"145625"
Chloasma,5057,CIEL,"145659"
Chilblains,5067,CIEL,"145696"
Chemical burn,1237,CIEL,"145727"
Voice change,8680,CIEL,"145759"
Chancroid,4909,CIEL,"145762"
Caesarean wound disruption,5951,CIEL,"145776"
Cervico-occipital neuralgia,8100,CIEL,"145779"
Serum glucose (mmol/L),7854,CIEL,"1458"
Cervical lymphadenopathy,1472,CIEL,"145802"
Cervical laceration,4056,CIEL,"145804"
Papanicolaou Smear of Cervix with High Grade Squamous Intraepithelial Lesion (HGSIL),7007,CIEL,"145805"
Cervical Intraepithelial Neoplasia Grade 2,5115,CIEL,"145807"
"Abnormal Pap Smear, Low Grade Squamous Intraepithelial Lesion (LGSIL)",7011,CIEL,"145808"
Cervical Intraepithelial Neoplasia Grade 1,5359,CIEL,"145809"
ASCUS,6851,CIEL,"145822"
Cerebral malaria,4689,CIEL,"145851"
Cerebral arterial aneurysm,5599,CIEL,"145879"
Cephalopelvic disproportion,3798,CIEL,"145935"
Cellulitis of scalp,8502,CIEL,"145989"
AIDS meningoencephalitis,4691,CIEL,"1460"
Cauda equina syndrome,8165,CIEL,"146082"
Active not on ARVs,3335,CIEL,"1461"
Carpal tunnel syndrome,8213,CIEL,"146127"
Cardiogenic shock,4165,CIEL,"146166"
Cardiac complication,8244,CIEL,"146183"
Cardiac cirrhosis,6737,CIEL,"146184"
Cardiac Arrest,2840,CIEL,"146192"
Carcinoma in situ of uterine cervix,4105,CIEL,"146299"
Caput Succedaneum,7465,CIEL,"146475"
Cannabis-induced mental and behavior disorder,4590,CIEL,"146492"
Christianity,6465,CIEL,"146492"
Cannabis intoxication,7791,CIEL,"146497"
Cannabis abuse,1067,CIEL,"146504"
Genital candidiasis,1452,CIEL,"146512"
Candidiasis of the Esophagus,4702,CIEL,"146513"
Candidiasis of Skin,4961,CIEL,"146515"
Calcinosis Cutis,4968,CIEL,"146570"
Calcaneal spur,8191,CIEL,"146587"
Caffeine-related disorder,7789,CIEL,"146591"
Caffeine-induced disorder,7786,CIEL,"146593"
Cafe-Au-Lait Spots,4958,CIEL,"146596"
Focal neurological deficit,1496,CIEL,"1466"
Burn of Wrist(s) and Hand(s),5148,CIEL,"146636"
Diarrhea for less than one month,4777,CIEL,"1467"
Burkitt's Lymphoma (Clinical),5139,CIEL,"146825"
Bullous Pemphigoid,5025,CIEL,"146832"
Bulimia nervosa,7510,CIEL,"146847"
Brown-Sequard Syndrome,8164,CIEL,"146867"
Bronchopulmonary dysplasia of newborn,4261,CIEL,"146873"
Bromhidrosis,4949,CIEL,"146900"
Brief psychotic disorder,7387,CIEL,"146915"
Breech presentation,3876,CIEL,"146922"
Breast Lump,3980,CIEL,"146931"
Borderline Leprosy,4984,CIEL,"147056"
Bone pain,6753,CIEL,"147059"
Body temperature above normal,7471,CIEL,"147094"
Body dysmorphic disorder,7503,CIEL,"147101"
Blurred vision,7247,CIEL,"147104"
Blood transfusion reaction,7667,CIEL,"147119"
Abnormal blood glucose,6262,CIEL,"147125"
Tubal ligation,45,CIEL,"1472"
Bleeding Gums,4741,CIEL,"147230"
Vaginal bleeding,5423,CIEL,"147232"
Bleeding,266,CIEL,"147241"
Blastomycosis,5058,CIEL,"147243"
Birth trauma,6915,CIEL,"147277"
Bilateral Inguinal Hernia with Obstruction but no Gangrene,5253,CIEL,"147363"
Bilateral Inguinal Hernia with Gangrene,5304,CIEL,"147364"
Bilateral Inguinal Hernia,5310,CIEL,"147365"
Bilateral congenital dislocation of hip,4562,CIEL,"147375"
Number of people living in house,3608,CIEL,"1474"
Number of rooms (in house),3667,CIEL,"1475"
Benign Neoplasm of Uterine Cervix,4013,CIEL,"147593"
Benign neoplasm of thyroid gland,5244,CIEL,"147603"
Benign Neoplasm of Stomach,5227,CIEL,"147619"
Benign neoplasm of scrotum,4776,CIEL,"147669"
Benign Neoplasm of Parotid Gland,5184,CIEL,"147692"
Benign Neoplasm of Pancreas,5298,CIEL,"147699"
Benign neoplasm of ovary,5164,CIEL,"147708"
Benign Neoplasm of Liver,5365,CIEL,"147758"
Benign Neoplasm of Fallopian Tube,4089,CIEL,"147801"
Benign neoplasm of esophagus,5153,CIEL,"147805"
Benign Neoplasm of Colon,5175,CIEL,"147825"
Benign Neoplasm of Bone,5141,CIEL,"147845"
Benign Neoplasm of Anus,5281,CIEL,"147860"
Behcet's Syndrome,5043,CIEL,"147920"
Bartholinitis,1449,CIEL,"147967"
Bacterial vaginosis,3091,CIEL,"148002"
Bacterial gastroenteritis,4685,CIEL,"148023"
Bacillary Dysentery,4679,CIEL,"148036"
Axis V Diagnosis,6108,CIEL,"148052"
Axis IV Diagnosis,6111,CIEL,"148053"
Axis III Diagnosis,6112,CIEL,"148054"
Axis II Diagnosis,6109,CIEL,"148055"
Axis I Diagnosis,6110,CIEL,"148056"
Axillary lymphadenopathy,1471,CIEL,"148058"
Avoidant personality disorder,7674,CIEL,"148065"
Avian influenza,4844,CIEL,"148069"
Avascular necrosis of the head of femur,7218,CIEL,"148071"
Avascular necrosis of bone,6890,CIEL,"148074"
Auditory hallucinations,6101,CIEL,"148126"
Attempted suicide,4603,CIEL,"148143"
Atrial septal defect,4133,CIEL,"148196"
Atrial flutter,6565,CIEL,"148202"
Atrial fibrillation,554,CIEL,"148203"
Atonic Seizure,1078,CIEL,"148223"
Asthma night-time symptoms,634,CIEL,"148273"
Asterixis,4411,CIEL,"148276"
Asteatosis cutis,4991,CIEL,"148278"
Assault by Handgun,5218,CIEL,"148298"
Assault by Cutting and Piercing Instrument,5178,CIEL,"148303"
Ascites,1562,CIEL,"148346"
Ascariasis,5392,CIEL,"148353"
Arthritis,4754,CIEL,"148432"
Aortic valve regurgitation,4432,CIEL,"148546"
Anxiety disorder due to a general medical condition,7477,CIEL,"148563"
Anuria,1229,CIEL,"148566"
Anoxic encephalopathy,8178,CIEL,"148639"
"Anorexia nervosa, restricting type",7515,CIEL,"148647"
Anorexia nervosa,7508,CIEL,"148649"
Anorectal Abscess,5358,CIEL,"148654"
Angular cheilitis,3458,CIEL,"148762"
Angioedema,1397,CIEL,"148787"
Dry cough,5079,CIEL,"1488"
Anaemia of prematurity,4280,CIEL,"148833"
Anemia in pregnancy,3979,CIEL,"148834"
Ancylostomiasis due to Ancylostoma Duodenale,3043,CIEL,"148882"
Anaphylaxis,1398,CIEL,"148888"
Vasectomy,46,CIEL,"1489"
Anal Polyp,5321,CIEL,"148900"
Anal Fissure,5339,CIEL,"148904"
Amyotrophic lateral sclerosis,8170,CIEL,"148917"
Amputee,392,CIEL,"148930"
Amniotic fluid leaking,4017,CIEL,"148968"
Amniotic fluid embolism,7881,CIEL,"148970"
Amenorrhea,4008,CIEL,"148989"
Amelogenesis imperfecta,4672,CIEL,"148990"
Amebic liver abscess,5169,CIEL,"149001"
Alzheimer's disease,7849,CIEL,"149019"
Altered bowel function,8693,CIEL,"149043"
Alopecia Universalis,4997,CIEL,"149057"
Alopecia Totalis,5035,CIEL,"149058"
Alopecia areata,4934,CIEL,"149062"
Alcoholic Liver Damage,4838,CIEL,"149151"
Alcoholic cirrhosis,6735,CIEL,"149157"
Ainhum,4941,CIEL,"149195"
Agoraphobia,7487,CIEL,"149209"
Adhesive capsulitis of shoulder,8220,CIEL,"149393"
Adhesions of uterus,7911,CIEL,"149395"
Acyanotic congenital heart disease,6623,CIEL,"149461"
Upper respiratory infection,4888,CIEL,"149478"
Acute Ulcerative Gingivitis,4925,CIEL,"149482"
Acute tubular necrosis,6596,CIEL,"149486"
Acute Tonsillitis,4882,CIEL,"149496"
Acute stress reaction,4621,CIEL,"149514"
Acute pyelonephritis,5155,CIEL,"149554"
Acute posthemorrhagic anemia,4036,CIEL,"149566"
Acute Otitis Media,4724,CIEL,"149609"
Acute necrotising ulcerative gingivostomatitis,3481,CIEL,"149629"
Acute lichenoid pityriasis,5050,CIEL,"149707"
Acute Hepatitis C,4840,CIEL,"149743"
Acute heart failure,6762,CIEL,"149751"
Mild,666,CIEL,"1498"
Acute chest syndrome,4172,CIEL,"149871"
Moderate,669,CIEL,"1499"
Acute Abdomen,5335,CIEL,"149938"
Actinomycotic Infection,5033,CIEL,"149946"
Actinic Keratosis,4972,CIEL,"149949"
Acrodermatitis Atrophicans Chronica,5013,CIEL,"149964"
Acquired trigger finger,8211,CIEL,"149977"
Severe,668,CIEL,"1500"
Acquired scoliosis,8205,CIEL,"150000"
Acquired hallux rigidus,4511,CIEL,"150042"
Delivered at home,7468,CIEL,"1501"
Acne vulgaris,4951,CIEL,"150126"
Acne keloid,4995,CIEL,"150136"
Acne conglobata,4939,CIEL,"150142"
Achilles tendinitis,8192,CIEL,"150169"
Apgar score,5562,CIEL,"1504"
Accident caused by earthquake,4498,CIEL,"150433"
Absence Seizure,1076,CIEL,"150525"
Abscess of scalp,8500,CIEL,"150559"
Abscess,5982,CIEL,"150632"
Abrasion,4164,CIEL,"150737"
Abortion with sepsis,4045,CIEL,"150746"
Abnormal weight gain in pregnancy,8400,CIEL,"150797"
Abnormal vaginal bleeding,4094,CIEL,"150802"
Sexual dysfunction,6318,CIEL,"150807"
Abnormal fetal presentation,6914,CIEL,"150862"
Abnormal cerebral signs in the newborn,7875,CIEL,"150874"
Abdominal distension,8497,CIEL,"150915"
Abdominal bloating,8695,CIEL,"150919"
Abdominal pain,1251,CIEL,"151"
Surveillance of IUD,2757,CIEL,"151099"
Cervical cancer screening,3489,CIEL,"151185"
Tablet,287,CIEL,"1513"
Alternative Medicine,1334,CIEL,"151316"
Prophylactic antibiotic,6766,CIEL,"151331"
Packets,1349,CIEL,"1514"
Contraceptive Management,4115,CIEL,"151575"
Change of dressing,5996,CIEL,"151596"
Solution for injection,8587,CIEL,"1516"
Infectious disease,5403,CIEL,"151673"
Induced labor,6938,CIEL,"151750"
Suppository,299,CIEL,"1518"
Livebirth,3814,CIEL,"151849"
Medication form,3370,CIEL,"1519"
Vague bodily discomfort,4775,CIEL,"151907"
Guttate Psoriasis,4952,CIEL,"151939"
Dysentery,4804,CIEL,"152"
Ophthalmic ointment,8600,CIEL,"1520"
Avulsion of Scalp,5144,CIEL,"152039"
Chronic intractable pain,4710,CIEL,"152065"
Death from sequelae of direct obstetric causes,8395,CIEL,"152125"
Dislocation of radial head,4442,CIEL,"152140"
Marasmic Kwashiorkor,4786,CIEL,"152202"
Lumbago with Sciatica,4385,CIEL,"152230"
Neonatal skin infection,4289,CIEL,"152262"
Neonatal aspiration of milk and regurgitated food,4283,CIEL,"152265"
Neonatal cardiac failure,4322,CIEL,"152266"
Pelvic and Perineal Pain (for women only),4376,CIEL,"152288"
Postoperative Intestinal Obstruction,5235,CIEL,"152304"
Restlessness and agitation,6357,CIEL,"152330"
Seronegative rheumatoid arthritis,4532,CIEL,"152339"
Sexual abuse,4320,CIEL,"152370"
Traumatic rupture of cervical intervertebral disc,4452,CIEL,"152404"
Traumatic rupture of lumbar intervertebral disc,4494,CIEL,"152405"
Traumatic rupture of symphysis pubis,4555,CIEL,"152406"
Traumatic Amputation at Level between Hip and Knee,4572,CIEL,"152415"
Traumatic Amputation of Ear,5237,CIEL,"152421"
Family history of epilepsy,1025,CIEL,"152450"
Family history of behavior problem,1027,CIEL,"152465"
Benign Neoplasm of Duodenum,5270,CIEL,"152491"
Polymyositis-Dermatomyositis,5012,CIEL,"152595"
Rupture of posterior cruciate ligament,8197,CIEL,"152630"
Parent,3249,CIEL,"1527"
Secondhand Smoke Exposure,1702,CIEL,"152721"
Skipped heart beats,7243,CIEL,"152723"
Ovarian mass,6846,CIEL,"152755"
Myofascial pain,8190,CIEL,"152760"
Lack of Concentration,4727,CIEL,"152782"
Child,3248,CIEL,"1528"
Foot infection,6641,CIEL,"152805"
"Dysphagia, Oral Phase",4351,CIEL,"153112"
Carcinoma in Situ of Female Genital Organ,4052,CIEL,"153205"
Premature uterine contractions,4090,CIEL,"153316"
Learning disability,8524,CIEL,"153343"
Aortic insufficiency and aortic stenosis,6667,CIEL,"153382"
Male,3253,CIEL,"1534"
Female,3254,CIEL,"1535"
Abdominal pain complicating pregnancy,1201,CIEL,"153551"
Home,13,CIEL,"1536"
Atrioventricular canal defect,4425,CIEL,"153659"
Osteoarthritis of finger(s),8210,CIEL,"153672"
HIV-associated nephropathy,3579,CIEL,"153701"
Intermittent asthma,592,CIEL,"153753"
Employed,6657,CIEL,"1540"
Coronary artery disease,4228,CIEL,"154007"
Severe dehydration,4152,CIEL,"154015"
Moderate dehydration,4163,CIEL,"154016"
Mild dehydration,4143,CIEL,"154017"
Neonatal death,5557,CIEL,"154223"
Sprain of posterior cruciate ligament of knee,4363,CIEL,"154226"
Date of death,956,CIEL,"1543"
HELLP (hemolytic anemia/elev liver enzymes/low platelets in pregnancy),4023,CIEL,"154355"
Adrenaline,1967,CIEL,"154365"
RAL,5802,CIEL,"154378"
Work accident,5400,CIEL,"154497"
Daily cigarette use,1704,CIEL,"1546"
Acute and transient psychotic disorder,4605,CIEL,"154937"
Acute low back pain,8137,CIEL,"154959"
Acute on chronic renal failure,6755,CIEL,"154967"
Acute respiratory infection,4839,CIEL,"154983"
Epilepsy,502,CIEL,"155"
Adverse effect,8091,CIEL,"155006"
Adverse reaction to non-steroidal anti-inflammatory drug (NSAID),6593,CIEL,"155008"
Allergic contact dermatitis,4999,CIEL,"155023"
Apraxia,8227,CIEL,"155138"
Arthrosis,4855,CIEL,"155163"
Aspiration pneumonitis,8499,CIEL,"155173"
assault by blunt object,5303,CIEL,"155177"
Atypical glandular cells on Pap smear,6844,CIEL,"155209"
Benign lipomatous neoplasm,5210,CIEL,"155259"
Benign neoplasm of other and unspecified parts of small intestine,5183,CIEL,"155269"
Benign neoplasm of rectum,5349,CIEL,"155273"
Borderline lepromatous leprosy,5019,CIEL,"155318"
Borderline tuberculoid leprosy,4981,CIEL,"155319"
burn of unspecified degree of ankle and foot,5318,CIEL,"155351"
Caries of dentine,4643,CIEL,"155436"
Cerebral arteriovenous malformation,5597,CIEL,"155477"
Cerebral infarction,4178,CIEL,"155479"
Cervicogenic headache,8224,CIEL,"155490"
CHW (Community Health Worker),12,CIEL,"1555"
Chronic lung disease,3472,CIEL,"155569"
Chronic pelvic pain in female,1634,CIEL,"155579"
Congenital anemia from foetal blood loss,4308,CIEL,"155679"
Congenital malformation of uterus and cervix,3967,CIEL,"155701"
Congenital scoliosis due to congenital bony malformation,4484,CIEL,"155720"
Contusion of soft tissue,4772,CIEL,"155753"
Coronavirus infection,4715,CIEL,"155762"
Crack cocaine use,6085,CIEL,"155793"
"crushing injury of head, part unspecified",5160,CIEL,"155804"
Cysticercosis of central nervous system,4224,CIEL,"155838"
Delivery by cesarean section,3818,CIEL,"155884"
Disease of bartholin's gland,5272,CIEL,"155977"
Disinhibited attachment disorder of childhood,7526,CIEL,"155982"
dislocation of phalanx of foot,5296,CIEL,"155988"
Relationship of relative to patient,38,CIEL,"1560"
Dissociative convulsions,4075,CIEL,"156027"
Dissociative motor disorder,7730,CIEL,"156028"
Exposure to electric current,4552,CIEL,"156199"
Extremely low birth weight infant,4269,CIEL,"156206"
Incomplete provoked abortion with hemorrhage,3986,CIEL,"156218"
Family disruption due to divorce or legal separation,7770,CIEL,"156253"
Fetal heart tones not heard,4022,CIEL,"156293"
Follicular cyst of skin and subcutaneous tissue,5142,CIEL,"156343"
Foreign body in respiratory tract,5234,CIEL,"156355"
Fracture of coccyx,4546,CIEL,"156366"
Fracture of distal end of radius,4580,CIEL,"156369"
Fracture of distal end of tibia,4536,CIEL,"156370"
Fracture of head of radius,8157,CIEL,"156380"
Fracture of lumbar vertebra,4146,CIEL,"156386"
Fracture of olecranon process of ulna,8158,CIEL,"156395"
fracture of other and unspecified parts of wrist and hand,5242,CIEL,"156397"
Fracture of sacrum,4489,CIEL,"156399"
Fracture of second cervical vertebra,4548,CIEL,"156402"
Fracture of shaft of ulna,4458,CIEL,"156406"
Fracture of skull and facial bones,4205,CIEL,"156407"
Fracture of thoracic vertebra,4180,CIEL,"156410"
"Gestation period, 28 weeks",4323,CIEL,"156484"
"Gestation period, 29 weeks",4258,CIEL,"156485"
"Gestation period, 30 weeks",4271,CIEL,"156486"
"Gestation period, 31 weeks",4248,CIEL,"156487"
"Gestation period, 32 weeks",4278,CIEL,"156488"
"Gestation period, 33 weeks",4319,CIEL,"156489"
"Gestation period, 34 weeks",4299,CIEL,"156490"
"Gestation period, 35 weeks",4293,CIEL,"156491"
"Gestation period, 36 weeks",4297,CIEL,"156492"
Heavy smoker (more than 20 cigarettes per day),1699,CIEL,"156565"
Hematoma,6544,CIEL,"156567"
Hepatitis C,5389,CIEL,"156590"
History of spontaneous abortion,7285,CIEL,"156650"
History of sexually transmitted disease,3647,CIEL,"156660"
History of substance abuse,6514,CIEL,"156661"
HIV disease resulting in mycobacterial infection,4806,CIEL,"156673"
Hypoxic ischemic encephalopathy of newborn,4307,CIEL,"156720"
Imprisonment and other incarceration,3645,CIEL,"156761"
Ineffective thermoregulation,8505,CIEL,"156778"
Infection of amputation stump,5268,CIEL,"156788"
Infection of obstetric surgical wound,5953,CIEL,"156794"
Infective esophagitis,4825,CIEL,"156804"
Injury to extensor tendons of foot or ankle,4576,CIEL,"156884"
Injury of muscle and tendon of long flexor muscle of toe at ankle and foot level,4499,CIEL,"156885"
Polio vaccine given at birth,5556,CIEL,"1569"
Unspecified mental retardation,4610,CIEL,"156923"
BCG vaccine given at birth,5555,CIEL,"1570"
Child still alive,6224,CIEL,"1571"
Location of birth,7466,CIEL,"1572"
Delivery assistant,6246,CIEL,"1573"
Irritant contact dermatitis,5001,CIEL,"157380"
Doctor,11,CIEL,"1574"
Juvenile arthritis,4444,CIEL,"157409"
Late prenatal care complicating pregnancy,8401,CIEL,"157460"
Left ventricular dysfunction,6306,CIEL,"157472"
Cervical lesion,1453,CIEL,"157480"
Light cigarette smoker (1-9 cigarettes per day),1698,CIEL,"157497"
Traditional birth attendant (TBA),5479,CIEL,"1575"
liver abscess excluding amebic liver abscess,5342,CIEL,"157512"
Focal seizures,4632,CIEL,"157523"
"Low birth weight status, 1000-2499 grams",3970,CIEL,"157543"
Lower abdominal pain,4372,CIEL,"157544"
Malignant neoplasm of bone,5116,CIEL,"157588"
Malnutrition in pregnancy,8398,CIEL,"157648"
Nurse,10,CIEL,"1577"
Mild depressive episode,4599,CIEL,"157791"
Mild persistent asthma,591,CIEL,"157792"
Midwife,6245,CIEL,"1578"
Moderate depressive episode,4589,CIEL,"157810"
Moderate pre-eclampsia,4039,CIEL,"157811"
Moderate smoker (20 or less per day),1700,CIEL,"157813"
Motorcycle rider injured in traffic accident,4551,CIEL,"157822"
Mucinosis of skin,5042,CIEL,"157823"
Multiple fractures involving skull and facial bones,4466,CIEL,"157840"
Multiple fractures of cervical spine,4469,CIEL,"157841"
Multiple fractures of femur,4577,CIEL,"157845"
Multiple fractures of fingers,4539,CIEL,"157846"
Multiple fractures of foot,4564,CIEL,"157849"
Multiple fractures of lower leg,4550,CIEL,"157851"
Multiple fractures of metacarpal bones,4453,CIEL,"157853"
Multiple fractures of thoracic spine,4464,CIEL,"157856"
Multiple open wounds of wrist and hand,4540,CIEL,"157866"
Necrosis of amputation stump,5344,CIEL,"157893"
Needle phobia,7486,CIEL,"157897"
Fetal and newborn aspiration,4256,CIEL,"157901"
Neonatal haematemesis,4309,CIEL,"157905"
Birth asphyxia,3799,CIEL,"157996"
Obstructed labor due to breech presentation,3974,CIEL,"158053"
Obstructed labor due to brow presentation,4006,CIEL,"158054"
Obstructed labor due to compound presentation,4060,CIEL,"158055"
Obstructed labor due to face presentation,4007,CIEL,"158057"
Maternal pelvic abnormality,5569,CIEL,"158060"
Obstructed labor due to shoulder presentation,3990,CIEL,"158063"
Obstructed labor due to unusually large fetus,4086,CIEL,"158064"
open wound of ankle,5356,CIEL,"158093"
Open wound of hip,5177,CIEL,"158101"
open wound of knee,5156,CIEL,"158103"
open wound of thigh,5209,CIEL,"158110"
Osteoporosis of disuse with pathological fracture,4492,CIEL,"158146"
Failed attempted termination of pregnancy,4080,CIEL,"158150"
Papanicolaou smear of anus with atypical squamous cells of undetermined significance (ASC-US),7050,CIEL,"158242"
Papanicolaou smear of vagina with atypical squamous cells cannot exclude high grade squamous intraepithelial lesion (ASC-H),7073,CIEL,"158243"
Pedestrian injured in unspecified transport accident,5213,CIEL,"158269"
Penicillosis,4700,CIEL,"158274"
Pertrochanteric fracture,4501,CIEL,"158324"
Phobic anxiety disorder of childhood,7492,CIEL,"158354"
Physical violence,5399,CIEL,"158358"
"Premature rupture of membranes, labour delayed by therapy",4338,CIEL,"158487"
Premenopausal patient,6272,CIEL,"158493"
Newborn details,5563,CIEL,"1585"
Preterm premature rupture of membranes,4050,CIEL,"158511"
Malignant neoplasm of vagina,4019,CIEL,"158532"
Child name,5554,CIEL,"1586"
Child gender,3823,CIEL,"1587"
Seropositive rheumatoid arthritis,4549,CIEL,"158793"
Health clinic,6499,CIEL,"1588"
Severe depressive episode with psychotic symptoms,4625,CIEL,"158801"
Severe depressive episode without psychotic symptoms,4591,CIEL,"158802"
Sickle-cell anemia without crisis,4149,CIEL,"158812"
Simple febrile seizure,4166,CIEL,"158818"
Slow rate of speech,6128,CIEL,"158827"
Sore throat,5075,CIEL,"158843"
Hospital,14,CIEL,"1589"
Post myomectomy,5600,CIEL,"158913"
Steroid-induced acne,7831,CIEL,"158937"
Stopped smoking,6447,CIEL,"158939"
Death,939,CIEL,"159"
Number of antenatal visits for current pregnancy,5553,CIEL,"1590"
Surgical follow-up care,6849,CIEL,"159007"
Symptoms involving urinary system,3976,CIEL,"159015"
Intermittent preventive treatment in pregnancy with sulphadoxine-pyrimethamine,7286,CIEL,"1591"
Traumatic amputation at level between elbow and wrist,5187,CIEL,"159109"
Traumatic amputation of foot at ankle level,5217,CIEL,"159113"
Traumatic amputation of two or more fingers alone (complete)(partial),4583,CIEL,"159116"
Traumatic amputation of two or more toes,4545,CIEL,"159117"
Unprotected sexual intercourse,3640,CIEL,"159218"
Acute lower respiratory infection,4766,CIEL,"159222"
"Unspecified maternal hypertension, postpartum condition or complication",4393,CIEL,"159240"
Urinary urgency,8690,CIEL,"159253"
Visual impairment,8522,CIEL,"159298"
Walking,1133,CIEL,"159310"
Atypical disseminated leishmaniasis,3436,CIEL,"159338"
Malignant pericardial effusion,6566,CIEL,"159343"
Linear gingival erythema,3464,CIEL,"159344"
Multi-drug resistant tuberculosis infection,3632,CIEL,"159345"
Extremely drug-resistant tuberculosis infection,3631,CIEL,"159346"
Musculoskeletal pain,1405,CIEL,"159347"
Personal history of psychiatric disorder,6106,CIEL,"159350"
Viral laryngitis,4853,CIEL,"159355"
Fecal occult blood test,3060,CIEL,"159362"
Kitchen smoke,6407,CIEL,"159365"
Currently taking medication,1339,CIEL,"159367"
Medication duration,1345,CIEL,"159368"
Patient reported CD4 count,3364,CIEL,"159375"
Date of reported CD4 count,3702,CIEL,"159376"
Type of tobacco product,1695,CIEL,"159377"
Traditional tobacco product,1692,CIEL,"159378"
Modern Cigarette,1694,CIEL,"159379"
Pipe Tobacco,1693,CIEL,"159380"
Partner referred for HIV test,3492,CIEL,"159381"
Post HIV test counseling,3496,CIEL,"159382"
Floor,1126,CIEL,"159387"
Toilet,3551,CIEL,"159389"
Tuberculosis drug sensitivity testing (text),5496,CIEL,"159391"
Confirmed,193,CIEL,"159392"
Presumed,207,CIEL,"159393"
Diagnosis certainty,208,CIEL,"159394"
Clinical impression comments,1275,CIEL,"159395"
Main daily activities before illness,3658,CIEL,"159397"
Tuberculosis treatment in past,3245,CIEL,"159398"
Good,670,CIEL,"159405"
Fair,664,CIEL,"159406"
Poor,665,CIEL,"159407"
Very severe,7857,CIEL,"159409"
Rarely,2941,CIEL,"159416"
HIV test result,3171,CIEL,"159427"
Hepatitis B surface antigen test,2934,CIEL,"159430"
Tuberculosis treatment end date,3699,CIEL,"159431"
Bednet received date,7862,CIEL,"159432"
Well appearing,1511,CIEL,"159438"
Distress,1521,CIEL,"159439"
No cardiac murmur,1647,CIEL,"159443"
History of alcohol use,1683,CIEL,"159449"
Currently,1677,CIEL,"159450"
In the past,1678,CIEL,"159452"
Type of alcohol,1687,CIEL,"159453"
Traditional alcohol,1685,CIEL,"159454"
Modern alcohol,1686,CIEL,"159455"
Insulin (Mixtard) 70/30,537,CIEL,"159459"
Physically able to work,3325,CIEL,"159468"
Transportation cost,1140,CIEL,"159470"
Clinic travel time,1128,CIEL,"159471"
Child's cause of death,3566,CIEL,"159482"
Clear,6941,CIEL,"159484"
Location of crackles,1461,CIEL,"159485"
Serum calcium (mg/dL),3114,CIEL,"159497"
Age at onset of seizures,6513,CIEL,"159499"
Unresponsive,1204,CIEL,"159508"
Number of seizures in one month before medications,449,CIEL,"159517"
Abstinence,54,CIEL,"159524"
Seen by traditional practitioner,5829,CIEL,"159549"
Electrocardiogram diagnosis,557,CIEL,"159565"
Echocardiogram,6307,CIEL,"159567"
Normal ejection fraction,5607,CIEL,"159568"
Mildly depressed ejection fraction,5608,CIEL,"159569"
Very low ejection fraction,5609,CIEL,"159570"
No mitral stenosis,467,CIEL,"159572"
Echocardiogram comment,466,CIEL,"159573"
Volume Status,491,CIEL,"159574"
Euvolemic,488,CIEL,"159575"
Benzylpenicillin procaine,2272,CIEL,"159587"
Benzylpenicillin Sodium,5833,CIEL,"159588"
Date of last antenatal visit,3636,CIEL,"159590"
Antiretroviral medications given during labor and delivery,3729,CIEL,"159595"
Regular diet,6812,CIEL,"159596"
Non-compliance with treatment or therapy,1059,CIEL,"159598"
ARV start date,3349,CIEL,"159599"
APGAR score range at 1 minute (coded),3918,CIEL,"159603"
APGAR score at 5 minutes,6261,CIEL,"159604"
APGAR score range at 10 minutes (coded),3850,CIEL,"159605"
Malarial prophylaxis,6692,CIEL,"159610"
Duration of labor,3822,CIEL,"159616"
Obstetric ultrasound,5743,CIEL,"159618"
Date/time arrival of patient at health facility,6254,CIEL,"159622"
Patient health status,671,CIEL,"159640"
HbA1c,3027,CIEL,"159644"
CSF assay,3183,CIEL,"159645"
Cerebrospinal fluid protein measurement,3179,CIEL,"159646"
Cerebrospinal fluid glucose,3181,CIEL,"159647"
Cerebrospinal fluid bacterial culture,3176,CIEL,"159648"
Cerebrospinal fluid microscopy,3182,CIEL,"159649"
Cerebrospinal fluid appearance,3177,CIEL,"159650"
Cerebrospinal fluid cell count,3174,CIEL,"159651"
Cerebrospinal fluid pressure,3178,CIEL,"159652"
Troponin I measurement,2917,CIEL,"159654"
Troponin T measurement,3207,CIEL,"159655"
Creatinine in urine (24 hours),2940,CIEL,"159661"
district hospital,1718,CIEL,"159662"
Gram-negative cocci,6876,CIEL,"159664"
Fisherman,120,CIEL,"159674"
Ceramic tile,1125,CIEL,"159679"
Bamboo,1089,CIEL,"159685"
Wood,1090,CIEL,"159687"
Lochia type,5963,CIEL,"159721"
Lochia rubra,5961,CIEL,"159722"
Lochia alba,5958,CIEL,"159723"
Lochia serosa,5959,CIEL,"159724"
Red-green tinge lochia,5960,CIEL,"159725"
Pink/brown-green tinge lochia,5956,CIEL,"159726"
White/yellow-green tinge lochia,5957,CIEL,"159727"
Manual vacuum aspiration,2754,CIEL,"159728"
"Glucose measurement, quantitative, urine",2986,CIEL,"159733"
"Glucose measurement, qualitative, urine",5433,CIEL,"159734"
Motorcycle,1138,CIEL,"159744"
Refrigerator,1158,CIEL,"159745"
Television,1157,CIEL,"159746"
Presence of household items,1161,CIEL,"159747"
Bicycle,1135,CIEL,"159748"
Absence of household items,1160,CIEL,"159749"
"Birth plan, planned location of delivery",3855,CIEL,"159758"
Condoms given during the visit,6147,CIEL,"159777"
Khat abuse,1062,CIEL,"159779"
Breast exam findings,1627,CIEL,"159780"
Combined oral contraceptive pills,1668,CIEL,"159783"
University,3375,CIEL,"159785"
Cured,1328,CIEL,"159791"
Tuberculosis treatment phase,3563,CIEL,"159792"
"Retreatment phase, TB treatment",3558,CIEL,"159793"
Continuation phase,3366,CIEL,"159794"
"Initial phase, TB treatment",3561,CIEL,"159795"
Currently on tuberculosis treatment,3715,CIEL,"159798"
Cough > 2 weeks,3414,CIEL,"159799"
"Tuberculosis, review of screening questions",3714,CIEL,"159800"
ATV/r,2051,CIEL,"159809"
ETV,2069,CIEL,"159810"
Uric acid,2914,CIEL,"159825"
"Gamma glutamyl transpeptidase, serum",7259,CIEL,"159829"
Creatinine in urine (random) (mmol/L),2938,CIEL,"159830"
Hysterectomy,56,CIEL,"159837"
"Lochia, postnatal physical examination",5967,CIEL,"159844"
Lochia excessive,5955,CIEL,"159845"
Lochia foul smelling,5964,CIEL,"159846"
Glibenclamide and metformin,1919,CIEL,"159850"
Received insecticide treated bednet,1124,CIEL,"159855"
Breast care,8045,CIEL,"159856"
"Danger signs, baby",3935,CIEL,"159860"
Unable to drink or breastfeed,7470,CIEL,"159861"
Competency using infant formula,928,CIEL,"159880"
Postnatal visit number,3891,CIEL,"159893"
Meningococcal vaccination,6506,CIEL,"159900"
Forceps delivery,2747,CIEL,"159901"
Delivery by vacuum extraction,2755,CIEL,"159902"
Number of siblings tested for HIV,3387,CIEL,"159906"
Premature infant,3920,CIEL,"159908"
Multi-drug resistant tuberculosis regimen,3556,CIEL,"159909"
Recurrent oral ulcer,3465,CIEL,"159912"
Singleton,7562,CIEL,"159913"
Twins,7564,CIEL,"159914"
Triplets,7561,CIEL,"159915"
Fresh stillbirth,6221,CIEL,"159916"
Qualitative birth outcome,5561,CIEL,"159917"
Deworming,437,CIEL,"159922"
School,6497,CIEL,"159928"
Duration of smoking (in years),1682,CIEL,"159931"
Antiretroviral drug side effects since last visit,3540,CIEL,"159935"
Point of HIV testing,3593,CIEL,"159936"
Maternal and child health program,422,CIEL,"159937"
Home based HIV testing program,3591,CIEL,"159938"
Mobile voluntary counseling and testing program,3588,CIEL,"159939"
Voluntary counseling and testing center,3592,CIEL,"159940"
Primary,200,CIEL,"159943"
Secondary,202,CIEL,"159944"
Tertiary,203,CIEL,"159945"
Diagnosis order,204,CIEL,"159946"
Visit Diagnoses,210,CIEL,"159947"
Diagnosis date,206,CIEL,"159948"
Quantitative outcome of delivery,7563,CIEL,"159949"
Specimen collection date,715,CIEL,"159951"
Specimen source,714,CIEL,"159959"
TB smear microscopy method,6206,CIEL,"159961"
Waiting for test results,195,CIEL,"159971"
TB culture test,3064,CIEL,"159982"
Planned treatment interruption,265,CIEL,"160016"
Anti-TB treatment started,3355,CIEL,"160017"
Refused treatment,1331,CIEL,"160018"
Ambulatory,2835,CIEL,"160026"
Defaulted,1326,CIEL,"160031"
Relapse,5757,CIEL,"160033"
Patient died,176,CIEL,"160034"
Patient completed treatment,184,CIEL,"160035"
Patient transferred out,185,CIEL,"160036"
Current treatment,3263,CIEL,"160037"
Site of tuberculosis disease,3393,CIEL,"160040"
Treatment extended,3365,CIEL,"160041"
MDR-TB program,8727,CIEL,"160052"
Eye solution,8596,CIEL,"160054"
Referral unmet,3836,CIEL,"160068"
Number of prior stillbirths,3916,CIEL,"160077"
Risk factors for current pregnancy,3930,CIEL,"160079"
Number of previous cesarean sections,3280,CIEL,"160081"
HIV test result received date,3611,CIEL,"160082"
"Intact perineum, on exam",5984,CIEL,"160089"
Fetal presentation,3884,CIEL,"160090"
Cephalic or vertex presentation,3880,CIEL,"160091"
En route to health facility,7467,CIEL,"1601"
Stavudine / Lamivudine / Efavirenz,2349,CIEL,"160104"
TB screening test result,5545,CIEL,"160108"
Sexually active,42,CIEL,"160109"
Number of ARV medication doses missed in last month,3607,CIEL,"160110"
Daily visit by a community health worker,3542,CIEL,"160111"
Satisfactory,453,CIEL,"160113"
Deteriorated,3499,CIEL,"160115"
Overall condition,3500,CIEL,"160116"
Anti-retroviral treatment status,3339,CIEL,"160117"
Currently taking ARV,3337,CIEL,"160119"
Taking initiated ARVs,3334,CIEL,"160120"
ARV discontinued,3336,CIEL,"160121"
Change of ARVs,3338,CIEL,"160122"
AZT + 3TC + EFV,2341,CIEL,"160124"
Vocational training,6466,CIEL,"160130"
MDR-TB treatment comment,3361,CIEL,"160136"
Other diseases of hard tissues of teeth,4657,CIEL,"160141"
Rabies,4907,CIEL,"160146"
Confirmed malaria,4753,CIEL,"160148"
Severe malaria,4717,CIEL,"160155"
Infectious or parasitic disease,3598,CIEL,"160159"
HIV resulting in other conditions,3599,CIEL,"160160"
Neurological diagnoses,8098,CIEL,"160176"
"Reaction to severe stress, and adjustment disorders",4612,CIEL,"160196"
Psychosomatic disorder,4617,CIEL,"160197"
Mental or behavioral disorder due to alcohol or illicit drug use,4620,CIEL,"160200"
Sexually transmitted chlamydial disease,3622,CIEL,"160202"
Acute malnutrition,7918,CIEL,"160205"
Not at all,578,CIEL,"160215"
Probable cause of death (text),68,CIEL,"160218"
Past medical history added (text),35,CIEL,"160221"
Sickling test,3101,CIEL,"160225"
G6PD (qual),8286,CIEL,"160226"
Rh factor,7257,CIEL,"160232"
No defect in enzyme activity (normal),8283,CIEL,"160233"
Partial defect in enzyme activity,8285,CIEL,"160234"
Total defect in enzyme activity,8284,CIEL,"160235"
Oral,1364,CIEL,"160240"
Inhalation,1370,CIEL,"160241"
Intravenous,1373,CIEL,"160242"
Intramuscular,1374,CIEL,"160243"
Subcutaneous,1365,CIEL,"160245"
BCG scar present on examination,4921,CIEL,"160265"
Lacosamide,1939,CIEL,"160268"
Normal psychomotor development,1527,CIEL,"160275"
Impaired psychomotor development,1526,CIEL,"160276"
Psychomotor development finding,6131,CIEL,"160277"
Asleep,6010,CIEL,"160281"
Awake,1205,CIEL,"160282"
Primary school education incomplete,6035,CIEL,"160290"
Secondary school education incomplete,6036,CIEL,"160291"
Maternal age at first childbirth,8536,CIEL,"160339"
Glasgow coma scale,7861,CIEL,"160347"
ECOG Performance Status,273,CIEL,"160379"
Left upper quadrant,8659,CIEL,"160380"
Right lower quadrant,8660,CIEL,"160381"
Muscle tone on exam,8300,CIEL,"160388"
Peripheral reflex strength,1625,CIEL,"160389"
BILATERAL,1613,CIEL,"160406"
Partial seizure with impaired consciousness,4407,CIEL,"160407"
Acute flaccid paralysis,4812,CIEL,"160426"
Long-lasting insecticidal net,2210,CIEL,"160428"
Alive,3259,CIEL,"160429"
Reason for visit (text),7317,CIEL,"160430"
Absconded,7423,CIEL,"160431"
Persistent hepatosplenomegaly,3455,CIEL,"160436"
HIV encephalopathy,3433,CIEL,"160442"
Antenatal Visit,7311,CIEL,"160446"
General medicine department,600,CIEL,"160448"
General surgery department,608,CIEL,"160449"
Maxillofacial surgery department,7056,CIEL,"160453"
"Ear, nose and throat department",7117,CIEL,"160455"
Maternity ward,3587,CIEL,"160456"
Emergency department,609,CIEL,"160473"
Family medicine,8467,CIEL,"160474"
Private health care clinic/facility,7565,CIEL,"160479"
"Bacterial Infection, Severe, Recurrent",4877,CIEL,"160515"
Chronic isosporiasis,3446,CIEL,"160520"
Pharmacy Visit,7312,CIEL,"160521"
Emergency Visit,7310,CIEL,"160522"
"Follow-up visit, regular",7305,CIEL,"160523"
Antiretroviral Treatment Visit,7304,CIEL,"160524"
Pre-ART Visit,7309,CIEL,"160525"
Early Infant Diagnosis Visit,7316,CIEL,"160526"
Kaposi Sarcoma Visit,7308,CIEL,"160527"
Preventing Mother to Child Transmission Visit,7306,CIEL,"160528"
Tuberculosis Visit,7307,CIEL,"160529"
Return visit type,7303,CIEL,"160530"
Chief complaint (text),1187,CIEL,"160531"
Previously received antiretroviral treatment,3282,CIEL,"160533"
Transferred from location (text),3609,CIEL,"160535"
Prevention of maternal to child transmission program,3575,CIEL,"160538"
TB program,3271,CIEL,"160541"
Outpatient consultation,426,CIEL,"160542"
Community-based organization,6301,CIEL,"160543"
Date enrolled in HIV care,3397,CIEL,"160555"
Transfer in,1713,CIEL,"160563"
Emergency contraceptive pills,5764,CIEL,"160570"
Ulipristal acetate,5763,CIEL,"160574"
Male who has sex with men,3528,CIEL,"160578"
Is sex worker,3534,CIEL,"160579"
Client of sex worker,3531,CIEL,"160580"
HIV risk factor,3537,CIEL,"160581"
Reason for poor treatment adherence,3756,CIEL,"160582"
Shares medications with others,3744,CIEL,"160583"
Lost or ran out of medication,3751,CIEL,"160584"
Too ill to take medication,3747,CIEL,"160585"
Felt better and stopped taking medication,3742,CIEL,"160586"
Forgot to take medication,3752,CIEL,"160587"
Pill burden,3753,CIEL,"160588"
Concerned about privacy/stigma,3755,CIEL,"160589"
Family history diagnosis,37,CIEL,"160592"
Patient's family history list,40,CIEL,"160593"
Laterality,1615,CIEL,"160594"
Perimenopausal status,6267,CIEL,"160595"
Menstrual status,6274,CIEL,"160596"
Duration of menstrual period,3833,CIEL,"160597"
Age of menarche,3919,CIEL,"160598"
Age of menopause,7107,CIEL,"160599"
Regular menstrual period,4114,CIEL,"160600"
Date of previous pregnancy,3825,CIEL,"160602"
Duration of breastfeeding (months),5636,CIEL,"160603"
Family history comment,39,CIEL,"160618"
Peripheral reflex,1621,CIEL,"160619"
Triceps reflex,1619,CIEL,"160620"
Plantar reflex,1618,CIEL,"160622"
Peripheral reflex examination,1626,CIEL,"160623"
Free text general,7,CIEL,"160632"
Guardian,1388,CIEL,"160639"
"Birth weight of immediate previous delivery, qualitative",7284,CIEL,"160660"
Pregnancy trimester,7114,CIEL,"160665"
Current drug user,6706,CIEL,"160666"
Trauma/injury history comment,6916,CIEL,"160686"
Chest examination (text),1628,CIEL,"160689"
Method of contraception failure,5765,CIEL,"160693"
Barrier method of contraception,5762,CIEL,"160694"
Hormonal contraception,5761,CIEL,"160695"
Method of gestational age determination,6918,CIEL,"160697"
Colposcopy,2762,CIEL,"160705"
Antepartum rupture of membranes date/time,6920,CIEL,"160710"
Procedure History,1738,CIEL,"160714"
Procedure date/time,1731,CIEL,"160715"
Procedure comment,1737,CIEL,"160716"
Procedure outcome satisfactory to patient,1734,CIEL,"160717"
Procedure outcome satisfactory to physician,1735,CIEL,"160718"
Procedure outcome unsatisfactory to patient,1732,CIEL,"160719"
Procedure outcome unsatisfactory to physician,1733,CIEL,"160720"
Procedure outcome,1736,CIEL,"160721"
Brother,25,CIEL,"160729"
Sister,26,CIEL,"160730"
Bacteria in urine test,2983,CIEL,"160735"
Not assessed,3426,CIEL,"160737"
Medication history,3373,CIEL,"160741"
Indication for medication,3369,CIEL,"160742"
In treatment or under care for problem,3343,CIEL,"160749"
Name of family member,6523,CIEL,"160750"
Date of birth of family member,3344,CIEL,"160751"
Stage 0,225,CIEL,"160769"
Stage IA,226,CIEL,"160770"
Stage I,220,CIEL,"160771"
Stage IB,219,CIEL,"160772"
Stage IC,217,CIEL,"160773"
Stage II,224,CIEL,"160774"
Stage IIA,223,CIEL,"160775"
Stage IIB,214,CIEL,"160776"
Stage IIC,213,CIEL,"160777"
Stage III,211,CIEL,"160778"
Stage IIIA,222,CIEL,"160779"
Stage IIIB,216,CIEL,"160780"
Stage IIIC,218,CIEL,"160781"
Stage IV,205,CIEL,"160782"
Stage IVA,215,CIEL,"160783"
Stage IVB,212,CIEL,"160784"
Stage IVC,221,CIEL,"160785"
Overall cancer stage group,227,CIEL,"160786"
Capsule,295,CIEL,"1608"
ECG/EKG finding comment,6406,CIEL,"160845"
Indication/intent of therapy,6181,CIEL,"160846"
Curative treatment,190,CIEL,"160847"
Boost treatment intent,6180,CIEL,"160848"
Palliative treatment,191,CIEL,"160849"
Medication frequency,1323,CIEL,"160855"
Quantity of medication prescribed per dose,329,CIEL,"160856"
PRN (as required),1314,CIEL,"160857"
BID (twice daily),1307,CIEL,"160858"
Twice daily before meals,1306,CIEL,"160859"
Twice daily after meals,1284,CIEL,"160860"
Twice daily with meals,1297,CIEL,"160861"
OD (once daily),1289,CIEL,"160862"
"Once daily, at bedtime",1299,CIEL,"160863"
"Once daily, in the evening",1285,CIEL,"160864"
"Once daily, in the morning",1311,CIEL,"160865"
TID (thrice daily),1310,CIEL,"160866"
"Thrice daily, after meals",1294,CIEL,"160867"
"Thrice daily, before meals",1317,CIEL,"160868"
"Thrice daily, with meals",1300,CIEL,"160869"
QID (four times daily),1291,CIEL,"160870"
"Four times daily, after meals and at bedtime",1308,CIEL,"160871"
"Four times daily, before meals and at bedtime",1296,CIEL,"160872"
"Mid upper arm circumference, qualitative",1179,CIEL,"160908"
Green color,1178,CIEL,"160909"
Yellow color,1176,CIEL,"160910"
Fasting blood glucose,2918,CIEL,"160912"
Prostate specific antigen (PSA) measurement (ng/mL),5441,CIEL,"160913"
Post-prandial blood glucose,2916,CIEL,"160914"
Carcinoembryonic antigen,6686,CIEL,"160915"
Alpha fetoprotein,6689,CIEL,"160917"
Cancer antigen 125,6677,CIEL,"160919"
Cancer antigen 19-9,6675,CIEL,"160921"
Human chorionic gonadotropin (b-hCG) (numeric),7265,CIEL,"160922"
Abdominal examination (text),1550,CIEL,"160947"
Rectal examination (text),1525,CIEL,"160961"
Stool examination (text),6953,CIEL,"160965"
Uterine cervix examination (text),1455,CIEL,"160968"
Vaginal examination (text),1502,CIEL,"160969"
Skin examination (text),1503,CIEL,"160981"
Free text comment,3526,CIEL,"161011"
Pregnancy outcome,3816,CIEL,"161033"
"Counseling, danger signs of pregnancy",3782,CIEL,"161050"
"Antenatal counseling, birth preparedness",3901,CIEL,"161069"
"Antenatal counseling, good nutrition",3781,CIEL,"161073"
Name of referring person,5649,CIEL,"161103"
Glomerular filtration rate,6598,CIEL,"161132"
Creatinine clearance,8067,CIEL,"161134"
Prothrombin time with INR,3032,CIEL,"161152"
Partial thromboplastin time,3034,CIEL,"161153"
Serum phosphorus,6042,CIEL,"161154"
Blood culture and sensitivity,6176,CIEL,"161155"
"Culture and sensitivity, urine",6172,CIEL,"161156"
Colonoscopy,2392,CIEL,"161166"
Amodiaquine / Artesunate,5780,CIEL,"161182"
Esophagogastroduodenoscopy,2571,CIEL,"161221"
Blood cross-matching,3206,CIEL,"161233"
STAT (statim) - Immediate,8292,CIEL,"161235"
Normal priority (status),6785,CIEL,"161236"
Delayed priority (status),8293,CIEL,"161237"
Procedure/Test priority,8291,CIEL,"161238"
Seizure frequency,977,CIEL,"161245"
Positive for Plasmodium falciparum,3057,CIEL,"161246"
Positive for Plasmodium vivax,3056,CIEL,"161247"
Positive for both Plasmodium falciparum and Plasmodium vivax,3058,CIEL,"161248"
Seizure type,1079,CIEL,"161249"
Dextrose 5% in water,647,CIEL,"161250"
Intranasal,1371,CIEL,"161253"
Abdomen AP (supine and lateraldecubitus) (X-ray),737,CIEL,"161264"
"X-ray of chest, 1 view, AP",5744,CIEL,"161273"
Pelvis (US),824,CIEL,"161283"
"Bilateral elbows, 2-views (X-ray)",7940,CIEL,"161304"
"Bilateral femurs, 2 views (X-ray)",7941,CIEL,"161308"
"Bilateral feet, 2 views (X-ray)",7939,CIEL,"161323"
"Bilateral forearms, 2 views (X-ray)",7938,CIEL,"161326"
"Bilateral hips, 2 views (X-ray)",7936,CIEL,"161334"
"Bilateral knees, 2 views (X-ray)",7935,CIEL,"161352"
"3TC + d4T",1959,CIEL,"161363"
TDF + 3TC,2072,CIEL,"161364"
Self employed,128,CIEL,"161382"
Hemoglobin electrophoresis (text),3214,CIEL,"161421"
Malaria smear panel,7320,CIEL,"161426"
Bleeding time (min),3033,CIEL,"161433"
Coagulation time (min),3028,CIEL,"161435"
Urine pH,2985,CIEL,"161438"
Urine specific gravity,2977,CIEL,"161439"
Urine nitrite test,2976,CIEL,"161440"
Urine leukocyte esterase test,2958,CIEL,"161441"
Urine ketone test,2955,CIEL,"161442"
Urine bile pigment test,7838,CIEL,"161443"
Urine bile salt test,7837,CIEL,"161444"
Gram stain,3180,CIEL,"161454"
Whiff test,7593,CIEL,"161456"
Vaginal fluid examination,3066,CIEL,"161458"
Cerebrospinal fluid AFB stain,3175,CIEL,"161466"
Semen analysis,8364,CIEL,"161467"
Semen analysis test panel,8363,CIEL,"161468"
Anti-streptolysin O titer,2928,CIEL,"161469"
Rheumatoid factor,2936,CIEL,"161470"
Hepatitis C antibody spot test,3159,CIEL,"161471"
Hepatitis B surface antigen spot test,2930,CIEL,"161472"
Hepatitis C test set,3161,CIEL,"161474"
Hepatitis B test set,3217,CIEL,"161475"
Prothrombin time,3030,CIEL,"161481"
International Normalized Ratio,3031,CIEL,"161482"
Pus culture and sensitivity,6174,CIEL,"161484"
Body fluid culture and sensitivity,6173,CIEL,"161485"
Culture panel,6177,CIEL,"161486"
Renal function test (RFT),2915,CIEL,"161488"
FSH measurement,6781,CIEL,"161489"
C-reactive protein,2932,CIEL,"161500"
Serum ferritin,6695,CIEL,"161511"
Glucose 6 phosphate dehydrogenase,8287,CIEL,"161514"
Hemoglobin electrophoresis by HPLC,6945,CIEL,"161519"
Toxoplasma IgG,8331,CIEL,"161522"
Toxoplasma IgM,8332,CIEL,"161523"
First tetanus vaccine for this pregnancy,3867,CIEL,"161537"
Second tetanus vaccine for this pregnancy,3869,CIEL,"161538"
Counseling on postpartum danger signs,7369,CIEL,"161541"
Early initiation of breastfeeding,6222,CIEL,"161543"
Referring facility name,1742,CIEL,"161550"
Milligram,324,CIEL,"161553"
Gram,327,CIEL,"161554"
Patient tested for sexually transmitted illness in current visit,6216,CIEL,"161558"
Herniation of rectum into vagina,5330,CIEL,"161566"
Traumatic amputation of arm through elbow,5190,CIEL,"161567"
Traumatic amputation through wrist,5243,CIEL,"161568"
Delayed union of fracture,5264,CIEL,"161569"
Stress fracture,5312,CIEL,"161570"
Incomplete rotation of fetal head,4081,CIEL,"161572"
Car occupant injured in transport accident,4472,CIEL,"161574"
"Diagnosis or problem, non-coded",209,CIEL,"161602"
Instrumental delivery,3817,CIEL,"161631"
Failed instrumental delivery,5575,CIEL,"161632"
Vaginal delivery following previous caesarean section,4048,CIEL,"161633"
Failed trial of labor with subsequent delivery by caesarean section,4072,CIEL,"161634"
Active status,3554,CIEL,"161636"
Hypertensive crisis,630,CIEL,"161644"
Traumatic subarachnoid hemorrhage,4207,CIEL,"161646"
Counseling about infant feeding practices,3903,CIEL,"161651"
Biopsy of palate,2540,CIEL,"161657"
Excision of lesion of soft palate,2576,CIEL,"161658"
Incision and drainage of abscess of skin,2652,CIEL,"161659"
Incision and drainage of deep abscess of soft tissue,2467,CIEL,"161660"
Removal of foreign body from deep soft tissue,2401,CIEL,"161661"
Biopsy of skin,2719,CIEL,"161662"
Excision of lesion of skin,2446,CIEL,"161663"
Excision of pilonidal sinus,2542,CIEL,"161664"
Suture of skin wound,2593,CIEL,"161665"
Split thickness skin graft,2711,CIEL,"161666"
Full thickness skin graft,2452,CIEL,"161667"
Burn dressing,2413,CIEL,"161668"
Escharotomy,2635,CIEL,"161669"
Drainage of breast cyst,2471,CIEL,"161670"
Incision and drainage of breast abscess,2499,CIEL,"161671"
Core needle biopsy of breast,2515,CIEL,"161672"
Incisional biopsy of breast,2667,CIEL,"161673"
Excision of mammary duct,2406,CIEL,"161674"
Mastectomy for gynecomastia,2501,CIEL,"161675"
Total mastectomy,2389,CIEL,"161676"
Modified radical mastectomy,2457,CIEL,"161677"
Biopsy of muscle,2682,CIEL,"161678"
Biopsy of bone,2617,CIEL,"161679"
External fixation of bone,2594,CIEL,"161680"
Adjustment of external fixation,2638,CIEL,"161681"
Removal of external fixation,2458,CIEL,"161682"
Excision of mandible,2713,CIEL,"161683"
Excision of lesion of maxilla,2565,CIEL,"161684"
Amputation of forearm through radius and ulna,2483,CIEL,"161685"
Disarticulation at wrist,2582,CIEL,"161686"
Transmetacarpal amputation,2605,CIEL,"161687"
Repair of syndactyly,2639,CIEL,"161689"
Ray amputation of finger,2405,CIEL,"161690"
Closed reduction of dislocation of hip,2516,CIEL,"161691"
Open reduction of dislocation of hip,2645,CIEL,"161692"
Open reduction of dislocation of knee,2633,CIEL,"161693"
Closed reduction of dislocation of patella,2673,CIEL,"161694"
Open reduction of dislocation of patella,2558,CIEL,"161695"
Amputation of leg through femur,2498,CIEL,"161696"
Disarticulation of the knee,2432,CIEL,"161697"
Decompressive fasciotomy of leg,2520,CIEL,"161698"
Amputation of leg through tibia and fibula,2684,CIEL,"161699"
Amputation of foot through ankle,2604,CIEL,"161700"
Disarticulation of ankle,2510,CIEL,"161701"
Transmetatarsal amputation of foot,2724,CIEL,"161702"
Amputation of toe,2657,CIEL,"161703"
Drainage of nasal septal hematoma,2466,CIEL,"161704"
Intranasal biopsy,2672,CIEL,"161705"
Nasal polypectomy,2528,CIEL,"161706"
Excision of lesion of nasal cavity,2418,CIEL,"161707"
Partial rhinectomy,2613,CIEL,"161708"
Total rhinectomy,2400,CIEL,"161709"
Removal of foreign body from nose,2398,CIEL,"161710"
Nasal endoscopy,2619,CIEL,"161711"
Nasal sinus endoscopy,2492,CIEL,"161712"
Biopsy of nasal sinus,2585,CIEL,"161713"
Total laryngectomy,2680,CIEL,"161714"
Partial laryngectomy,2554,CIEL,"161715"
Indirect laryngoscopy,2420,CIEL,"161716"
Direct laryngoscopy,2506,CIEL,"161717"
Biopsy of larynx,2450,CIEL,"161718"
Tracheostomy,2537,CIEL,"161719"
Cricothyroidotomy,2521,CIEL,"161720"
Suture of trachea,2435,CIEL,"161721"
Closure of tracheostomy,2436,CIEL,"161722"
Bronchoscopy,2456,CIEL,"161723"
Thoracotomy,2438,CIEL,"161724"
Suture of lung laceration,2424,CIEL,"161725"
Insertion of pleural tube drain,2642,CIEL,"161726"
Total splenectomy,2529,CIEL,"161727"
Partial splenectomy,2441,CIEL,"161728"
Biopsy of lymph node,2455,CIEL,"161729"
Excision of cystic hygroma,2555,CIEL,"161730"
Suture of laceration of diaphragm,2705,CIEL,"161731"
Biopsy of lip,2397,CIEL,"161732"
Suture of lip,2663,CIEL,"161733"
Incision of lingual frenum,2659,CIEL,"161734"
Drainage of abscess of salivary gland,2649,CIEL,"161735"
Biopsy of salivary gland,2716,CIEL,"161736"
Excision of cyst of sublingual gland,2556,CIEL,"161737"
Partial parotidectomy,2536,CIEL,"161738"
Complete parotidectomy,2597,CIEL,"161739"
Excision of submandibular gland,2551,CIEL,"161740"
Excision of sublingual gland,2460,CIEL,"161741"
Incision and drainage of peritonsillar abscess,2451,CIEL,"161742"
Biopsy of pharynx,2388,CIEL,"161743"
Excision of lesion of pharynx,2402,CIEL,"161744"
Removal of foreign body from pharynx,2550,CIEL,"161745"
Excision of branchial cyst,2587,CIEL,"161746"
Excision of tonsil,2627,CIEL,"161747"
Excision of adenoid,2525,CIEL,"161748"
Incision of stomach,2494,CIEL,"161749"
Pyloromyotomy,2527,CIEL,"161750"
Gastric surgical biopsy,2674,CIEL,"161751"
Pyloroplasty,2454,CIEL,"161752"
Gastrojejunostomy,2462,CIEL,"161753"
Gastrostomy,2383,CIEL,"161754"
Suture of stomach,2503,CIEL,"161755"
Lysis of adhesions of intestines,2695,CIEL,"161756"
Incision of small intestine,2581,CIEL,"161757"
Reduction of intussusception of small intestine,2690,CIEL,"161758"
Reduction of volvulus of large intestine,2676,CIEL,"161759"
Small intestine excision,2511,CIEL,"161760"
Creation of jejunostomy,2428,CIEL,"161761"
Colostomy,2561,CIEL,"161762"
Suture of small intestine,2495,CIEL,"161763"
Suture of large intestine,2626,CIEL,"161764"
Closure of enterostomy,2669,CIEL,"161765"
Closure of colostomy,2444,CIEL,"161766"
Excision of Meckel's diverticulum,2372,CIEL,"161767"
Appendectomy,2591,CIEL,"161768"
Biopsy of rectum,2469,CIEL,"161769"
Biopsy of anus,2637,CIEL,"161770"
Incision of perianal abscess,2603,CIEL,"161771"
Lateral internal sphincterotomy,2538,CIEL,"161772"
Incision of external thrombosed hemorrhoid,2442,CIEL,"161773"
Excision of anal fissure,2630,CIEL,"161774"
Excision of anal skin tag,2563,CIEL,"161775"
Hemorrhoidectomy,2488,CIEL,"161776"
Excision of anal fistula,2548,CIEL,"161777"
Incision of anal fistula,2422,CIEL,"161778"
Anoscopy,2449,CIEL,"161779"
Percutaneous biopsy of liver,2370,CIEL,"161780"
Drainage of liver abscess,2380,CIEL,"161781"
Surgical biopsy of liver,2552,CIEL,"161782"
Repair of injury of liver,2543,CIEL,"161783"
Cholecystostomy,2718,CIEL,"161784"
Cholecystectomy,2618,CIEL,"161785"
surgical biopsy of pancreas,2415,CIEL,"161786"
Excision of lesion of pancreas,2717,CIEL,"161787"
Distal pancreatectomy,2681,CIEL,"161788"
Exploratory laparotomy,2570,CIEL,"161789"
Excision of retroperitoneal mass,2502,CIEL,"161790"
Repair of inguinal hernia,2366,CIEL,"161791"
Repair of recurrent inguinal hernia,2632,CIEL,"161792"
Repair of ventral hernia,2453,CIEL,"161793"
Repair of epigastric hernia,2434,CIEL,"161794"
Repair of umbilical hernia,2675,CIEL,"161795"
Closure or repair of abdominal wall dehiscence,2636,CIEL,"161796"
Cystostomy and insertion of suprapubic catheter,2547,CIEL,"161797"
Repair of laceration of bladder,2668,CIEL,"161798"
Excision of lesion on penis,2486,CIEL,"161799"
Biopsy of penis,2641,CIEL,"161800"
Partial amputation of penis,2367,CIEL,"161801"
Complete amputation of penis,2475,CIEL,"161802"
Circumcision,425,CIEL,"161803"
Biopsy of testis,2393,CIEL,"161804"
Orchiectomy,2534,CIEL,"161805"
Surgical reduction of torsion of testis,2430,CIEL,"161806"
Orchidopexy,2714,CIEL,"161807"
Repair of hydrocele,2504,CIEL,"161808"
Drainage of scrotal wall abscess,2656,CIEL,"161809"
Exploration of scrotum,2590,CIEL,"161810"
Ligation of varicocele,2532,CIEL,"161811"
Incision and drainage of Bartholin's gland,2524,CIEL,"161812"
Separation of labial adhesions,2478,CIEL,"161813"
Biopsy of vulva,2553,CIEL,"161814"
Excision of Bartholin's gland,2509,CIEL,"161815"
Excision of Bartholin's cyst,2697,CIEL,"161816"
Colpotomy with drainage of pelvic abscess,2691,CIEL,"161817"
Evacuation of hematoma of vagina,2623,CIEL,"161818"
Biopsy of vagina,2723,CIEL,"161819"
Partial excision of vagina,2599,CIEL,"161820"
Complete excision of vagina,2707,CIEL,"161821"
Excision of lesion of vagina,2566,CIEL,"161822"
Repair of vaginal tear,2437,CIEL,"161823"
Colpoperineorrhaphy,2708,CIEL,"161824"
Pelvic examination under anesthesia,2677,CIEL,"161825"
Biopsy of cervix,2644,CIEL,"161826"
Biopsy of endometrium,2709,CIEL,"161827"
Diagnostic dilation and curettage of uterus,2631,CIEL,"161828"
Uterine myomectomy,2403,CIEL,"161829"
Total abdominal hysterectomy,2688,CIEL,"161830"
Radical abdominal hysterectomy,2463,CIEL,"161831"
Pelvic lymphadenectomy,2487,CIEL,"161832"
Vaginal hysterectomy,2616,CIEL,"161833"
Suture of uterus,2687,CIEL,"161834"
Salpingectomy,2621,CIEL,"161835"
Salpingo-oophorectomy,2712,CIEL,"161836"
Salpingolysis,2407,CIEL,"161837"
Salpingosalpingostomy,2384,CIEL,"161838"
Drainage of ovarian cyst,2589,CIEL,"161839"
Drainage of ovarian abscess,2704,CIEL,"161840"
Biopsy of ovary,2628,CIEL,"161841"
Wedge resection of ovary,2381,CIEL,"161842"
Excision of cyst of ovary,2710,CIEL,"161843"
Oophorectomy,2519,CIEL,"161844"
Salpingectomy for tubal ectopic pregnancy,2387,CIEL,"161845"
Cerclage of cervix during pregnancy by vaginal approach,2500,CIEL,"161846"
Repair of obstetric laceration of uterus,2584,CIEL,"161847"
Caesarean hysterectomy,2421,CIEL,"161848"
Dilatation and curettage for incomplete spontaneous abortion,2517,CIEL,"161849"
Dilation and curettage for removal of missed abortion,2610,CIEL,"161850"
Biopsy of thyroid,2706,CIEL,"161851"
Removal of thyroid nodule,2569,CIEL,"161852"
Partial lobectomy of thyroid,2611,CIEL,"161853"
Lobectomy of thyroid gland,2508,CIEL,"161854"
Total thyroidectomy,2512,CIEL,"161855"
Radical Neck Dissection,2382,CIEL,"161856"
Excision of thyroglossal duct cyst,2376,CIEL,"161857"
Parathyroidectomy,2531,CIEL,"161858"
Trephination of cranium,2693,CIEL,"161859"
Craniotomy and evacuation of traumatic hematoma,2588,CIEL,"161860"
Decompressive craniotomy,2490,CIEL,"161861"
Repair of digital nerve,2665,CIEL,"161862"
Repair of peripheral nerve,2606,CIEL,"161863"
Enucleation of eyeball,2580,CIEL,"161864"
Extraction of cataract,2465,CIEL,"161865"
Drainage of external ear,2721,CIEL,"161866"
Drainage of external auditory canal abscess,2694,CIEL,"161867"
Biopsy of external ear,2583,CIEL,"161868"
Partial excision of external ear,2703,CIEL,"161869"
Excision of lesion of external auditory canal,2470,CIEL,"161870"
Removal of foreign body from external auditory canal,2468,CIEL,"161871"
Repair of auricle of ear,2722,CIEL,"161872"
Suture of laceration of external ear,2368,CIEL,"161873"
Reconstruction of external auditory canal,2429,CIEL,"161874"
Myringotomy,2523,CIEL,"161875"
Removal of tympanic ventilation tube from tympanic membrane,2622,CIEL,"161876"
Insertion of tympanic ventilation tube,2533,CIEL,"161877"
Antiretroviral drug side effects since last visit construct,3541,CIEL,"161879"
Oral contraceptive surveillance,2741,CIEL,"161882"
Supervision of normal first pregnancy,5086,CIEL,"161883"
Supervision of subsequent normal pregnancy,5085,CIEL,"161884"
Insertion of contraceptive implant,2733,CIEL,"161885"
Insertion of IUD,2749,CIEL,"161886"
Watery diarrhea,4779,CIEL,"161887"
Admission for sterilization,4030,CIEL,"161889"
Caesarean section with tubal ligation,2369,CIEL,"161890"
"Ligation of uterine arteries, bilateral",2574,CIEL,"161891"
Follow-up examination after chemotherapy for malignant neoplasm,5096,CIEL,"161892"
Follow-up examination after combined treatment for malignant neoplasm,5135,CIEL,"161893"
Follow-up examination after surgery for malignant neoplasm,5114,CIEL,"161894"
Chemotherapy session for neoplasm,5136,CIEL,"161895"
Encounter for palliative care,4352,CIEL,"161896"
RPR,2935,CIEL,"1619"
Disorder of gingiva and edentulous alveolar ridge,4675,CIEL,"161901"
"Dental caries, class I",4640,CIEL,"161903"
"Dental caries, class II",4665,CIEL,"161904"
"Dental caries, class III",4670,CIEL,"161905"
"Dental caries, class IV",4658,CIEL,"161906"
"Dental caries, class V",4664,CIEL,"161907"
Intravenous fluids administered,653,CIEL,"161911"
Dextrose 10% in water,646,CIEL,"161922"
Dextrose 5% in Sodium Chloride 0.45%,652,CIEL,"161923"
Mannitol 20%,649,CIEL,"161924"
Urine output (mL),8298,CIEL,"161929"
Endocarditis prevention therapy,6575,CIEL,"161930"
Pathology sample sent,2869,CIEL,"161933"
Unplanned intubation for respiratory/cardiac failure,2842,CIEL,"161935"
Postoperative anaesthesia care unit (PACU),8481,CIEL,"161937"
Dressing change under anesthesia,2496,CIEL,"161945"
Excision benign breast mass,2564,CIEL,"161946"
Partial mastectomy,2598,CIEL,"161947"
Partial mastectomy with axillary lymphadenectomy,2661,CIEL,"161948"
Excision of lesion of mandible,2671,CIEL,"161949"
Closed reduction of fracture of proximal humerus,2686,CIEL,"161950"
Open reduction of fracture of proximal humerus (neck) with internal fixation,2700,CIEL,"161951"
Closed reduction of dislocation of shoulder,2417,CIEL,"161952"
Manipulation of shoulder joint under anesthesia,2431,CIEL,"161953"
Manipulation of elbow joint under anesthesia,2448,CIEL,"161954"
Excision of radial head,2473,CIEL,"161955"
Closed reduction of fracture of shaft of humerus,2377,CIEL,"161956"
Open reduction of fracture of shaft of humerus with internal fixation,2412,CIEL,"161957"
Closed reduction of fracture of shaft of humerus with intramedullary fixation,2660,CIEL,"161958"
Closed reduction of supracondylar fracture of humerus,2629,CIEL,"161959"
Open reduction of supracondylar fracture of humerus with internal fixation,2608,CIEL,"161960"
Closed reduction of fracture of medial epicondyle of humerus with percutaneous fixation,2578,CIEL,"161961"
Closed reduction of fracture of lateral epicondyle of humerus with percutaneous fixation,2546,CIEL,"161962"
"Open reduction of epicondylar fracture of humerus, medial or lateral, with internal fixation",2518,CIEL,"161963"
Closed reduction of dislocation of elbow,2497,CIEL,"161964"
Open reduction of dislocation of elbow,2461,CIEL,"161965"
Closed reduction of fracture of proximal radius,2365,CIEL,"161966"
Open reduction of fracture of proximal radius with internal fixation,2399,CIEL,"161967"
Closed reduction of fracture of proximal ulna,2545,CIEL,"161968"
Open reduction of fracture of proximal ulna with internal fixation,2484,CIEL,"161969"
Above elbow amputation,2493,CIEL,"161970"
Decompressive fasciotomy of upper extremity,2609,CIEL,"161971"
Closed reduction of fracture of shaft of radius,2568,CIEL,"161972"
Open reduction of fracture of shaft of radius with internal fixation,2596,CIEL,"161973"
Closed reduction of fracture of shaft of ulna,2692,CIEL,"161974"
Open reduction of fracture of shaft of ulna with internal fixation,2647,CIEL,"161975"
Closed reduction of fracture of distal radius,2562,CIEL,"161976"
Closed reduction of fracture of distal radius with percutaneous fixation,2624,CIEL,"161977"
Open reduction of fracture of distal radius with internal fixation,2670,CIEL,"161978"
Open reduction of fracture of scaphoid with fixation,2658,CIEL,"161979"
Open reduction of fracture of carpal bone with fixation,2701,CIEL,"161980"
Closed reduction of dislocation of wrist,2685,CIEL,"161981"
Open reduction of dislocation of wrist,2379,CIEL,"161982"
Repair of flexor tendon at wrist,2614,CIEL,"161983"
Repair of extensor tendon at wrist,2425,CIEL,"161984"
Drainage of felon,2474,CIEL,"161985"
Repair of extensor tendon at hand,2375,CIEL,"161986"
Repair of flexor tendon at hand,2419,CIEL,"161987"
Repair of flexor tendon at finger,2586,CIEL,"161988"
Repair of extensor tendon at finger,2482,CIEL,"161989"
Closed reduction of fracture of metacarpal,2491,CIEL,"161990"
Open reduction of fracture of metacarpal with internal fixation,2514,CIEL,"161991"
Closed reduction of thumb carpometacarpal dislocation,2567,CIEL,"161992"
Closed reduction of metacarpophalangeal dislocation,2575,CIEL,"161993"
Open reduction of metacarpophalangeal dislocation,2600,CIEL,"161994"
Closed reduction of fracture of phalanx of hand,2648,CIEL,"161995"
Open reduction of fracture of phalanx of hand with internal fixation,2560,CIEL,"161996"
Closed reduction of fracture of phalanx of hand with percutaneous fixation,2535,CIEL,"161997"
Closed reduction of interphalangeal dislocation,2507,CIEL,"161998"
Open reduction of interphalangeal dislocation,2481,CIEL,"161999"
"Amputation of finger, except thumb",2439,CIEL,"162000"
Amputation of thumb,2426,CIEL,"162001"
Closed reduction of intracapsular fracture of neck of femur,2378,CIEL,"162002"
Open reduction of fracture of intracapsular neck of femur with internal fixation,2702,CIEL,"162003"
Closed reduction of extracapsular fracture of neck of femur,2683,CIEL,"162004"
Open reduction of extracapsular fracture of neck of femur with internal fixation,2650,CIEL,"162005"
Open reduction of fracture of greater trochanter of femur with internal fixation,2374,CIEL,"162006"
Excision of popliteal cyst of knee,2396,CIEL,"162007"
Repair of patellar tendon,2725,CIEL,"162008"
Decompressive fasciotomy of lower extremity,2655,CIEL,"162009"
Closed reduction of fracture of shaft of femur,2662,CIEL,"162010"
Closed reduction of supracondylar fracture of femur,2601,CIEL,"162011"
Open reduction of supracondylar fracture of femur with internal fixation,2572,CIEL,"162012"
Open reduction fracture of shaft of femur with intramedullary nailing,2577,CIEL,"162013"
Open reduction of fracture of shaft of femur with internal fixation,2513,CIEL,"162014"
Closed reduction of fracture of distal femur (condyle),2476,CIEL,"162015"
Closed reduction of fracture of distal femur (condyle) with percutaneous fixation,2559,CIEL,"162016"
Open reduction of fracture of distal femur (condyle) with internal fixation,2620,CIEL,"162017"
Open reduction of fracture of patella with internal fixation,2505,CIEL,"162018"
Partial excision of patella,2480,CIEL,"162019"
Closed reduction of fracture of proximal tibia,2541,CIEL,"162020"
Open reduction of fracture of proximal tibia (plateau) with internal fixation,2411,CIEL,"162021"
Open reduction of fracture of proximal tibia (extra-articular) with internal fixation,2391,CIEL,"162022"
Closed reduction of dislocation of knee,2443,CIEL,"162023"
Manipulation of knee joint under anesthesia,2427,CIEL,"162024"
Repair of ruptured Achilles tendon,2651,CIEL,"162025"
Closed reduction of fracture of shaft of tibia,2371,CIEL,"162026"
External fixation of fracture of shaft of tibia,2394,CIEL,"162027"
Open reduction of fracture of shaft of tibia with internal fixation,2459,CIEL,"162028"
Intramedullary nailing of fracture of shaft of tibia,2654,CIEL,"162029"
Closed reduction of fracture of medial malleolus,2664,CIEL,"162030"
Open reduction of fracture of medial malleolus with internal fixation,2720,CIEL,"162031"
Closed reduction of fracture of posterior malleolus,2573,CIEL,"162032"
Closed reduction of fracture of shaft of fibula,2579,CIEL,"162033"
Open reduction of fracture of shaft of fibula with internal fixation,2607,CIEL,"162034"
Closed reduction of fracture of distal fibula (lateral malleolus),2479,CIEL,"162035"
Open reduction of fracture of distal fibula (lateral malleolus) with internal fixation,2557,CIEL,"162036"
Closed reduction of bimalleolar ankle fracture,2699,CIEL,"162037"
Open reduction of bimalleolar ankle fracture with internal fixation,2678,CIEL,"162038"
External fixation of fracture of distal tibia,2643,CIEL,"162039"
Closed reduction of dislocation of ankle,2440,CIEL,"162040"
Open reduction of dislocation of ankle,2414,CIEL,"162041"
Mild anemia,4774,CIEL,"162042"
Moderate anemia,4780,CIEL,"162043"
Severe anemia,4893,CIEL,"162044"
Post-traumatic arthrosis,4190,CIEL,"162045"
Black color,3046,CIEL,"162065"
Specimen number,338,CIEL,"162086"
Test name,3077,CIEL,"162087"
Longitudinal lie,3925,CIEL,"162088"
Fetal lie,3926,CIEL,"162089"
Estimated maternal blood loss (qualitative),5566,CIEL,"162092"
Maternal condition during puerperium (text),5523,CIEL,"162093"
Medications administered to patient's child at his/her delivery,6501,CIEL,"162094"
Urine dipstick for blood,2964,CIEL,"162096"
Light yellow color,2946,CIEL,"162097"
Dark yellow color,2945,CIEL,"162098"
Colorless,2943,CIEL,"162099"
Brown color,2944,CIEL,"162100"
Urine aspect,2952,CIEL,"162101"
Urine appears clear,2949,CIEL,"162102"
Cloudy urine,2951,CIEL,"162103"
Urine appears turbid,2950,CIEL,"162104"
Yellow-green color,2947,CIEL,"162105"
Urine color,2948,CIEL,"162106"
Fetal movements present,7244,CIEL,"162108"
Neonatal umbilical stump dry,6961,CIEL,"162120"
Neonatal umbilical stump status,6963,CIEL,"162121"
Neonatal umbilical stump clean,6958,CIEL,"162122"
Neonatal umbilical stump not clean,6960,CIEL,"162123"
Neonatal umbilical stump moist,6957,CIEL,"162124"
Neonatal umbilical stump not healed,6959,CIEL,"162125"
Neonatal umbilical stump healed,6962,CIEL,"162126"
Cesarean section wound status,5954,CIEL,"162128"
Wound intact and healing,5952,CIEL,"162129"
Surgical wound healed,5950,CIEL,"162130"
Neonatal resuscitation,3912,CIEL,"162131"
One time,1304,CIEL,"162135"
One time STAT,1316,CIEL,"162136"
Magnesium carbonate + citric acid,2330,CIEL,"162137"
Lubricant jelly,2117,CIEL,"162138"
Anti-rabies serum,2223,CIEL,"162139"
Patient-generated history: Allergies section text,673,CIEL,"162141"
Patient-generated history: Social history section text,1127,CIEL,"162143"
Patient-generated history: Psychiatric section text,6463,CIEL,"162159"
Patient-generated history: Medication summary text,724,CIEL,"162165"
"Anti-haemorrhoid, ointment",2228,CIEL,"162167"
Bacitracin with neomycin sulphate,2038,CIEL,"162168"
Sulfonamides,1429,CIEL,"162170"
Eggs,1419,CIEL,"162171"
Peanuts,1420,CIEL,"162172"
Shellfish,1410,CIEL,"162175"
Soy,1414,CIEL,"162176"
Wheat,1416,CIEL,"162177"
HIV with high viral load,5572,CIEL,"162185"
Patient forgot to attend appointment,1330,CIEL,"162192"
Normal labor,4110,CIEL,"162193"
Active phase of labor,4016,CIEL,"162194"
Antenatal visit,430,CIEL,"1622"
TDF + 3TC + LPV/r,2340,CIEL,"162201"
GeneXpert MTB/RIF,3069,CIEL,"162202"
Mycobacterium tuberculosis detected with rifampin resistance,3195,CIEL,"162203"
Mycobacterium tuberculosis detected without rifampin resistance,3194,CIEL,"162204"
"Single liveborn infant, born in hospital",3996,CIEL,"162205"
Abortion complicated by hemorrhage,4053,CIEL,"162206"
"Well baby exam, 8 to 28 days old",4331,CIEL,"162208"
"Well baby exam, less than 8 days old",4327,CIEL,"162209"
"Triplets or more, liveborn in hospital",4024,CIEL,"162211"
Congestive heart failure exacerbation,4203,CIEL,"162212"
Omentectomy,2373,CIEL,"162213"
Lysis of adhesions,2395,CIEL,"162214"
Excision of lymph node,2530,CIEL,"162215"
"Low birth weight infant, 1000-1249 gm",4318,CIEL,"162217"
"Low birth weight, 1250-1499 gm",4341,CIEL,"162218"
"Low birth weight, 1500-1749 gm",4310,CIEL,"162219"
"Intraventricular hemorrhage in newborn, non-traumatic",4291,CIEL,"162220"
Reason eligible for antiretroviral therapy,3585,CIEL,"162225"
Disturbance of cerebral function of newborn,4246,CIEL,"162231"
Disorder of muscle tone of the newborn,4295,CIEL,"162232"
"Hypoxic ischemic encephalopathy in newborn, mild",4346,CIEL,"162233"
"Hypoxic ischemic encephalopathy in newborn, moderate",4287,CIEL,"162234"
"Hypoxic ischemic encephalopathy in newborn, severe",4324,CIEL,"162235"
Neoplasm of the eye,4260,CIEL,"162236"
"Low birth weight infant, 1750-1999 gm",4326,CIEL,"162237"
Neonatal aspiration of amniotic fluid,4288,CIEL,"162238"
"Low birth weight infant, 2000-2499 gm",3788,CIEL,"162239"
Every 30 min,1298,CIEL,"162243"
Every hour,1313,CIEL,"162244"
Q2H (every 2 hours),1322,CIEL,"162245"
Q3H (every 3 hours),1301,CIEL,"162246"
Q4H (every 4 hours),1288,CIEL,"162247"
Every five hours,1290,CIEL,"162248"
Q6H (every 6 hours),1315,CIEL,"162249"
Every eight hours,1286,CIEL,"162250"
Q12H (every 12 hours),1319,CIEL,"162251"
Every twenty-four hours,1318,CIEL,"162252"
Every forty-eight hours,1312,CIEL,"162253"
Every thirty-six hours,1292,CIEL,"162254"
Every seventy-two hours,1287,CIEL,"162255"
"Every Monday, Wednesday and Friday",1302,CIEL,"162256"
Fever lasting more than two weeks,3416,CIEL,"162260"
Liter,321,CIEL,"162262"
Milliliter,303,CIEL,"162263"
International units,288,CIEL,"162264"
Abdomen and pelvis with contrast (CT),863,CIEL,"162285"
Cervical spine with contrast (CT),852,CIEL,"162286"
Chest with contrast (CT),859,CIEL,"162287"
Head with contrast (CT),849,CIEL,"162288"
Lumbar spine with contrast (CT),856,CIEL,"162289"
Lower extremity - Right with contrast (CT),861,CIEL,"162290"
Lower extremity - Left with contrast (CT),854,CIEL,"162291"
Facial bones and maxilla with contrast IV (CT),857,CIEL,"162292"
Neck with contrast (CT),855,CIEL,"162293"
Thoracic spine with contrast (CT),853,CIEL,"162294"
Levonorgestrel + Ethinylestradiol + Ferrous fumarate,2321,CIEL,"162296"
Penicillins,1425,CIEL,"162297"
ACE inhibitors,1426,CIEL,"162298"
ARBs (angiotensin II receptor blockers),1422,CIEL,"162299"
Cephalosporins,1423,CIEL,"162301"
Erythromycins,1431,CIEL,"162302"
Heparins,1427,CIEL,"162305"
NSAIDs,1432,CIEL,"162306"
Statins,1428,CIEL,"162307"
Adverse effects of psychotropic medication,4608,CIEL,"162312"
Mania with psychotic symptoms,4614,CIEL,"162313"
Mania without psychotic symptoms,4609,CIEL,"162314"
Maternal fetal infection,4345,CIEL,"162315"
Newborn exposure to maternal syphilis,4251,CIEL,"162316"
Prenatal multivitamin,2199,CIEL,"162319"
Date started on tuberculosis prophylaxis,3668,CIEL,"162320"
Highly active antiretroviral therapy,3737,CIEL,"162321"
Interrupted highly active antiretroviral therapy,3736,CIEL,"162322"
PMTCT Option A regimen,3738,CIEL,"162323"
Nevirapine administered for six weeks,3735,CIEL,"162326"
Severe uncomplicated malnutrition,4873,CIEL,"162331"
Nourimanba (RUTF),2215,CIEL,"162333"
Ampule(s),325,CIEL,"162335"
Bar,304,CIEL,"162351"
Bottle,320,CIEL,"162353"
Can,290,CIEL,"162354"
Container,323,CIEL,"162355"
Drop,286,CIEL,"162356"
Enema,311,CIEL,"162357"
Fluid ounce,315,CIEL,"162358"
Gallon,310,CIEL,"162359"
Gum,301,CIEL,"162360"
Inch,306,CIEL,"162361"
Kilogram,296,CIEL,"162362"
Lozenge,285,CIEL,"162363"
Milliequivalent,297,CIEL,"162364"
Metric drop,316,CIEL,"162365"
Microgram,309,CIEL,"162366"
Million units,312,CIEL,"162367"
Nebulizer,289,CIEL,"162368"
Pad,293,CIEL,"162369"
Patch,318,CIEL,"162370"
Pint,284,CIEL,"162371"
Puff,298,CIEL,"162372"
Ring pessary,319,CIEL,"162373"
Scoopful,307,CIEL,"162374"
Spray,326,CIEL,"162375"
Application,305,CIEL,"162376"
Syringe,313,CIEL,"162377"
Tablespoon,292,CIEL,"162378"
Teaspoon,317,CIEL,"162379"
Tube,291,CIEL,"162380"
Unit,300,CIEL,"162381"
Vial,322,CIEL,"162382"
Biscuit wafer,308,CIEL,"162383"
Dosing unit,328,CIEL,"162384"
In left ear,1369,CIEL,"162385"
In right ear,1363,CIEL,"162386"
In both ears,1361,CIEL,"162387"
In left eye,1359,CIEL,"162388"
In right eye,1376,CIEL,"162389"
In both eyes,1366,CIEL,"162390"
Transdermal,1368,CIEL,"162391"
Vaginally,1360,CIEL,"162392"
Rectally,1378,CIEL,"162393"
Routes of administration,1379,CIEL,"162394"
Bag,1356,CIEL,"162395"
Box,1355,CIEL,"162396"
Cartridge,1352,CIEL,"162397"
Dose pack,1351,CIEL,"162398"
Each,1353,CIEL,"162399"
Inhaler,1354,CIEL,"162400"
Kit,1350,CIEL,"162401"
Dispensing units,1357,CIEL,"162402"
Buccal film,8576,CIEL,"162405"
Buccal tablet,8575,CIEL,"162406"
Sustained release buccal tablet,8577,CIEL,"162407"
Douche,8638,CIEL,"162416"
Dry powder inhaler,8582,CIEL,"162417"
Implant,8124,CIEL,"162422"
Inhalation powder,8580,CIEL,"162424"
Inhalation solution,8579,CIEL,"162425"
Nasal gel,8590,CIEL,"162430"
Nasal ointment,8591,CIEL,"162431"
Nasal solution,8593,CIEL,"162432"
Nasal spray,8592,CIEL,"162433"
Eye cream,8597,CIEL,"162435"
Eye gel,8595,CIEL,"162436"
Eye irrigation solution,8598,CIEL,"162437"
Eye suspension,8599,CIEL,"162438"
Oral cream,8602,CIEL,"162439"
Oral foam,8604,CIEL,"162440"
Oral gel,8606,CIEL,"162441"
Oral ointment,8611,CIEL,"162442"
Oral paste,8613,CIEL,"162443"
Ear solution,8615,CIEL,"162445"
Ear suspension,8616,CIEL,"162446"
Pre-filled syringe,8585,CIEL,"162451"
Rectal cream,8626,CIEL,"162454"
Rectal foam,8624,CIEL,"162455"
Rectal gel,8623,CIEL,"162456"
Rectal ointment,8627,CIEL,"162457"
Rectal suppository,8625,CIEL,"162458"
Sublingual tablet,8547,CIEL,"162460"
Sustained-release tablet,8620,CIEL,"162465"
Topical solution,8633,CIEL,"162467"
Vaginal cream,8641,CIEL,"162469"
Vaginal foam,8640,CIEL,"162470"
Vaginal gel,8637,CIEL,"162471"
Vaginal ointment,8639,CIEL,"162472"
"Pedestrian injured in collision with car, van or truck",4447,CIEL,"162482"
Fracture of first cervical vertebra,4559,CIEL,"162483"
Mifepristone / Misoprostol combination,6227,CIEL,"162484"
Miltefosine,5885,CIEL,"162488"
Prussian blue,5874,CIEL,"162489"
Triclabendazole,5838,CIEL,"162490"
Diabetic arthropathy,4579,CIEL,"162491"
Infantile scoliosis,4568,CIEL,"162492"
Juvenile idiopathic scoliosis,4556,CIEL,"162493"
Pedestrian injured by two wheeled vehicle,4533,CIEL,"162495"
Complete tear of ligament of ankle or foot,4478,CIEL,"162497"
Fracture of talus,4566,CIEL,"162498"
Fracture of lateral malleolus,4479,CIEL,"162499"
Personal history of seizure disorder,6515,CIEL,"1625"
Fracture of medial malleolus,4474,CIEL,"162500"
Extremities cold,1588,CIEL,"162509"
Prolonged capillary refill time,685,CIEL,"162512"
Capillary filling time (sec),643,CIEL,"162513"
Infant feeding observed,8302,CIEL,"162522"
Fracture of distal femur,4506,CIEL,"162526"
Injury to quadriceps muscle or tendon,4514,CIEL,"162527"
Injury to nerve at level of wrist or hand,4485,CIEL,"162528"
Injury to flexor tendon of hand or wrist,4457,CIEL,"162529"
Radial nerve injury at upper arm level,4542,CIEL,"162530"
Traumatic amputation of upper arm,4531,CIEL,"162531"
Fracture of proximal end of ulna,4508,CIEL,"162532"
Radial shaft fracture,4524,CIEL,"162533"
Forearm nerve injury,4517,CIEL,"162534"
Pain in thoracic spine,4377,CIEL,"162535"
Bee stings,1438,CIEL,"162536"
Dust,1435,CIEL,"162537"
Latex,1441,CIEL,"162538"
Mold,1439,CIEL,"162539"
Pollen,1437,CIEL,"162540"
Ragweed,1436,CIEL,"162541"
Adhesive tape,1440,CIEL,"162542"
Beef,1412,CIEL,"162543"
Chocolate,1418,CIEL,"162544"
Dairy food,1411,CIEL,"162545"
Fish,1409,CIEL,"162546"
Milk protein,1415,CIEL,"162547"
Strawberries,1417,CIEL,"162548"
Date medication refills due,6295,CIEL,"162549"
Illicit substance use,1697,CIEL,"162556"
Disability,7075,CIEL,"162558"
AZT + 3TC + LPR/r,2355,CIEL,"162561"
TDF + 3TC + NVP,2348,CIEL,"162565"
Patient,1387,CIEL,"162571"
Title of who completed form,28,CIEL,"162577"
Title of who completed form detail,29,CIEL,"162581"
Number of occurrences,974,CIEL,"162582"
Seconds,973,CIEL,"162583"
Weight for age (z-score),1188,CIEL,"162584"
Measles-Rubella vaccine,170,CIEL,"162586"
Doctor,11,CIEL,"162591"
Clinical officer/physician assistant,5817,CIEL,"162592"
Vaginal delivery,3819,CIEL,"162595"
Exposure start date/time,3525,CIEL,"162601"
Exposure end date/time,3524,CIEL,"162602"
Exposure duration,1689,CIEL,"162603"
Insertion of central venous catheter,657,CIEL,"162625"
Patient is contact of known or suspected infectious case,683,CIEL,"162633"
Level of consciousness,1504,CIEL,"162643"
Responds to pain,1203,CIEL,"162644"
Responds to voice,1207,CIEL,"162645"
Reduced,8458,CIEL,"162648"
Stool quality,7842,CIEL,"162654"
Formed,7841,CIEL,"162655"
Semi-formed,7840,CIEL,"162656"
Liquid,7839,CIEL,"162657"
Total fluid output over past 24 hours (mL),8105,CIEL,"162659"
Vagina,7895,CIEL,"162673"
Symptom progression,3300,CIEL,"162676"
Improved,3299,CIEL,"162677"
Worse,3298,CIEL,"162678"
Unchanged,3297,CIEL,"162679"
Life threatening severity,1444,CIEL,"162693"
Eligible for antiretroviral therapy (ART),3265,CIEL,"162703"
Private vehicle,5825,CIEL,"162712"
Health facility name,1722,CIEL,"162724"
Next of kin name (text),5522,CIEL,"162729"
Room air,677,CIEL,"162735"
Supplemental oxygen therapy,678,CIEL,"162738"
Type of air supply to patient,679,CIEL,"162739"
Suspected,722,CIEL,"162743"
Co-morbid conditions,675,CIEL,"162747"
Clinical management plan comment,41,CIEL,"162749"
Able to walk without assistance,3324,CIEL,"162750"
Able to walk with assistance,3326,CIEL,"162751"
Bedridden,3323,CIEL,"162752"
Level of mobility,3327,CIEL,"162753"
Severity of adverse reaction,1445,CIEL,"162760"
Metered dose inhaler,8581,CIEL,"162767"
Oral capsule,8621,CIEL,"162769"
Oral solution,8608,CIEL,"162770"
Oral tablet,8619,CIEL,"162771"
Rectal solution,8628,CIEL,"162772"
Topical gel,8630,CIEL,"162774"
Topical lotion,8631,CIEL,"162775"
Topical ointment,8632,CIEL,"162776"
Topical spray,8634,CIEL,"162777"
Powder for injection,8584,CIEL,"162778"
Smith's fracture,4456,CIEL,"162782"
Injury of flexor tendon and muscle of forearm,4571,CIEL,"162783"
Injury of extensor tendon and muscle of forearm,4445,CIEL,"162784"
Traumatic amputation through forearm,4454,CIEL,"162785"
Injury to blood vessel at the level of the wrist and hand,4451,CIEL,"162786"
Injury of extensor tendon of hand,4471,CIEL,"162787"
Injury of extensor tendon of wrist,4504,CIEL,"162788"
"Traumatic amputation of wrist and hand, level unspecified",4460,CIEL,"162789"
Traumatic amputation through hip,4467,CIEL,"162790"
Traumatic Amputation at Level between Hip and Knee,4572,CIEL,"162791"
Traumatic amputation of lower leg,4567,CIEL,"162792"
Fracture of tarsal bone other than talus or calcaneus,4449,CIEL,"162793"
Insertion of copper IUD,6277,CIEL,"162794"
Insertion of hormonal IUD,6276,CIEL,"162795"
DVR/r,2347,CIEL,"162796"
Topical,1362,CIEL,"162797"
Per NG tube,1377,CIEL,"162798"
Repair of cystocele,2736,CIEL,"162799"
Past medical history finding,33,CIEL,"1628"
Anterior colporrhaphy,2730,CIEL,"162800"
Posterior colporrhaphy,2760,CIEL,"162801"
Simple vulvectomy,2756,CIEL,"162802"
Excision of left vulva,2738,CIEL,"162803"
Excision of right vulva,2731,CIEL,"162804"
Radical vulvectomy,2729,CIEL,"162805"
Right salpingectomy,2761,CIEL,"162806"
Left salpingectomy,2739,CIEL,"162807"
Fimbrioplasty,2753,CIEL,"162808"
Marsupialization of Bartholin's gland,2740,CIEL,"162809"
LEEP (loop electrosurgical excision procedure),2727,CIEL,"162810"
Cone biopsy of cervix,2748,CIEL,"162811"
Cryotherapy of lesion of cervix,2752,CIEL,"162812"
Core needle biopsy,2745,CIEL,"162813"
Mayer-Rokitansky-Kuster-Hauser syndrome,4028,CIEL,"162814"
Digital curettage of uterus,2750,CIEL,"162815"
Colposcopy of cervix with acetic acid,2759,CIEL,"162816"
Removal of IUD,2732,CIEL,"162817"
Normal delivery imminent,4035,CIEL,"162818"
Fatal,1443,CIEL,"162819"
Intraosseous,1375,CIEL,"162824"
Breast examination (text),1607,CIEL,"162825"
Interaction,3700,CIEL,"162853"
Dextrose 5% in NaCl,2098,CIEL,"162857"
Dextrose 5% + NaCl 0.45%,2027,CIEL,"162859"
Probable,720,CIEL,"162863"
Pending status,3837,CIEL,"162866"
Adverse event reported,6712,CIEL,"162871"
Reason for admission (text),1720,CIEL,"162879"
Date medication last taken,3372,CIEL,"162881"
Ileocolic anastomosis,2612,CIEL,"162889"
Truncal vagotomy,2526,CIEL,"162890"
Secondary closure of amputation stump,2595,CIEL,"162891"
Repair of wound of abdominal wall,2472,CIEL,"162892"
Reconstruction with free flap,2696,CIEL,"162893"
Reconstruction with distant flap,2522,CIEL,"162894"
Ureterotomy,2666,CIEL,"162895"
Flap operation to relax contracture of skin,2408,CIEL,"162896"
Laparoscopic cholecystectomy,2549,CIEL,"162897"
Left colectomy,2544,CIEL,"162898"
Right colectomy,2653,CIEL,"162899"
Percutaneous endoscopic gastrostomy tube placement,2679,CIEL,"162900"
Partial nephrectomy,2485,CIEL,"162901"
Sigmoidoscopy,2615,CIEL,"162902"
Total nephrectomy,2592,CIEL,"162903"
Rigid proctosigmoidoscopy,2602,CIEL,"162905"
Removal of metalwork from bone,2715,CIEL,"162906"
Rectal polypectomy,2447,CIEL,"162907"
Laparoscopic appendectomy,2404,CIEL,"162908"
Diverticulectomy of duodenum,2386,CIEL,"162909"
Biopsy of appendix,2416,CIEL,"162910"
Biopsy of colon,2646,CIEL,"162911"
Heller esophagomyotomy,2423,CIEL,"162912"
Maxillectomy,2445,CIEL,"162913"
Proctosigmoidoscopy,2477,CIEL,"162914"
Exploration of penetrating wound of extremity,2464,CIEL,"162915"
Excision of lesion of maxillary sinus,2410,CIEL,"162916"
Biopsy of lesion of gingiva,2433,CIEL,"162917"
Revision to open reduction of fracture dislocation and cast immobilization,2634,CIEL,"162918"
Prostatectomy,2539,CIEL,"162921"
Total colectomy,2689,CIEL,"162922"
Partial resection of intestine with anastomosis,2698,CIEL,"162923"
Revision to closed reduction of fracture dislocation and cast immobilization,2390,CIEL,"162924"
Revision to closed reduction of fracture and cast immobilization,2409,CIEL,"162925"
Immobilization using plaster cast,2625,CIEL,"162926"
Excisional biopsy of breast,2489,CIEL,"162927"
Excisional biopsy of soft tissue,2385,CIEL,"162928"
Religion,143,CIEL,"162929"
Voodoo,131,CIEL,"162930"
Catholic,132,CIEL,"162931"
Baptist,133,CIEL,"162932"
Islam,134,CIEL,"162933"
Pentecostal,135,CIEL,"162934"
Seventh Day Adventist,136,CIEL,"162935"
Jehovah's Witness,137,CIEL,"162936"
Latent labor,4051,CIEL,"162938"
Secondary impetiginization,5009,CIEL,"162939"
Postinflammatory hyperpigmentation,5031,CIEL,"162940"
Acanthosis nigricans,5032,CIEL,"162941"
Civil servant,122,CIEL,"162944"
Market vendor,121,CIEL,"162945"
Member of a vulnerable development group (VDG),384,CIEL,"162956"
Entered in error report status,6210,CIEL,"162983"
Indirect bilirubin,2901,CIEL,"163001"
Abdomen with contrast (CT),7946,CIEL,"163004"
Zinc sulfate monohydrate,2095,CIEL,"163033"
Total fluid input over past 24 hours (mL),8104,CIEL,"163036"
Chest and abdomen without contrast (CT),881,CIEL,"163037"
"Chest, abdomen and pelvis (CAP) without contrast (CT)",877,CIEL,"163038"
Chest and abdomen with contrast (CT),862,CIEL,"163039"
"Chest, abdomen and pelvis (CAP) with contrast (CT)",858,CIEL,"163040"
Transthoracic echocardiogram,843,CIEL,"163041"
General examination (text),1489,CIEL,"163042"
Mental status exam findings,1632,CIEL,"163043"
Mental status examination (text),1546,CIEL,"163044"
HEENT examination (text),1492,CIEL,"163045"
Cardiac examination (text),1506,CIEL,"163046"
Urogenital examination (text),1474,CIEL,"163047"
Musculoskeletal examination (text),1611,CIEL,"163048"
Procedure site (text),1729,CIEL,"163049"
Cancer disease status,279,CIEL,"163050"
In remission,274,CIEL,"163051"
Stable but not improving,271,CIEL,"163052"
Improving,272,CIEL,"163053"
Locally recurrent tumor,275,CIEL,"163054"
Worsening,278,CIEL,"163055"
Metastatically recurrent tumor,277,CIEL,"163056"
Continue treatment,259,CIEL,"163057"
Follow-up with oncologist prior to continuing chemotherapy,239,CIEL,"163058"
Chemotherapy treatment plan,270,CIEL,"163059"
Palliative tamoxifen,243,CIEL,"163060"
Palliative Single Agent - Paclitaxel,250,CIEL,"163061"
Palliative Single Agent - Doxorubicin,238,CIEL,"163062"
Palliative Single Agent - 5FU/Leucovorin,246,CIEL,"163063"
Palliative Single Agent - Cyclophosphamide,248,CIEL,"163064"
Docetaxel / Doxorubicin / Cyclophosphamide,247,CIEL,"163065"
Doxorubicin / Cyclophosphamide,233,CIEL,"163066"
Cyclophosphamide / Methotrexate / Fluorouracil,242,CIEL,"163067"
"5FU / Leucovorin",244,CIEL,"163068"
Doxorubicin / Bleomycin / Vinblastine / Dacarbazine,234,CIEL,"163069"
Cyclophosphamide / Hydroxydaunorubicin / Oncovin / Prednisone,237,CIEL,"163070"
Cyclophosphamide / Oncovin / Prednisone,245,CIEL,"163071"
Paclitaxel / Carboplatin,229,CIEL,"163072"
Chemotherapy regimen,252,CIEL,"163073"
Numbness and tingling of skin,263,CIEL,"163074"
Chemotherapy side effect,269,CIEL,"163075"
Pain description and management plan (text),231,CIEL,"163077"
Waist circumference (cm),442,CIEL,"163080"
Hip circumference (cm),615,CIEL,"163081"
High-risk pregnancy due to previous obstetrical history,6156,CIEL,"163092"
Treatment plan (text),6403,CIEL,"163104"
General treatment status,3858,CIEL,"163105"
Instructions to patient and/or family,6134,CIEL,"163106"
Nervous system examination (text),1547,CIEL,"163109"
Blood group A,7255,CIEL,"163115"
Blood group B,7254,CIEL,"163116"
Blood group AB,7253,CIEL,"163117"
Blood group O,7252,CIEL,"163118"
High risk pregnancy due to advanced maternal age,4065,CIEL,"163120"
Christianity (non-Catholic),138,CIEL,"163125"
Blood group cell type,7256,CIEL,"163126"
Fetal head engaged,5524,CIEL,"163134"
Bedaquiline,1963,CIEL,"163143"
Delamanid,2301,CIEL,"163144"
High risk pregnancy due to previous caesarian section,4076,CIEL,"163155"
Estimated gestational age (weeks),8416,CIEL,"163166"
Date/time of referral,1745,CIEL,"163181"
Mean arterial pressure,7860,CIEL,"163187"
Bowel movements status,7347,CIEL,"163188"
Days in intensive care unit,687,CIEL,"163204"
Analgesic administration,695,CIEL,"163206"
Maternal postpartum complication from most recent pregnancy,7370,CIEL,"163208"
Clinical Global Impressions Scale,987,CIEL,"163221"
Clinical Global Impressions Severity Score,981,CIEL,"163222"
Clinical Global Impressions Improvement Score,986,CIEL,"163223"
Clinical Global Impressions Efficacy Score,984,CIEL,"163224"
Zamni Lasante Depression Symptom Inventory Score,980,CIEL,"163225"
World Health Organization Disability Assessment Schedule 2.0 Score,983,CIEL,"163226"
Abnormal Involuntary Movement Scale score,990,CIEL,"163227"
Center for Epidemiologic Studies Depression Scale score,989,CIEL,"163228"
Date of first visit,3713,CIEL,"163260"
Current health facility,3273,CIEL,"163266"
Date of last papanicolaou test,3244,CIEL,"163267"
Date of blood unit transfusion,3304,CIEL,"163268"
Maternal to fetal transmission of human immunodeficiency virus,3533,CIEL,"163273"
Accidental exposure to blood or body fluid,3510,CIEL,"163274"
Bisexual,3288,CIEL,"163275"
History of syphilis,3651,CIEL,"163276"
Anal intercourse,3641,CIEL,"163278"
Sexual activity for last three (3) months,3521,CIEL,"163279"
Patient-reported HIV viral load,3761,CIEL,"163280"
Date of reported HIV viral load,3682,CIEL,"163281"
Chronic fever lasting less than one month,3350,CIEL,"163282"
History of negative tuberculin skin test in past 3 months,3342,CIEL,"163283"
Date tuberculosis prophylaxis ended,3329,CIEL,"163284"
HIV risk factor exposure set,3538,CIEL,"163288"
Sex with person known to be infected by human immunodeficiency virus,3284,CIEL,"163289"
Sexually active with men,3290,CIEL,"163290"
Sexually active with women,3286,CIEL,"163291"
Less-common risk factors for HIV,3726,CIEL,"163292"
Unwell appearing,4914,CIEL,"163293"
Past medical history,36,CIEL,"1633"
Child's nutritional status,7496,CIEL,"163301"
Age of youngest child (years),6092,CIEL,"163305"
Mouth region examination findings,1551,CIEL,"163308"
Eye examination findings,1573,CIEL,"163309"
HIV viral load status,3695,CIEL,"163310"
Mental health intervention,1020,CIEL,"163311"
Interpersonal psychotherapy,1005,CIEL,"163314"
Security plan,1002,CIEL,"163321"
Antiretroviral treatment comment,3763,CIEL,"163322"
TB Treatment comment,3727,CIEL,"163323"
Co-infection with human immunodeficiency virus and tuberculosis,3581,CIEL,"163324"
Co-infection with human immunodeficiency virus and hepatitis B,3584,CIEL,"163325"
WHO Stage 3 and CD4 count <500,3580,CIEL,"163326"
Medical eligibility was established on the previous visit,3577,CIEL,"163327"
Patient with age >50 years,3576,CIEL,"163328"
Test and Treatment protocol,3582,CIEL,"163329"
Artist,5471,CIEL,"163335"
Nose exam findings,1488,CIEL,"163336"
Ear exam findings,1532,CIEL,"163337"
Incomplete,3767,CIEL,"163339"
Form status,3768,CIEL,"163340"
Form needs review,3247,CIEL,"163341"
Human immunodeficiency virus p24 antigen test,3764,CIEL,"163342"
Oropharyngeal swab specimen,711,CIEL,"163362"
Nasal swab specimen,713,CIEL,"163363"
Neck exam findings,1660,CIEL,"163388"
Delivery assistant construct,6247,CIEL,"163391"
Plumpy'Nut,2162,CIEL,"163394"
Previously hospitalized,1744,CIEL,"163403"
Acute focal neurologic deficit,1211,CIEL,"163410"
Foot ulcer,451,CIEL,"163411"
Fine needle aspiration of lymph node,2784,CIEL,"163419"
"Monocytes, eosinophils and basophils %",3008,CIEL,"163426"
Blood compatible,3204,CIEL,"163433"
Incompatible blood,3205,CIEL,"163434"
Coagulation profile,6203,CIEL,"163436"
Gamma globulin level,7853,CIEL,"163442"
Acid phosphatase blood test in blood (units/L),8340,CIEL,"163443"
Labor start date and time,6229,CIEL,"163444"
Mechanical dystocia,5539,CIEL,"163447"
Dynamic dystocia,5538,CIEL,"163448"
Dystocia type,5540,CIEL,"163449"
Late umbilical cord clamping,5534,CIEL,"163450"
Managed third stage of labor,5533,CIEL,"163452"
Visual examination of placenta completeness,5537,CIEL,"163454"
Complete placenta at delivery,5535,CIEL,"163455"
Incomplete placenta at delivery,5536,CIEL,"163456"
Delivery order number,3821,CIEL,"163460"
Diarrhea for less than two weeks,4849,CIEL,"163465"
Currently homeless,6336,CIEL,"163468"
Significant burn of skin,1236,CIEL,"163476"
Uncontrolled hemorrhage,1224,CIEL,"163482"
Refuses to eat,1245,CIEL,"163484"
Third tetanus vaccination for this pregnancy,3866,CIEL,"163491"
Fourth tetanus vaccination for this pregnancy,3868,CIEL,"163492"
Fifth tetanus vaccination for this pregnancy,3865,CIEL,"163493"
Change contraceptive method,8518,CIEL,"163494"
Neonatal visit,6904,CIEL,"163497"
First stage of labor,6907,CIEL,"163505"
Second stage of labor,6853,CIEL,"163506"
Third stage of labor,6906,CIEL,"163507"
Fourth stage of labor,6908,CIEL,"163508"
Stage of labor,6909,CIEL,"163511"
Personal history of surgery,1748,CIEL,"163521"
Pregnancy tetanus vaccination status,3870,CIEL,"163522"
HIV status disclosed to patient,3638,CIEL,"163524"
HIV status disclosed to parent / guardian,3401,CIEL,"163525"
Treatment start date,1324,CIEL,"163526"
Age at death (years),3565,CIEL,"163527"
Mother's child death history construct,3567,CIEL,"163528"
Health facility where mother received prenatal care,3378,CIEL,"163529"
Mother's patient identifier,3671,CIEL,"163530"
Facility name or name of place where mother gave birth,3283,CIEL,"163531"
Health status of contact,3260,CIEL,"163533"
Suspect HIV caused sibling death,3234,CIEL,"163534"
Number of siblings not infected with HIV,3596,CIEL,"163535"
Number of siblings with unknown HIV status,3402,CIEL,"163536"
Number of siblings who died of HIV,3394,CIEL,"163537"
Patient reported prior pneumocystis carinii pneumonia (PCP) prophylaxis,3363,CIEL,"163538"
Patient reported mycobacterium avium complex (MAC) prophylaxis,3712,CIEL,"163539"
Age when tested,3346,CIEL,"163540"
Units of age,3345,CIEL,"163541"
Patient reported CD4%,3341,CIEL,"163542"
Last patient reported CD4 count or CD4% date,3654,CIEL,"163543"
CD4 test never done or unknown if done,3395,CIEL,"163544"
Last HIV viral load,3568,CIEL,"163545"
Viral load test never done or unknown if done,3774,CIEL,"163546"
Date of first antenatal visit,3765,CIEL,"163547"
number of months after birth infant stopped feeding,3348,CIEL,"163548"
Duration of infant formula usage,3246,CIEL,"163549"
Duration of mixed feeding,3758,CIEL,"163550"
other infant feeding method,3734,CIEL,"163551"
Duration of other infant feeding method,3709,CIEL,"163552"
Infant formula type,3390,CIEL,"163553"
Birth height (cm),3233,CIEL,"163554"
Head circumference at birth (cm),3656,CIEL,"163555"
Type of provider,1047,CIEL,"163556"
Pharmacist,1046,CIEL,"163557"
Psychologist,597,CIEL,"163558"
Referral for sexually transmitted infection screening,3493,CIEL,"163559"
Prevention with positives services received,3494,CIEL,"163560"
Housing type,6337,CIEL,"163577"
General motor skills status,1528,CIEL,"163578"
Fine motor skills evaluation,1574,CIEL,"163579"
Social skills assessment,1584,CIEL,"163580"
Secondary isoniazid prophylaxis,8306,CIEL,"163581"
Age of first sexual intercourse (years),3929,CIEL,"163587"
Pregnancy history construct,3831,CIEL,"163588"
Serum lithium,6043,CIEL,"163592"
Glucose tolerance test,3121,CIEL,"163594"
Partial pressure of carbon dioxide in arterial blood,3134,CIEL,"163595"
Bicarbonate in arterial blood,3136,CIEL,"163596"
Oxygen saturation in arterial blood,3132,CIEL,"163597"
Partial pressure of oxygen in arterial blood,3133,CIEL,"163598"
Base excess in arterial blood by calculation,3130,CIEL,"163599"
Stool culture (bacterial),6175,CIEL,"163603"
White blood cells in microscopy of saline mount,5436,CIEL,"163605"
Burning on urination,3625,CIEL,"163606"
Past medical history unknown,3518,CIEL,"163609"
Invalid,703,CIEL,"163611"
CrAg test,3199,CIEL,"163613"
Chlamydia Ab test,3184,CIEL,"163618"
Chlamydia Ag test,3099,CIEL,"163619"
H pylori test,3200,CIEL,"163620"
"1:64",8319,CIEL,"163621"
"1:128",8320,CIEL,"163622"
"1:256",8321,CIEL,"163623"
>1:572,8318,CIEL,"163624"
Toxoplasma Gondii IgG And IgM Panel - Serum,8330,CIEL,"163625"
Tuberculin skin test panel,3212,CIEL,"163631"
Leukocytes in stool test,5439,CIEL,"163634"
Soft stool,3051,CIEL,"163635"
Hard stool,3052,CIEL,"163638"
Appearance of stool,3053,CIEL,"163640"
Color of stool,3048,CIEL,"163641"
Ammonium urate crystals in urine,2970,CIEL,"163642"
Amorphous urate crystals in urine,2968,CIEL,"163643"
Triple phosphate crystals,2966,CIEL,"163644"
Bacteria in microscopy of saline mount,5438,CIEL,"163645"
Simple yeast in microscopy of saline mount,5435,CIEL,"163646"
Trichomonas vaginalis in wet preparation,3065,CIEL,"163648"
Hyphae in microscopy of saline mount,5437,CIEL,"163649"
Epithelial cells in wet preparation,5434,CIEL,"163650"
Cholera rapid antigen test,6050,CIEL,"163654"
Yellowish white,8369,CIEL,"163655"
Orange color,8367,CIEL,"163656"
Semen color,8366,CIEL,"163657"
Liquefaction [time] in semen,8365,CIEL,"163658"
Semen fructose level,8368,CIEL,"163659"
Semen volume,8362,CIEL,"163660"
Sperm count,8360,CIEL,"163661"
Spermatozoa morphology,8359,CIEL,"163662"
Spermatozoa motility,8361,CIEL,"163663"
Microcephaly due to Zika virus,4301,CIEL,"163673"
Bilirubin dipstick test,2956,CIEL,"163680"
Ascorbate presence in urine test,5442,CIEL,"163681"
Urobilinogen presence in urine test,2959,CIEL,"163682"
Red blood cells in urine test,2982,CIEL,"163683"
White blood cells in urine,2988,CIEL,"163684"
Epi cells urine test,2965,CIEL,"163685"
Yeast urine test,2960,CIEL,"163686"
Hyphae urine test,2942,CIEL,"163687"
Spore presence in urine test,2980,CIEL,"163688"
Trichomonas vaginalis in urine,2979,CIEL,"163689"
Granular casts urine test,2989,CIEL,"163690"
Fatty casts urine test,2973,CIEL,"163691"
Epithelial casts urine test,2987,CIEL,"163692"
Leukocyte casts urine test,2975,CIEL,"163693"
Waxy casts urine test,2984,CIEL,"163694"
Crystals urine test,2972,CIEL,"163695"
Casts urine test,3164,CIEL,"163696"
Urine microscopy panel,3165,CIEL,"163697"
Dilation and curettage,2735,CIEL,"1637"
Glucose tolerance 1/2 hour test,6046,CIEL,"163703"
Glucose tolerance 1 hour test,6047,CIEL,"163704"
Glucose tolerance 2 hour test,6044,CIEL,"163705"
Glucose tolerance 3 hour test,6045,CIEL,"163706"
Glucose tolerance 4 hour test,6048,CIEL,"163707"
Glucose tolerance test 5 specimens (75g) panel,6049,CIEL,"163708"
Number of missed medication doses in past 4 days,3741,CIEL,"163709"
Percentage antiretroviral adherence in past month,3760,CIEL,"163710"
HIV associated with cardiomyopathy,4703,CIEL,"163712"
Diarrhea for more than two weeks,4808,CIEL,"163713"
Child with age <5 years,385,CIEL,"163714"
Patient knows medication taken,3295,CIEL,"163715"
"HIV Positive, confirmed by serologic lab test after 18 months",3548,CIEL,"163717"
"HIV Positive, confirmed by Virologic lab test",3545,CIEL,"163718"
Other infant feeding method type (text),3267,CIEL,"163719"
"Yes, still using",3386,CIEL,"163720"
"Yes, stopped using",3539,CIEL,"163721"
Rapid test for HIV,2929,CIEL,"163722"
In progress,3075,CIEL,"163723"
Date test complete,3078,CIEL,"163724"
Test status,3076,CIEL,"163725"
Test performance details,3079,CIEL,"163726"
History of tobacco use,1691,CIEL,"163731"
Duration of menses (days),3899,CIEL,"163732"
Rectal exam findings,1630,CIEL,"163746"
Absent,3922,CIEL,"163747"
Present,3921,CIEL,"163748"
Fetus back position,3927,CIEL,"163749"
Uterine contraction,3923,CIEL,"163750"
Family planning start date,3730,CIEL,"163757"
Family planning end date,3732,CIEL,"163758"
Referral form completed,8029,CIEL,"163762"
"Birth plan, perinatal ARV prophylaxis planned",3889,CIEL,"163764"
Enrolled in social support,6292,CIEL,"163766"
Probable HIV diagnosis (without HIV test),3543,CIEL,"163767"
HIV prophylaxis,6074,CIEL,"163768"
Mother's obstetric history set,3281,CIEL,"163770"
Sexually transmitted disease (STD) in mother during pregnancy,4116,CIEL,"163771"
Trimester mother was diagnosed with STD,3606,CIEL,"163772"
Patient's mother received prenatal care,3722,CIEL,"163773"
Location where mother gave birth,3703,CIEL,"163774"
Mother enrolled in prevention of maternal to child transmission (PMTCT) program,3333,CIEL,"163776"
Facility where mother received prevention of maternal to child transmission (PMTCT),3602,CIEL,"163779"
Mother received total maternal to child transmission prophylaxis (TPMTCT),3721,CIEL,"163780"
Date mother started to receive total maternal to child transmission prophylaxis (TPMTCT),3396,CIEL,"163781"
Date mother stopped receiving total maternal to child transmission prophylaxis (TPMTCT),3728,CIEL,"163782"
Mother received highly active antiretroviral therapy (HAART),3552,CIEL,"163783"
Date mother started to receive highly active antiretroviral therapy (HAART),3759,CIEL,"163784"
Date mother stopped receiving highly active antiretroviral therapy (HAART),3740,CIEL,"163785"
Maternal ARV Regimen,3739,CIEL,"163786"
Verbal skills,3501,CIEL,"163787"
Wound dehiscence,5971,CIEL,"163799"
Phimosis,4920,CIEL,"163831"
Uncircumcised penis,8470,CIEL,"163841"
PPD test status,3698,CIEL,"163951"
Papanicolaou test status,3690,CIEL,"163952"
Admission date-time,1724,CIEL,"1640"
Cholangiogram,810,CIEL,"164024"
Overall treatment adherence,6310,CIEL,"164075"
Category of HIV screening,3513,CIEL,"164082"
Severe nutritional stunting,3452,CIEL,"164086"
Date of last patient visit,3305,CIEL,"164093"
Discharge date-time,1723,CIEL,"1641"
MTB detected with indeterminate RIF resistance,3196,CIEL,"164104"
"Antenatal counseling, importance of facility delivery",3779,CIEL,"164108"
Neonatal complication,3915,CIEL,"164122"
Reason for testing,3144,CIEL,"164126"
Vaccination Complete,3871,CIEL,"164134"
Name of community health worker,1385,CIEL,"164141"
"No show, failed to attend",3838,CIEL,"164143"
New client,6795,CIEL,"164144"
Lochia sanguinolenta,5962,CIEL,"164145"
Occiput anterior position,3881,CIEL,"164148"
Brow presentation,3878,CIEL,"164149"
Face presentation,3873,CIEL,"164150"
Suture of female perineum,2734,CIEL,"164157"
Suture of cervix,2751,CIEL,"164158"
Diagnostic curettage of endometrium,2746,CIEL,"164159"
Excision of fibroadenoma of breast,2744,CIEL,"164160"
Removal of contraceptive implant,2743,CIEL,"164161"
Intrauterine tamponade with Bakri balloon,2758,CIEL,"164162"
Surgical outpatient department,6727,CIEL,"164164"
Administration of ferrous sulphate and folic acid,7287,CIEL,"164166"
Kangaroo mother care (KMC),6242,CIEL,"164173"
Antibiotic therapy,6257,CIEL,"164174"
New visit,3959,CIEL,"164180"
Visit type,3961,CIEL,"164181"
Surgery recommended,7497,CIEL,"164258"
Not needed,6525,CIEL,"164260"
Malaria RDT,3059,CIEL,"1643"
Airway compromised,1239,CIEL,"164348"
Treatment interrupted/stopped,8092,CIEL,"164349"
Relationship to patient,3250,CIEL,"164352"
Reason for referral (text),6264,CIEL,"164359"
Creatinine (mg/dL),895,CIEL,"164364"
Rifampicin resistant mycobacterium tuberculosis,3630,CIEL,"164366"
Poly-resistance mycobacterium tuberculosis,3633,CIEL,"164367"
Tuberculosis drug resistance types,3635,CIEL,"164368"
Medication side effect,617,CIEL,"164377"
Treatment end date,1347,CIEL,"164384"
Hand,7661,CIEL,"164385"
Eye,7173,CIEL,"164386"
Foot,7660,CIEL,"164387"
HIV test date,3612,CIEL,"164400"
HIV test performed,3678,CIEL,"164401"
Sunken eyes,6534,CIEL,"164457"
Decreased,6435,CIEL,"164470"
Increased,6434,CIEL,"164471"
"Counseling, importance of keeping baby wrapped and warm",3934,CIEL,"164479"
"Counseling, identify danger signs and return to hospital",3902,CIEL,"164480"
Counseling offered to mother,3936,CIEL,"164481"
Patient diagnosed with active tuberculosis,6293,CIEL,"164500"
TDF + 3TC + EFV,2025,CIEL,"164505"
AZT + 3TC + ATV/r,2354,CIEL,"164511"
TDF + 3TC + ATV/r,2351,CIEL,"164512"
Chronic physical disability,8523,CIEL,"164538"
Core needle biopsy of right breast,2777,CIEL,"164744"
Core needle biopsy of left breast,2791,CIEL,"164745"
Core needle biopsy of both breasts,2800,CIEL,"164746"
Core needle biopsy of uterus,2782,CIEL,"164747"
Core needle biopsy of left ovary,2813,CIEL,"164749"
Core needle biopsy of both ovaries,2823,CIEL,"164750"
Core needle biopsy of axillary lymph node,2804,CIEL,"164751"
Core needle biopsy of cervix,2770,CIEL,"164752"
Core needle biopsy of Fallopian tube,2811,CIEL,"164753"
Core needle biopsy of small intestine,2795,CIEL,"164754"
Core needle biopsy of large intestine,2766,CIEL,"164755"
Core needle biopsy of esophagus,2787,CIEL,"164756"
Core needle gastric biopsy,2790,CIEL,"164757"
Core needle biopsy of lymph node,2803,CIEL,"164759"
Mastectomy of right breast,2789,CIEL,"164760"
Mastectomy of left breast,2817,CIEL,"164761"
Bilateral mastectomy,2818,CIEL,"164762"
Lumpectomy of right breast,2801,CIEL,"164763"
Lumpectomy of left breast,2821,CIEL,"164764"
Lumpectomy of both breasts,2819,CIEL,"164765"
Excision of right fallopian tube and ovary,2772,CIEL,"164766"
Excision of left fallopian tube and ovary,2816,CIEL,"164767"
Bilateral salpingo-oophorectomy,2808,CIEL,"164768"
Excision of right ovary,2820,CIEL,"164769"
Excision of left ovary,2780,CIEL,"164771"
Excision of both ovaries,2773,CIEL,"164772"
Excisional biopsy of right breast,2785,CIEL,"164773"
Excisional biopsy of left breast,2805,CIEL,"164774"
Excisional biopsy of both breasts,2814,CIEL,"164775"
Excisional biopsy of uterus,2810,CIEL,"164776"
Incisional biopsy of right breast,2779,CIEL,"164777"
Incisional biopsy of left breast,2794,CIEL,"164778"
Incisional biopsy of both breasts,2793,CIEL,"164779"
Incisional biopsy of uterus,2812,CIEL,"164780"
Incisional biopsy of right ovary,2802,CIEL,"164781"
Incisional biopsy of left ovary,2788,CIEL,"164782"
Incisional biopsy of both ovaries,2769,CIEL,"164783"
Excision biopsy of axillary lymph node,2792,CIEL,"164784"
Excision biopsy of uterine cervix,2771,CIEL,"164785"
Excision biopsy of Fallopian tube,2798,CIEL,"164786"
Excision biopsy of intestine,2809,CIEL,"164787"
Excision biopsy of esophagus,2776,CIEL,"164788"
Excision biopsy of stomach,2815,CIEL,"164789"
Incisional biopsy of axillary lymph node,2781,CIEL,"164790"
Incisional biopsy of uterine cervix,2774,CIEL,"164791"
Incisional biopsy of Fallopian tube,2778,CIEL,"164792"
Incisional biopsy of intestine,2783,CIEL,"164793"
Incisional biopsy of esophagus,2786,CIEL,"164794"
Incisional biopsy of stomach,2796,CIEL,"164795"
Excisional biopsy of lymph node,2806,CIEL,"164796"
Incisional biopsy of lymph node,2765,CIEL,"164797"
Blood draw for CML test,2799,CIEL,"164798"
Antenatal syphilis screening,5630,CIEL,"164801"
Infant's medical record number,6244,CIEL,"164803"
VIA screening for women aged between 30-49 years,8646,CIEL,"164805"
Pre-cancerous dysplasia,5582,CIEL,"164808"
Male condom,8528,CIEL,"164813"
Female condom,8529,CIEL,"164814"
"Live birth, died before arrival at facility",5558,CIEL,"164815"
"Live birth, died after arrival or delivery in facility",5560,CIEL,"164816"
Critical,667,CIEL,"164830"
Cleaner,129,CIEL,"164832"
Operating room,6655,CIEL,"164834"
Labor and delivery unit,8482,CIEL,"164835"
Non-occupational,3291,CIEL,"164837"
Adherence to post exposure prophylaxis,8090,CIEL,"164847"
Received HIV test result,5806,CIEL,"164848"
During labor and delivery,5822,CIEL,"164850"
Entry to PMTCT for newly diagnosed HIV mothers,5823,CIEL,"164851"
Date INH prophylaxis started,6374,CIEL,"164852"
Initial CD4 value construct,3321,CIEL,"164853"
Rapid HIV antibody test result at 18 months of age,3219,CIEL,"164860"
STD prevention counseling,5646,CIEL,"164882"
Intact fetal membranes,5549,CIEL,"164899"
Status of fetal membranes,5551,CIEL,"164900"
Fine needle aspiration biopsy of both breasts,2768,CIEL,"164911"
Fine needle aspiration biopsy of thyroid,2822,CIEL,"164912"
Fine needle aspiration biopsy of both parotid glands,2775,CIEL,"164913"
Percutaneous core needle biopsy of both kidneys,2797,CIEL,"164914"
Punch biopsy of skin,2807,CIEL,"164915"
Trioplex real-time RT-PCR,3189,CIEL,"164917"
Zika virus real time RT-PCR in serum or plasma,3187,CIEL,"164920"
Zika virus real time RT-PCR in cerebrospinal fluid,6184,CIEL,"164921"
Zika virus real time RT-PCR in urine,6186,CIEL,"164922"
Zika virus real time RT-PCR in amniotic fluid,6185,CIEL,"164923"
Chikungunya virus real time RT-PCR in serum or plasma,3186,CIEL,"164924"
Chikungunya virus real time RT-PCR in cerebrospinal fluid,6183,CIEL,"164925"
Dengue virus real time RT-PCR in serum or plasma,3188,CIEL,"164926"
Dengue virus real time RT-PCR in cerebrospinal fluid,6182,CIEL,"164927"
Inactive status,941,CIEL,"164928"
Zika virus IgM antibody measurement in serum by immunoassay,3169,CIEL,"164930"
Presumptive Zika virus positive,3167,CIEL,"164931"
Possible Zika virus positive,3168,CIEL,"164932"
Presumptive non-Zika flavivirus positive,3166,CIEL,"164933"
Zika virus IgG antibody measurement in serum by neutralization,3215,CIEL,"164934"
Inflammatory acne,4964,CIEL,"164936"
Mycobacterium tuberculosis rifampin resistance detection status,3197,CIEL,"164937"
Ultrasound for first trimester pregnancy,830,CIEL,"164939"
Obstetric over 14 weeks (US),847,CIEL,"164940"
Limited ultrasound for pregnancy,838,CIEL,"164941"
Obstetric limited (US),8017,CIEL,"164941"
Bacillary burden as determined by quantitative cycle threshold,3193,CIEL,"164942"
Very low,3192,CIEL,"164943"
Medium,1031,CIEL,"164944"
GeneXpert MTB/Rif Lab set,3198,CIEL,"164945"
Hemorrhagic stroke,6764,CIEL,"164959"
Ischaemic stroke,8147,CIEL,"164960"
New diagnosis of HIV infection,5810,CIEL,"164971"
Cardiology specialty,7153,CIEL,"164989"
Clinical genetics specialty,7150,CIEL,"164990"
Mobile phone,1159,CIEL,"1650"
Dental medicine specialty,8349,CIEL,"165001"
Dermatology specialty,7091,CIEL,"165003"
Endocrinology specialty,7162,CIEL,"165004"
Gastroenterology,2864,CIEL,"165006"
Gynecology specialty,3963,CIEL,"165013"
Hematopathology specialty,7110,CIEL,"165014"
Infectious disease service,365,CIEL,"165018"
Internal medicine specialty,6498,CIEL,"165019"
Nephrology specialty,7122,CIEL,"165022"
Neurology specialty,7067,CIEL,"165023"
Pediatrics,366,CIEL,"165048"
Psychiatry specialty,7168,CIEL,"165052"
Pulmonary medicine specialty,7078,CIEL,"165055"
Rehabilitation specialty,7158,CIEL,"165059"
Colorectal surgery specialty,7103,CIEL,"165063"
DTG,2139,CIEL,"165085"
TDF + 3TC + DTG,2033,CIEL,"165086"
"Darunavir, Raltegravir and Etravirine",2055,CIEL,"165087"
Victim of GBV,3803,CIEL,"165088"
Intravenous pyelogram (IVP) (X-ray),814,CIEL,"165096"
"Cervical spine obliques, 2 views (X-ray)",756,CIEL,"165097"
"Cervical spine AP/lateral and oblique, 4 views (X-ray)",768,CIEL,"165098"
"Cervical spine, flexion and extension (X-ray)",793,CIEL,"165099"
Procedure performed,1730,CIEL,"1651"
"Shoulder - right Y, 1 view (X-ray)",811,CIEL,"165100"
"Shoulder - left Y, 1 view (X-ray)",777,CIEL,"165101"
"Chest right lateral-decubitus, 1 view (X-ray)",759,CIEL,"165102"
"Chest left lateral-decubitus, 1 view (X-ray)",728,CIEL,"165103"
"Chest PA/Lateral + right and left lateral-decubitus, 4 views (X-ray)",730,CIEL,"165104"
"Thoracic spine AP/Lat + right and left obliques, 4 views (X-ray)",784,CIEL,"165105"
"Right and left oblique thoracic spine, 2 views (X-ray)",749,CIEL,"165106"
"Lumbar spine AP/lat + right and left obliques, 4 views (X-ray)",786,CIEL,"165107"
"Right and left oblique lumbar spine, 2 views (X-ray)",732,CIEL,"165108"
"Lumbar spine, flexion and extension, 2 views (X-ray)",780,CIEL,"165109"
"Abdomen supine and upright, 2 views (X-ray)",762,CIEL,"165110"
"Abdomen upright, 1 view (X-ray)",801,CIEL,"165111"
"AP Pelvis with frog-leg positioning, 1 view (X-ray)",779,CIEL,"165112"
Right knee 3 views including sunrise (X-ray),803,CIEL,"165113"
Left knee 3 views including sunrise (X-ray),729,CIEL,"165114"
"Right knee AP/lat and tunnel, 3 views (X-ray)",767,CIEL,"165115"
"Left knee AP/lat and tunnel view, 3 views (X-ray)",765,CIEL,"165116"
"Mastoid, 3 views (X-ray)",748,CIEL,"165117"
"Sella turcica, 2 views (X-ray)",750,CIEL,"165118"
Nasal bones (X-ray),820,CIEL,"165119"
"Orbit, 2 to 4 views (X-ray)",818,CIEL,"165120"
"Mandible, 3 views (X-ray)",747,CIEL,"165121"
"Right scapula, 2 views (X-ray)",806,CIEL,"165122"
"Left scapula, 2 views (X-ray)",770,CIEL,"165123"
Sternum (X-ray),751,CIEL,"165124"
"Thoracic-lumbar spine, 4 views (X-ray)",789,CIEL,"165125"
"Lumbar and sacral spine, 2 to 3 views (X-ray)",775,CIEL,"165126"
"Coccyx, 2 views (X-ray)",815,CIEL,"165127"
"Right knee AP/lat + oblique, 3 views (X-ray)",745,CIEL,"165128"
"Left knee AP/lat + oblique, 3 views (X-ray)",802,CIEL,"165129"
"Bilateral knees and tunnel, 2 views (X-ray)",752,CIEL,"165130"
"Standing lumbar spine, 2 views (X-ray)",763,CIEL,"165131"
"Pelvis AP and bilateral frog-leg views of hips, 2 views (X-ray)",755,CIEL,"165132"
"Thoracic spine standing, 2 views (X-ray)",739,CIEL,"165133"
"Pelvis and right hip, AP and crosstable lateral views (X-ray)",782,CIEL,"165134"
"Pelvis and left hip, AP and crosstable lateral views (X-ray)",774,CIEL,"165135"
"Hysterosalpingography (HSG), 6 views (X-ray)",812,CIEL,"165136"
Patient Health Questionnaire Nine Item score,967,CIEL,"165137"
"Chest, 1 view (X-ray)",742,CIEL,"165152"
Foul smelling vaginal discharge,1447,CIEL,"165162"
Excision of lipoma,8343,CIEL,"165166"
Cancelled,281,CIEL,"165170"
Serum pH measurement,2924,CIEL,"165176"
Insufficient sample,454,CIEL,"165178"
Equipment failure,2889,CIEL,"165179"
Blood sample coagulated,2890,CIEL,"165180"
Inappropriate sample container used,2888,CIEL,"165181"
Reason lab procedure not performed,2892,CIEL,"165182"
Supplies not available,2887,CIEL,"165183"
GAD-7 score,988,CIEL,"165185"
Mild traumatic brain injury,8142,CIEL,"165186"
Moderate traumatic brain injury,8225,CIEL,"165187"
Severe traumatic brain injury,8141,CIEL,"165188"
Protestant,139,CIEL,"165189"
Methodist,140,CIEL,"165190"
Nazarine,141,CIEL,"165191"
Presbyterian,142,CIEL,"165192"
Edema of hands or face,4011,CIEL,"165193"
AZT + 3TC + NVP,2295,CIEL,"1652"
Mild hypertension,485,CIEL,"165203"
Moderate hypertension,482,CIEL,"165204"
Severe hypertension,483,CIEL,"165205"
Pre-hypertension,484,CIEL,"165206"
Insulin dependent type 2 diabetes mellitus,584,CIEL,"165207"
Type 2 diabetes non-insulin dependent,583,CIEL,"165208"
Imminent vaginal delivery,7246,CIEL,"165217"
Gestational age in weeks from ultrasound,7099,CIEL,"165220"
Marijuana use,6084,CIEL,"165221"
"Illicit drug use, specified",6086,CIEL,"165222"
Perineal tear,3863,CIEL,"165247"
Sample quality,455,CIEL,"165253"
Tuberculosis test type,6207,CIEL,"165254"
Early neonatal death,5559,CIEL,"165259"
Procedure name not coded (text),660,CIEL,"165264"
Severe abdominal pain,7245,CIEL,"165271"
Side effects from medication (coded),616,CIEL,"165273"
Placenta location by ultrasound,8452,CIEL,"165296"
Low lying placenta,8454,CIEL,"165297"
Uterine fundus,8453,CIEL,"165298"
Rapid syphilis test,2931,CIEL,"165303"
Type of counseling provided,3904,CIEL,"165309"
Counseling status,6601,CIEL,"165310"
HIV/AIDS counseling,999,CIEL,"165328"
Syphilis counseling and treatment,3615,CIEL,"165331"
PrEP for HIV prevention counseling,8066,CIEL,"165335"
New sign/symptom,3301,CIEL,"165341"
Intermittent preventive treatment (IPT) sequence number,3931,CIEL,"165358"
Reason for not providing IPT (intermittent preventive treatment),3932,CIEL,"165359"
Intermittent preventive treatment (IPT) construct,3933,CIEL,"165360"
Pelvic examination findings,1549,CIEL,"165372"
Fetal heart rate present,8465,CIEL,"165377"
Fetal exam construct,5583,CIEL,"165381"
"Amniotic fluid level on ultrasound, qualitative",8457,CIEL,"165388"
Hemoglobin measured from hemoglobinometer (g/dl),8407,CIEL,"165395"
Other test performed,6290,CIEL,"165398"
Test result free text,6998,CIEL,"165399"
Sequence number,8724,CIEL,"165416"
Cognitive-behaviour therapy,1016,CIEL,"165424"
"Gestational age at delivery, abortion or miscarriage (weeks)",6230,CIEL,"165425"
Date of last cervical cancer screening,5430,CIEL,"165429"
Heterosexual sex with bisexual,3535,CIEL,"165433"
Heterosexual sex with person with blood transfusion,3529,CIEL,"165434"
"COPD, group A by 2017 GOLD classification",511,CIEL,"165441"
"COPD, group B by 2017 GOLD classification",509,CIEL,"165442"
"COPD, group C by 2017 GOLD classification",508,CIEL,"165443"
"COPD, group D by 2017 GOLD classification",510,CIEL,"165444"
Water of Alibour,2144,CIEL,"165445"
Chloramphenicol / sodium sulfacetamide,2056,CIEL,"165446"
Acetaminophen / Caffeine / Chlorpheniramine maleate / Phenylephrine hydrochloride,2283,CIEL,"165447"
Dabigatran etexilate,2259,CIEL,"165448"
Estradiol valerate / norethisterone enantate,2148,CIEL,"165449"
Hydroquinone,2021,CIEL,"165450"
Amlodipine / irbesartan,2288,CIEL,"165451"
Povidone / Soy flour,2248,CIEL,"165452"
Lactose-free infant formula,2000,CIEL,"165453"
Aluminium subacetate / hydrocortisone acetate / lidocaine / zinc oxide,2128,CIEL,"165454"
Linagliptin,1990,CIEL,"165455"
Linagliptin / metformin,2126,CIEL,"165456"
"Milksnake antivenom, polyvalent",2040,CIEL,"165457"
"Scorpion antivenom, polyvalent",2304,CIEL,"165458"
"Spider antivenom, polyvalent",2002,CIEL,"165459"
"Snake antivenom, polyvalent",2204,CIEL,"165460"
Premature infant formula,2327,CIEL,"165461"
Scorpion antivenin,2089,CIEL,"165462"
Sitagliptin / metformin,2103,CIEL,"165463"
Mirena hormone-eluting intrauterine device (IUD),2244,CIEL,"165464"
Nutrihuate,2293,CIEL,"165465"
Sunscreen,2023,CIEL,"165466"
Algestone acetophenide / Estradiol enantate,2035,CIEL,"165467"
Viper antivenin,2107,CIEL,"165468"
Sitagliptin phosphate,2047,CIEL,"165469"
Meclizine / pyridoxine,2241,CIEL,"165470"
Foot examination findings,1486,CIEL,"165471"
Psorioderm cream,2093,CIEL,"165472"
ABO blood typing kit,1794,CIEL,"165473"
Baby clothing kit,1775,CIEL,"165474"
Antenatal program,3777,CIEL,"165475"
Interpersonal inventory,1017,CIEL,"165476"
Instilling hope,1019,CIEL,"165477"
Providing the sick role,1014,CIEL,"165478"
Informing patient of diagnosis,1004,CIEL,"165479"
Communications analysis,1018,CIEL,"165480"
Decision analysis,1015,CIEL,"165481"
Role play technique,1000,CIEL,"165482"
Cognitive processing therapy,1003,CIEL,"165483"
Deep breathing exercises,1012,CIEL,"165484"
Progressive muscle relaxation (PMR),1006,CIEL,"165485"
Supportive psychotherapy,998,CIEL,"165486"
Change management plan,995,CIEL,"165487"
Emotional regulation counseling,1007,CIEL,"165488"
Behavioral regulation counseling,1001,CIEL,"165489"
"2018 Global Multidimensional Poverty Index (MPI) Questions",1123,CIEL,"165490"
An adult under 70 years of age or a child is undernourished in the household,1115,CIEL,"165491"
Any child has died in the family in the five-year period preceding the survey,1121,CIEL,"165492"
No household member aged 10 years or older has completed six years of schooling,1120,CIEL,"165493"
Any school-aged child is not attending school up to the age at which he/she would complete class 8,1114,CIEL,"165494"
"The household cooks with dung, wood, charcoal or coal",1119,CIEL,"165495"
The household’s sanitation facility is not improved (according to SDG guidelines) or it is improved but shared with other households,1118,CIEL,"165496"
"The household does not have access to improved drinking water (according to SDG guidelines) or safe drinking water is at least a 30-minute walk from home, round trip",1116,CIEL,"165497"
The household has no electricity,1122,CIEL,"165498"
"Housing materials for at least one of roof, walls and floor are inadequate",1117,CIEL,"165499"
Reason for admission,1721,CIEL,"1655"
"The household does not own more than one of these assets (radio, TV, telephone, computer, animal cart, bicycle, motorbike or refrigerator) and does not own a car or truck",1113,CIEL,"165500"
Rhinorrhea,1592,CIEL,"165501"
Sublingual,1372,CIEL,"165519"
Intra-articular,1367,CIEL,"165520"
"Perineal laceration, first degree",3859,CIEL,"165521"
"Perineal laceration, second degree",3861,CIEL,"165522"
"Perineal laceration, third degree",3862,CIEL,"165523"
"Perineal laceration, fourth degree",3860,CIEL,"165524"
Daily cigarette use (coded),1701,CIEL,"165525"
Trace hemolyzed blood found on urine dipstick,2962,CIEL,"165526"
Trace non-hemolyzed blood found on urine dipstick,2963,CIEL,"165527"
Moderate non-hemolyzed blood found on urine dipstick,2961,CIEL,"165528"
History of suicidal thoughts,992,CIEL,"165529"
Date of last suicide attempt,1035,CIEL,"165530"
Suicide prevention intervention,1030,CIEL,"165531"
Discuss patient with supervisor,1028,CIEL,"165532"
Hospitalize due to suicide risk,1029,CIEL,"165533"
Pediatric Symptom Checklist (PSC),982,CIEL,"165534"
PTSD Checklist for DSM-V (PCL-5),985,CIEL,"165535"
Sad or depressed during past 2 weeks,965,CIEL,"165536"
Lost interest in things during last 2 weeks,963,CIEL,"165537"
Suspected depression,964,CIEL,"165538"
Wet mount of skin snip for Onchocerca,3055,CIEL,"165539"
Hyaline casts urine test,2981,CIEL,"165540"
Erythrocyte casts urine test,2978,CIEL,"165541"
Renal epithelial casts urine test,2974,CIEL,"165542"
Drug-induced,6811,CIEL,"165543"
Hemoglobin electrophoresis,2999,CIEL,"165544"
FA (normal),2995,CIEL,"165545"
FAS (Sickle cell trait carrier),2997,CIEL,"165546"
FAC (Hemoglobin C trait - carrier),2993,CIEL,"165547"
FAE (Hemoglobin E trait - carrier),2996,CIEL,"165548"
FC (Hemoglobin C disease),2992,CIEL,"165549"
FS (Sickle cell anemia),2998,CIEL,"165550"
FSC (Form of Sickle cell disease),2994,CIEL,"165551"
Vaginal fluid wet mount examination panel,3092,CIEL,"165553"
Symptoms of depression,966,CIEL,"165554"
Anion gap (moles/vol),6778,CIEL,"165555"
Bacteria in urine sediment by light microscopy,6119,CIEL,"165561"
Salmonella typhi rapid diagnostic test,3098,CIEL,"165562"
Positive for IgM only (Presence of anti-S. typhi IgM),3096,CIEL,"165563"
Positive for IgG only (Presence of anti-S.typhi IgG),3095,CIEL,"165564"
Negative (no anti-S. typhi antibody detected),3094,CIEL,"165565"
Positive for both IgG and IgM (Presence of anti-S. typhi IgG and IgM),3097,CIEL,"165566"
Foaming at the mouth,4918,CIEL,"165567"
Specimen not labeled,2891,CIEL,"165568"
Lack of physical activity,552,CIEL,"165569"
Chronic kidney disease stage,448,CIEL,"165570"
Ferric subsulfate,1980,CIEL,"165571"
Silver nitrate + Potassium nitrate,2168,CIEL,"165572"
Cardioplegic solution,2123,CIEL,"165573"
Pneumococcal conjugate vaccine,2085,CIEL,"165575"
Basilar atelectasis of both lungs,4729,CIEL,"165576"
"Nutritional supplement for premature infants, High protein",2102,CIEL,"165577"
"Eosinophil, Basophil and Monocyte Count",3013,CIEL,"165578"
RBC distribution width (CV),3012,CIEL,"165579"
RBC distribution width (SD),3016,CIEL,"165580"
Hypertension stage,486,CIEL,"165583"
Noncompliance with dietary regimen,450,CIEL,"165585"
Milk powder,2209,CIEL,"165586"
Uncontrolled hypertension,4726,CIEL,"165587"
Decreased sensation in feet,1497,CIEL,"165588"
Decreased sensation in hands,1498,CIEL,"165589"
Pain crisis,4751,CIEL,"165590"
Number of daily meals,1154,CIEL,"165591"
No JVD,1648,CIEL,"165592"
Number of emergency room/department visits,1671,CIEL,"165593"
Daily tobacco pipe use,1688,CIEL,"165594"
Illness prevents earning money,1153,CIEL,"165596"
Trace pitting edema,4733,CIEL,"165597"
"1+ pitting edema",4843,CIEL,"165598"
"2+ pitting edema",4911,CIEL,"165599"
"3+ pitting edema",4874,CIEL,"165600"
Reversible airways obstruction,4832,CIEL,"165602"
Irreversible airways obstruction,4718,CIEL,"165603"
Focal seizure without loss of consciousness,4889,CIEL,"165604"
ABC + 3TC + DTG,2150,CIEL,"165606"
Pneumonia due to COVID-19,5066,CIEL,"165608"
Infection due to COVID-19,5064,CIEL,"165609"
Exposure to COVID-19,5065,CIEL,"165610"
Serum SARS-CoV-2 RT-PCR,5580,CIEL,"165611"
Suspected COVID-19 infection,5068,CIEL,"165612"
COVID-19 detected,5080,CIEL,"165621"
Disease due to COVID-19,5069,CIEL,"165623"
Acute respiratory disease due to COVID-19,5077,CIEL,"165630"
Close exposure to COVID-19,5081,CIEL,"165631"
High priority for COVID-19 vaccination,5063,CIEL,"165632"
Upper respiratory tract infection (URI) due to COVID-19,5076,CIEL,"165633"
History of admission to intensive care unit (ICU),661,CIEL,"165644"
Patient delivered since last visit,6796,CIEL,"1657"
Confirmed present,721,CIEL,"165792"
Case classification,723,CIEL,"165793"
Medical laboratory tech,1108,CIEL,"165796"
SARS-CoV-2 IgG antibody in serum/plasma,5578,CIEL,"165835"
SARS-CoV-2 IgM antibody in serum/plasma,5577,CIEL,"165837"
SARS-CoV-2 RT-PCR,717,CIEL,"165840"
Acute respiratory distress syndrome (ARDS),5078,CIEL,"165843"
SARS-CoV-2 Antigen RDT,709,CIEL,"165852"
SARS-CoV-2 Antibody RDT (IgM/IgG),706,CIEL,"165853"
Neg IgM+IgG Ab,702,CIEL,"165854"
Pos IgM; Neg IgG,704,CIEL,"165855"
Pos IgG; Neg IgM,701,CIEL,"165856"
Positive IgG+IgM,705,CIEL,"165857"
History of supplemental oxygen therapy,662,CIEL,"165864"
"SARS-CoV-2 Xpert, antigen",3071,CIEL,"165865"
History of COVID-19,5801,CIEL,"165866"
Patient condition resolved,5756,CIEL,"165870"
Tocilizumab,5628,CIEL,"165872"
Sarilumab,5629,CIEL,"165873"
Remdesivir,2073,CIEL,"165878"
Venous blood specimen,710,CIEL,"165888"
Capillary blood specimen,712,CIEL,"165889"
Capillary filling function,686,CIEL,"165890"
Normal capillary filling,684,CIEL,"165891"
Provide supplemental oxygen via nasal cannula,688,CIEL,"165893"
Tuberculosis disease status,3430,CIEL,"1659"
Omeprazole sodium,6332,CIEL,"165900"
Self-quarantine,945,CIEL,"165901"
Vaccine lot expiration date,8028,CIEL,"165907"
Condition clinical status,5759,CIEL,"165908"
Asymptomatic confirmed COVID-19 infection,5073,CIEL,"165912"
Gastroenteritis due to COVID-19,5062,CIEL,"165913"
Acute diarrhea due to COVID-19,5072,CIEL,"165914"
History of treatment with vasopressor medication,672,CIEL,"165926"
Inspired oxygen concentration (percent),689,CIEL,"165927"
Prone position,5641,CIEL,"165928"
Endotracheal intubation,7364,CIEL,"165935"
CPAP,693,CIEL,"165944"
History of noninvasive mechanical ventilation,642,CIEL,"165945"
Corticosteroids and derivatives,2024,CIEL,"165948"
Enteral nutrition,6422,CIEL,"165950"
Procalcitonin,6687,CIEL,"165953"
"Malunion of fracture, mandible",8183,CIEL,"165967"
Psychological first aid (PFA),1013,CIEL,"165973"
Neck examination (text),1572,CIEL,"165983"
pH of arterial blood,3131,CIEL,"165984"
Delivered oxygen flow rate (L/m),644,CIEL,"165986"
IV fluid intake rate (mL/hr),654,CIEL,"165987"
Administration of bilevel positive airway pressure ventilation (BPAP),692,CIEL,"165988"
Provide supplemental oxygen via simple mask,690,CIEL,"165989"
Provide supplemental oxygen via non-rebreather mask,694,CIEL,"165990"
History of antibiotic therapy,698,CIEL,"165991"
Date/time of admission to intensive care unit (ICU),663,CIEL,"165992"
Date/time of discharge from intensive care unit (ICU),682,CIEL,"165993"
Isolation due to infection,699,CIEL,"165994"
Supportive care,696,CIEL,"165995"
"Symptom name, uncoded (text)",5378,CIEL,"165996"
Arterial blood lactate measurement,3135,CIEL,"165997"
Mechanical ventilation,691,CIEL,"165998"
No signs or symptoms of disease,3429,CIEL,"1660"
Pain level (coded),719,CIEL,"166000"
Arterial blood total carbon dioxide,3129,CIEL,"166002"
Insertion of peripheral intravenous catheter (IV),656,CIEL,"166004"
General lymph node exam (text),1475,CIEL,"166005"
Category of site of insertion of intravenous catheter (IV),658,CIEL,"166006"
COVID-19 program,680,CIEL,"166009"
Maintenance worker,1110,CIEL,"166012"
Biomedical tech,1111,CIEL,"166013"
Type of worker (coded),1112,CIEL,"166014"
Quarantine institution,944,CIEL,"166015"
D-dimer (mg/L),6201,CIEL,"166018"
D-dimer (ng/mL),7250,CIEL,"166018"
Comorbidity present,674,CIEL,"166020"
Nursing notes,676,CIEL,"166021"
Serum calcium (mmol/L),2920,CIEL,"166038"
Triglycerides (mg/dL),2910,CIEL,"166039"
Total cholesterol (mg/dL),2911,CIEL,"166040"
Early adolescence (10-14 yo),3829,CIEL,"166041"
Middle adolescence (15-17 yo),3826,CIEL,"166042"
Late adolescence (18-24 yo),3827,CIEL,"166043"
Adult (25+ yo),3828,CIEL,"166044"
LDL (mg/dL),2907,CIEL,"166045"
HDL (mg/dL),2899,CIEL,"166046"
VLDL (mg/dL),2912,CIEL,"166047"
Mothers maturity level during previous pregnancy,3830,CIEL,"166048"
Other STI treatment indicated,3626,CIEL,"166049"
Elevated mood,4606,CIEL,"166050"
Self-aware,4607,CIEL,"166051"
TDF + 3TC + (EFV or NVP),3684,CIEL,"166052"
AZT + 3TC + (EFV or NVP),3685,CIEL,"166053"
Regimen with D4T,3687,CIEL,"166054"
Routine scheduled lab,3142,CIEL,"166058"
Clinically-induced lab,3143,CIEL,"166059"
Oral sex,3724,CIEL,"166060"
Persistent parotid swelling,3456,CIEL,"166061"
Immunization priority tier,5416,CIEL,"166063"
Tier 1,5413,CIEL,"166064"
Tier 2,5415,CIEL,"166065"
Tier 3,5414,CIEL,"166066"
Tier 4,5412,CIEL,"166067"
RAL + DRV/r,2342,CIEL,"166068"
RAL + ETV,2353,CIEL,"166069"
DRV + ETV,2352,CIEL,"166070"
Year of previous pregnancy,3824,CIEL,"166071"
Antiretroviral treatment line,3229,CIEL,"166073"
"1st",3226,CIEL,"166074"
"2nd",3227,CIEL,"166075"
"3rd",3228,CIEL,"166076"
Unnatural death,3600,CIEL,"166078"
Date of last normal menstrual period,3896,CIEL,"166079"
Intensity of menstrual flow,3887,CIEL,"166080"
Denver test,1456,CIEL,"166081"
Antenatal,7688,CIEL,"166083"
Mother changed ARV during pregnancy due to side effect,3328,CIEL,"166084"
PMTCT timing,3354,CIEL,"166085"
Antiretroviral received by mother (text),3693,CIEL,"166086"
DTG + 3TC + AZT,2345,CIEL,"166087"
Acute exacerbation of COPD,6450,CIEL,"166093"
Mother has side effects from ARV during pregnancy,3368,CIEL,"166095"
Disease diagnosed,3425,CIEL,"1661"
First name,3251,CIEL,"166102"
Last name,3252,CIEL,"166103"
Rivaroxaban,1940,CIEL,"166107"
Moderna COVID-19 vaccine,5620,CIEL,"166154"
Pfizer-BioNtech COVID-19 vaccine,5619,CIEL,"166155"
Astrazeneca COVID-19 vaccine,5618,CIEL,"166156"
On treatment for disease,3427,CIEL,"1662"
Breast,7177,CIEL,"166201"
Forearm,7663,CIEL,"166241"
Labia of vulva,7891,CIEL,"166270"
Clitoris,7890,CIEL,"166274"
Uterine cervix,7893,CIEL,"166275"
Upper arm,7659,CIEL,"166282"
Completed treatment for disease,3424,CIEL,"1663"
Scalp,7662,CIEL,"166309"
Perineum,7894,CIEL,"166322"
Janssen COVID-19 vaccine,5622,CIEL,"166355"
Occiput posterior presentation,3875,CIEL,"166357"
Urological exam findings,1480,CIEL,"166358"
Duration of alcohol use (in years),1706,CIEL,"166361"
Urological examination (text),1505,CIEL,"166363"
Gynecological examination (text),1608,CIEL,"166364"
History of traditional medicine,1679,CIEL,"166365"
Sacubitril / Valsartan,1934,CIEL,"166366"
Dimethicone / Magaldrate,1889,CIEL,"166367"
Disposable menstrual product,1785,CIEL,"166368"
Pinaverium bromide and dimethicone,1840,CIEL,"166369"
Dimethicone / Pinaverium,8394,CIEL,"166369"
Fibrinogen assay,6202,CIEL,"166377"
Sinopharm-Wuhan COVID-19 vaccine,5621,CIEL,"166379"
Pediatric nutrition drink,1892,CIEL,"166382"
Mono-drug resistant tuberculosis infection,3629,CIEL,"166383"
Absolute reticulocyte count,5448,CIEL,"166395"
Serum iron measurement (umol/L),5447,CIEL,"166396"
Serum magnesium measurement (mg/dL),5445,CIEL,"166397"
Cyst of entamoeba,5444,CIEL,"166398"
Reason for c-section,5531,CIEL,"166400"
RBC in stool,5504,CIEL,"166401"
Transgender,3646,CIEL,"166415"
Adopts modern family planning method immediately post-partum,5565,CIEL,"166421"
Number of previous newborn deaths,3890,CIEL,"166422"
Prostate specific antigen (PSA) (qualitative),5446,CIEL,"166423"
Placenta delivery method,5552,CIEL,"166424"
Assistance required,1168,CIEL,"166425"
History of retained placenta,5592,CIEL,"166426"
Prior trachelectomy,5601,CIEL,"166427"
History of cervical cerclage,5594,CIEL,"166428"
History of pelvis reconstruction,5593,CIEL,"166429"
Perimortem cesarean delivery,5591,CIEL,"166437"
Obstructive mass of birth canal,5598,CIEL,"166438"
Test kit lot number,7763,CIEL,"166455"
Female sex worker,8077,CIEL,"166513"
Pulmonary artery systolic pressure,5614,CIEL,"166524"
Fetal moulding score,6901,CIEL,"166527"
Pharyngotonsillitis,5590,CIEL,"166533"
Disease treatment monitoring construct,5605,CIEL,"166557"
Partner disease treatment monitoring construct,5604,CIEL,"166558"
HIV exposed infant program,5631,CIEL,"166563"
History of hemorrhage,5643,CIEL,"166564"
Weaning speed,5640,CIEL,"166565"
Weaning date,5637,CIEL,"166566"
Weight on admission (kg),6248,CIEL,"166604"
Blood culture (qualitative),6178,CIEL,"166613"
Suspected high grade squamous intraepithelial lesion (HGSIL) > 75 % of the cervical surface,8540,CIEL,"166617"
Suspected high grade squamous intraepithelial lesion (HGSIL) with lesion extending into the cervical canal,8541,CIEL,"166618"
Suspected high grade squamous intraepithelial lesion (HGSIL) with squamocolumnar junction (SJC) not fully visualized,8543,CIEL,"166619"
Leave of absence,6658,CIEL,"166624"
Postnatal visit,409,CIEL,"166625"
Supervision of normal pregnancy,5407,CIEL,"166628"
Volume administered (mL),8314,CIEL,"166650"
Willing to take pre-exposure prophylaxis (PrEP),8068,CIEL,"166657"
Severe recurrent major depression,7439,CIEL,"166672"
Male circumcision status,8469,CIEL,"166677"
Impossible to evaluate,5606,CIEL,"166699"
Molnupiravir,5991,CIEL,"166700"
Thermocauterization of cervix,8667,CIEL,"166706"
Reconstruction of ligament,8185,CIEL,"166745"
Transverse abdominis plane block,8313,CIEL,"166829"
Dental extraction,8525,CIEL,"166836"
Sofosbuvir,5787,CIEL,"166841"
Able to read and write,5768,CIEL,"166855"
ASCVD Risk Score,6813,CIEL,"166856"
Oxybutynin,5775,CIEL,"166857"
Daclatasvir,5778,CIEL,"166858"
"Syringe, disposable",8052,CIEL,"166863"
Right ventricle dimension,465,CIEL,"166871"
Paxlovid,5992,CIEL,"166877"
Abdominal scar indicative of prior caesarean section,6964,CIEL,"166893"
Caesarean section wound healing status,5972,CIEL,"166894"
Number of vaginal pads,5965,CIEL,"166895"
Number of vaginal pads used per time,5966,CIEL,"166896"
Suspected stenosis,5611,CIEL,"166898"
Mitral valve findings,469,CIEL,"166940"
Severe pericardial effusion,460,CIEL,"166943"
No pericardial effusion,459,CIEL,"166946"
Pericardium findings,461,CIEL,"166947"
Inferior vena cava findings,463,CIEL,"166950"
Left ventricle dimension,5617,CIEL,"166952"
Telehealth consultation,6793,CIEL,"166997"
"Feeling nervous, anxious, or on edge",6819,CIEL,"167003"
Not being able to stop worrying or not being able to control worry,6824,CIEL,"167005"
Little interest or pleasure in doing things,6826,CIEL,"167006"
"Feeling down, depressed, or hopeless",6832,CIEL,"167007"
Patient understands their disease and prognosis,6298,CIEL,"167021"
Guardian understands patient's disease and prognosis,6699,CIEL,"167022"
Left ventricle systolic function,458,CIEL,"167023"
Benznidazole,5936,CIEL,"167027"
Cetuximab,5924,CIEL,"167028"
Lanatoside C,5868,CIEL,"167029"
Bothropic antivenom,5847,CIEL,"167030"
Lachesic antivenom,5911,CIEL,"167031"
Loxosceles antivenom,5931,CIEL,"167032"
Pulmonary surfactant,5867,CIEL,"167033"
Crotalic antivenom,5932,CIEL,"167034"
Findings on palpation of uterus,5970,CIEL,"167035"
Tender uterus,5968,CIEL,"167036"
Non-tender uterus,5969,CIEL,"167037"
Involution of uterus,5949,CIEL,"167038"
Quantity of lochia (qualitative),5980,CIEL,"167042"
Resumed sexual intercourse,5975,CIEL,"167043"
Mobile clinic,6208,CIEL,"167051"
Uterus level from umbilicus during postpartum involution (cm),5985,CIEL,"167052"
Lochia odor,5981,CIEL,"167053"
Sufficient milk production,5978,CIEL,"167055"
Difficulty relaxing,6818,CIEL,"167064"
Being so restless that it is difficult to sit quietly,6822,CIEL,"167065"
Getting upset or irritable easily,6820,CIEL,"167066"
Feeling scared as if something terrible could happen,6821,CIEL,"167067"
"Trouble falling or staying asleep, or sleeping too much",6827,CIEL,"167068"
Feeling tired or having little energy,6828,CIEL,"167069"
Poor appetite or overeating,6833,CIEL,"167070"
Feels like they have failed someone,6830,CIEL,"167071"
Distracted easily,6834,CIEL,"167072"
Feels slower than normal,6829,CIEL,"167073"
Has thought about ending their life,6831,CIEL,"167074"
Neurocognitive disorder,7654,CIEL,"167078"
Oriented to person,5655,CIEL,"167081"
Oriented to place,5654,CIEL,"167082"
Oriented to time,5653,CIEL,"167083"
Orientation status,5997,CIEL,"167084"
Unkempt appearance,6019,CIEL,"167088"
Inappropriately dressed,6020,CIEL,"167089"
Normal weight,6018,CIEL,"167090"
Appropriate clothing for the situation,6022,CIEL,"167091"
Physical appearance exam findings,6023,CIEL,"167092"
Mood,6004,CIEL,"167099"
Euthymia,6003,CIEL,"167100"
Affect,6008,CIEL,"167101"
Normal affect,6030,CIEL,"167102"
Labile affect,6005,CIEL,"167103"
Restricted affect,6006,CIEL,"167104"
Flat affect,6007,CIEL,"167105"
Thought process,6029,CIEL,"167106"
Circumferential thought process,6026,CIEL,"167107"
Goal oriented,6025,CIEL,"167108"
Linear thought process,6027,CIEL,"167109"
Tangential thinking,6028,CIEL,"167110"
Flight of ideas,6024,CIEL,"167111"
Thought content,6016,CIEL,"167112"
Denies suicidal ideation,6012,CIEL,"167113"
Denies homicidal ideation,6013,CIEL,"167114"
Insight level,6000,CIEL,"167115"
Judgment,6002,CIEL,"167116"
Homicidal ideation present,6001,CIEL,"167117"
STD treatment,6218,CIEL,"167125"
Preparation,6209,CIEL,"167153"
On hold,6212,CIEL,"167154"
Discontinued,6211,CIEL,"167155"
Refused,6213,CIEL,"167156"
Medication dispense status,6214,CIEL,"167157"
Telephone number of clinician,5999,CIEL,"167158"
Suspected cancer,5998,CIEL,"167159"
Victim of gender-based violence in past three months,6512,CIEL,"167161"
History of exposure to domestic violence as a child,6114,CIEL,"167165"
Monogamous,6089,CIEL,"167168"
Age of oldest child (years),6093,CIEL,"167169"
Consent given for sex,6088,CIEL,"167171"
Age of sexual partner (years),6087,CIEL,"167172"
Glucose tolerance 1 1/2 hour test,6056,CIEL,"167173"
Post-prandial blood glucose measurement 1/2 hour after meal,6061,CIEL,"167174"
Post-prandial blood glucose measurement 1 hour after meal,6063,CIEL,"167175"
Post-prandial blood glucose measurement 1.5 hour after meal,6064,CIEL,"167176"
Post-prandial blood glucose measurement 2 hours after meal,6062,CIEL,"167177"
Post-prandial blood glucose panel,6065,CIEL,"167178"
Delusion type,6118,CIEL,"167179"
Religious delusion,6116,CIEL,"167180"
Hallucination type,6105,CIEL,"167181"
Total lipids,6058,CIEL,"167182"
Protein in urine from 24 hour collection,6070,CIEL,"167183"
Ayahuasca use,6082,CIEL,"167184"
Benodiazepine misuse,6083,CIEL,"167185"
Hallucinogen use,6081,CIEL,"167186"
Gamma hydroxybutyrate (GBH) use,6080,CIEL,"167187"
Cooperative,6097,CIEL,"167188"
Hostile behavior,6098,CIEL,"167189"
Defensive behavior,6099,CIEL,"167190"
Manipulative behavior,6096,CIEL,"167191"
Seductive behavior,6095,CIEL,"167192"
Attitude toward interview,6100,CIEL,"167193"
Spontaneous speech,6122,CIEL,"167194"
Loud speech,6129,CIEL,"167195"
Soft speech,6127,CIEL,"167196"
Fast speech,6124,CIEL,"167197"
Pressured speech,6125,CIEL,"167198"
Muted speech,6126,CIEL,"167199"
Impaired speech,6123,CIEL,"167200"
Type of speech,6130,CIEL,"167201"
Memory performance,6107,CIEL,"167202"
Ability to concentrate (qualitative),6094,CIEL,"167203"
Cryptococcus neoformans (india ink),6069,CIEL,"167207"
Leukocyte in urine sediment by light microscopy (count/HPF),6120,CIEL,"167209"
Erythrocyte in urine sediment by light microscopy (count/HPF),6121,CIEL,"167210"
Renal epithelial cells presence in urine sediment by light microscopy,6066,CIEL,"167212"
Common Elements Treatment Approach (CETA) completed,6135,CIEL,"167213"
Relationship and involvement with children (text),6137,CIEL,"167214"
CAGE alcohol questionnaire questions,6142,CIEL,"167215"
Score for CAGE questionnaire for detection of alcoholism,6464,CIEL,"167217"
Have you ever felt you needed to Cut down on your drinking?,6141,CIEL,"167218"
Have people Annoyed you by criticizing your drinking?,6139,CIEL,"167219"
Have you ever felt Guilty about drinking?,6140,CIEL,"167220"
Have you ever felt you needed a drink first thing in the morning (Eye-opener) to steady your nerves or to get rid of a hangover?,6138,CIEL,"167221"
History of homicidal ideation,6136,CIEL,"167222"
Family educated about patient's illness,6146,CIEL,"167223"
Living situation (text),6144,CIEL,"167224"
Medication training completed,6145,CIEL,"167225"
Echocardiogram findings,470,CIEL,"167226"
Perineum wound infection,5986,CIEL,"167227"
Infant formula provided,930,CIEL,"167247"
Medication for family member(s),6143,CIEL,"167287"
Numerous,6375,CIEL,"167332"
Ascaris lumbricoides in stool by light microscopy,6392,CIEL,"167348"
Ancylostoma duodenale in stool by light microscopy,6391,CIEL,"167349"
Trichuris trichiura in stool by light microscopy,6389,CIEL,"167350"
Hymenolepis nana in stool by light microscopy,6382,CIEL,"167351"
Endolimax nana in stool by light microscopy,6386,CIEL,"167352"
Taenia solium in stool by light microscopy,6388,CIEL,"167353"
Taenia saginata in stool by light microscopy,6390,CIEL,"167354"
Strongyloide stercoralis in stool by light microscopy,6381,CIEL,"167355"
Enterobius vermicularis in stool by light microscopy,6384,CIEL,"167356"
Balantidium coli in stool by light microscopy,6379,CIEL,"167357"
Entamoeba coli in stool by light microscopy,6376,CIEL,"167358"
Chilomastix mesnili in stool by light microscopy,6385,CIEL,"167359"
Dientamoeba fragilis in stool by iight microscopy,6378,CIEL,"167360"
Trichomonas intestinalis in stool by light microscopy,6383,CIEL,"167362"
Entamoeba histolytica in stool by light microscopy,6380,CIEL,"167363"
Giardia lamblia in stool by light microscopy,6377,CIEL,"167364"
Vibrio cholerae in stool by light microscopy,6387,CIEL,"167365"
Subtotal hysterectomy,6170,CIEL,"167366"
Hysterectomy for postpartum hemorrhage,6171,CIEL,"167367"
Religious faith healer,6459,CIEL,"167374"
"Epithelial cells, presence in body fluid",8414,CIEL,"167376"
"Studded epithelial cells, presence in body fluid",8415,CIEL,"167377"
Bag valve mask ventilation,7365,CIEL,"167383"
Early-onset neonatal sepsis,8484,CIEL,"167386"
Confirmation of treatment failure,7864,CIEL,"167388"
Baseline viral load,7863,CIEL,"167390"
Stepdown unit,7528,CIEL,"167396"
Yeast presence in specimen by gram stain,8412,CIEL,"167398"
Gram-positive cocci in pairs,6878,CIEL,"167400"
Gram-positive cocci in clusters,6879,CIEL,"167401"
Gram-positive cocci in chains,6881,CIEL,"167402"
Presence of gram-positive cocci on gram stain,8410,CIEL,"167403"
Arrangement of gram-positive cocci on gram stain,8411,CIEL,"167404"
Presence of gram-positive bacilli in gram stain,8413,CIEL,"167405"
Waiting,6788,CIEL,"167407"
In service,6787,CIEL,"167408"
Clinical consultation,6458,CIEL,"167410"
Triage service,6791,CIEL,"167411"
Cardiopulmonary resuscitation (CPR),7363,CIEL,"167415"
Phototherapy,6258,CIEL,"167422"
Neonatal exchange transfusion,7666,CIEL,"167423"
Ponatinib,7683,CIEL,"167597"
Rifapentine + Isoniazid,7680,CIEL,"167692"
Rifampicin + Isoniazid + Ethambutol,2196,CIEL,"1677"
Late-onset neonatal sepsis,8495,CIEL,"167720"
Radiant warming,6260,CIEL,"167724"
Was procedure performed/carried out,6270,CIEL,"167784"
Hepatitis B virus e antigen assay,6710,CIEL,"167785"
Hepatitis C RNA quantitative (IU/mL),7219,CIEL,"167787"
Reason for visit,431,CIEL,"167788"
Very poor,7567,CIEL,"167806"
Missed medication doses in past seven days,6297,CIEL,"167819"
Number of disease exacerbations,6659,CIEL,"167821"
Occupational exposure,6410,CIEL,"167822"
Equivalent substitution,6284,CIEL,"167851"
Equivalent composition substitution,6286,CIEL,"167852"
Brand composition substitution,6281,CIEL,"167853"
Generic composition substitution,6285,CIEL,"167854"
Therapeutic alternative substitutiion,6282,CIEL,"167855"
Therapeutic brand substitutiion,6288,CIEL,"167856"
Therapeutic generic substitutiion,6287,CIEL,"167857"
Formulary substitution,6283,CIEL,"167858"
ActSubstanceAdminSubstitutionCode,6289,CIEL,"167859"
Formulary policy,6278,CIEL,"167860"
Regulatory requirement,6279,CIEL,"167861"
SubstanceAdminSubstitutionReason,6280,CIEL,"167862"
Gender identity,8074,CIEL,"167864"
Identifies as male gender,8073,CIEL,"167865"
Identifies as female gender,8072,CIEL,"167866"
Male to female transsexual,8071,CIEL,"167867"
Female to male transsexual,8070,CIEL,"167868"
Identifies as non-binary gender,8069,CIEL,"167869"
Chemotherapy cycle number,255,CIEL,"167874"
Total number of planned chemotherapy cycles,235,CIEL,"167875"
Chemotherapy detail,6304,CIEL,"167876"
Excess salt intake,6302,CIEL,"167877"
Intake of soy sauce or other salty seasoning,6303,CIEL,"167878"
Isoniazid,1382,CIEL,"1679"
Wrists - Bilateral (X-ray),7934,CIEL,"167902"
Canagliflozin / metformin,8037,CIEL,"167912"
Patient condition/problem/disease controlled,6312,CIEL,"167913"
Patient understands their treatment,6311,CIEL,"167914"
Oral anti-diabetic medication class,6331,CIEL,"167915"
Fundoscopic exam performance status,6334,CIEL,"167916"
Fundoscopic exam findings,6335,CIEL,"167917"
Number of missed medication doses in past 7 days,6321,CIEL,"167918"
Ability to read and manage home glucometer,6333,CIEL,"167919"
Dapagliflozin,8036,CIEL,"167938"
Possesses home glucometer,6401,CIEL,"167956"
Hypoglycemic episode in past month,6402,CIEL,"167957"
Amlodipine / nebivolol,7988,CIEL,"167974"
On ACE inhibitors,6400,CIEL,"167998"
Platelet-large cell ratio (P-LCR),6366,CIEL,"167999"
Presence of indications for use of ACE inhibitor,6399,CIEL,"168000"
S. mansoni identified in stool,6394,CIEL,"168019"
Motivational interviewing,6372,CIEL,"168020"
Depressed left ventricular ejection fraction,6405,CIEL,"168041"
Carbetocin,1781,CIEL,"168058"
Inhaled glucocorticoids,6440,CIEL,"168059"
Oral steroid,6442,CIEL,"168060"
Short-acting beta agonists,6444,CIEL,"168061"
Short-acting muscarinic antagonists,6439,CIEL,"168062"
Long-acting beta agonists,6441,CIEL,"168063"
Long-acting muscarinic antagonists,6443,CIEL,"168064"
Treatment for chronic lung disease,6445,CIEL,"168065"
Kabiven total parenteral nutrition (TPN),6423,CIEL,"168068"
Forced Expiratory Volume 1,6433,CIEL,"168069"
Forced Vital Capacity (FVC) (liters),6432,CIEL,"168070"
Post-bronchodilator spirometry (qualitative),6437,CIEL,"168072"
Spirometry results set,6438,CIEL,"168073"
History of therapy with nephrotoxic drug,8466,CIEL,"168074"
Order discontinued,6490,CIEL,"168085"
Stale-dated order,6489,CIEL,"168086"
Incomplete data,6492,CIEL,"168087"
Prescription/Request requires clarification,6487,CIEL,"168091"
Mother pregnant or currently breastfeeding,6491,CIEL,"168094"
Duplicate therapy,6493,CIEL,"168095"
Medication dispense status reason,6494,CIEL,"168099"
Sickle cell RT SCAN,3026,CIEL,"168105"
HbAA (Normal),3022,CIEL,"168106"
HbSC (Disease),3025,CIEL,"168107"
HIV viral load construct,3146,CIEL,"168108"
Trauma Screening Questionnaire (TSQ) score,6502,CIEL,"168109"
Low salt adherence diet,6572,CIEL,"168115"
Hypertensive cardiomyopathy,6568,CIEL,"168116"
Immunohistochemistry needed,6055,CIEL,"168117"
Homelessness status,6530,CIEL,"168118"
Never been homeless,6579,CIEL,"168120"
Slow skin turgor,6531,CIEL,"168121"
Lipohypertrophy,6541,CIEL,"168122"
Complications at injection site,6543,CIEL,"168123"
Hematoma at injection site,6580,CIEL,"168124"
Number of hypoglycemic episode(s) in the past month,6539,CIEL,"168125"
Patient adjusted insulin based on glucometer results,6540,CIEL,"168126"
Pericarditis due to human immunodeficiency virus,6586,CIEL,"168127"
Chemotherapy-induced cardiomyopathy,6584,CIEL,"168128"
Improvement seen on echocardiogram,6573,CIEL,"168131"
Nephrotic syndrome related to membraneous glomerulonephritis (GN),6604,CIEL,"168132"
Short acting morphine,6607,CIEL,"168133"
Long acting morphine,6608,CIEL,"168134"
Refractory heart failure,6605,CIEL,"168135"
C-peptide test,6680,CIEL,"168136"
Disease requiring palliative care treatment,6602,CIEL,"168137"
Referred for surgical evaluation,6576,CIEL,"168148"
Ability to titrate treatment,6574,CIEL,"168149"
Treatment at discharge time,6309,CIEL,"168150"
Loud heart murmur,6583,CIEL,"168165"
Drugs of abuse panel in urine,6639,CIEL,"168167"
Amphetamines screening in urine,6625,CIEL,"168168"
Barbituates screening in urine,6635,CIEL,"168169"
Benzodiazepines screening in urine,6628,CIEL,"168170"
Buprenorphine screening in urine,6633,CIEL,"168171"
Cocaine screening in urine,6636,CIEL,"168172"
Marijuana screening in urine,6626,CIEL,"168173"
Methadone screening in urine,6632,CIEL,"168174"
Methaphetamine screening in urine,6629,CIEL,"168175"
Methylenedioxy Methamphetamine screening in urine,6634,CIEL,"168176"
Opiates screening in urine,6637,CIEL,"168177"
Oxycodone screening in urine,6627,CIEL,"168178"
Phencyclidine screening in urine,6631,CIEL,"168179"
Propoxyphene screening in urine,6630,CIEL,"168180"
Tricyclic antidepressants screening in urine,6638,CIEL,"168181"
Viral cardiomyopathy,6581,CIEL,"168182"
Spirometry progress status,6430,CIEL,"168192"
On spironolactone,6646,CIEL,"168193"
Pediatrics emergency,6654,CIEL,"168194"
Chronic kidney disease due to hypertension,6666,CIEL,"168195"
Dispersible oral tablet,8618,CIEL,"168206"
Total PSA,6688,CIEL,"168209"
Free PSA,6681,CIEL,"168210"
Creatine kinase-myocardial band,6682,CIEL,"168211"
Serum lactate (mg/dL),6683,CIEL,"168212"
Thyrotropin,6679,CIEL,"168213"
Total triiodothyronine (T3),6676,CIEL,"168214"
Total thyroxine (T4),6678,CIEL,"168215"
Ionized calcium,6684,CIEL,"168216"
Creatinine in urine (random) (mg/dL),6673,CIEL,"168217"
Description of scar,6936,CIEL,"168244"
Functional independence measure,5652,CIEL,"168261"
APRI score,6709,CIEL,"168288"
Asymptomatic liver disease,6718,CIEL,"168289"
Liver palpable,6704,CIEL,"168290"
Risk factors for Hepatitis B,6708,CIEL,"168291"
Maternal infection,6724,CIEL,"168292"
Sibling infection,6722,CIEL,"168293"
Partner infected,6723,CIEL,"168294"
History of therapeutic abdominal paracentesis,6717,CIEL,"168295"
Disease requiring hospitalization since last visit,559,CIEL,"168296"
Hepatocarcinoma due to Hepatitis B,6720,CIEL,"168297"
Hepatocarcinoma due to Hepatitis C,6721,CIEL,"168298"
Need for blood transfusion,6698,CIEL,"168299"
Liver cirrhosis due to Hepatitis B,6731,CIEL,"168300"
Liver cirrhosis due to Hepatitis C,6730,CIEL,"168301"
Hepatic cirrhosis due to schistosomiasis,6736,CIEL,"168302"
Cirrhosis secondary to non-alcoholic steatohepatitis,6738,CIEL,"168303"
Hepatitis B DNA quantitative (IU/mL),6742,CIEL,"168323"
Escherichia coli (organism),6874,CIEL,"168336"
Liver cirrhosis with portal hypertension,6743,CIEL,"168339"
Liver cirrhosis without portal hypertension,6747,CIEL,"168340"
Periportal fibrosis,6746,CIEL,"168341"
Hyperosmolar hyperglycemic syndrome,6751,CIEL,"168342"
Heterogeneous without signs of cirrhosis,6745,CIEL,"168343"
Uncontrolled cancer pain,6758,CIEL,"168344"
Amputation for diabetic foot,6760,CIEL,"168355"
Cirrhosis of liver with ascites,6757,CIEL,"168356"
Noncommunicable disease,6777,CIEL,"168358"
Hepatocarcinoma due to unknown cause,6734,CIEL,"168359"
Treatment response,6714,CIEL,"168360"
Isolation ward,6728,CIEL,"168361"
TB / HIV clinic,6729,CIEL,"168362"
NCD clinic,6726,CIEL,"168363"
Traditional ceremony,6739,CIEL,"168364"
Pentavalent vaccine,2091,CIEL,"1685"
Decompensated nephrotic syndrome,6756,CIEL,"168543"
Episiorrhaphy,6804,CIEL,"168544"
Laparotomy for ectopic pregnancy,6805,CIEL,"168545"
Exploratory laparotomy with drainage of pelvic abcess,6803,CIEL,"168546"
Excision of vulvar and perineal condyloma,6798,CIEL,"168547"
Chronic hepatitis C with HIV infection,7232,CIEL,"168583"
Anamnios,6860,CIEL,"168588"
PHQ-9 question set,6835,CIEL,"168589"
GAD-7 question set,6825,CIEL,"168590"
Worrying too much about different things,6823,CIEL,"168591"
Chronic hypertension,6859,CIEL,"168592"
History of one prior cesarean section,6863,CIEL,"168593"
History of two prior cesarean sections,6862,CIEL,"168594"
Nonreassuring fetal heart rate pattern,6861,CIEL,"168595"
Abnormal placental attachment,6857,CIEL,"168610"
Severe pre-eclampsia (stabilized),6864,CIEL,"168611"
Tenofovir alafenamide,8275,CIEL,"168612"
Excision of lingual frenum,8353,CIEL,"168626"
Gram-negative diplococcus,6886,CIEL,"168627"
Budding yeast (gram stain),6888,CIEL,"168628"
Yeast with capsules (gram stain),6885,CIEL,"168629"
Gram-negative coccobacillus,6887,CIEL,"168630"
Gram-positive diplococcus,6892,CIEL,"168631"
Staphylococcus aureus,6897,CIEL,"168632"
Salmonella enterica serovar Typhi,6895,CIEL,"168633"
Klebsiella pneumoniae,6900,CIEL,"168634"
Streptococcus pneumoniae,6894,CIEL,"168635"
Non-typhoidal Salmonella (NTS),6898,CIEL,"168636"
Coagulase-negative Staphylococcus,6896,CIEL,"168637"
Haemophilus influenzae,6893,CIEL,"168638"
Pseudomonas aeruginosa,6899,CIEL,"168639"
Newly diagnosed disease,5382,CIEL,"1687"
Face exam findings,6929,CIEL,"168713"
Face exam (text),6931,CIEL,"168714"
Fetal heart rate monitoring method,6926,CIEL,"168715"
Pinard stethoscope,6921,CIEL,"168716"
Fetal doppler,6923,CIEL,"168717"
Moyo fetal heart rate monitor,6925,CIEL,"168718"
Janitri fetal monitor,6924,CIEL,"168719"
Continuous cardiotocography monitor (CTG),6922,CIEL,"168720"
Umbilical cord examination findings,6933,CIEL,"168721"
Umbilical cord exam (text),6932,CIEL,"168722"
Mouth region exam (text),6930,CIEL,"168723"
Administration of prophylactic antibiotics to neonatal eyes,6928,CIEL,"168724"
Umbilical cord stump cleaning,6927,CIEL,"168725"
Meconium stained amniotic fluid (MSAF) classification,6937,CIEL,"168726"
"Meconium stained liquor, Grade I",6947,CIEL,"168727"
"Meconium stained liquor, Grade II",6948,CIEL,"168728"
"Meconium stained liquor, Grade III",6949,CIEL,"168729"
Method of sickle cell confirmation,6974,CIEL,"168730"
Isoelectric focusing (IEF) for hemoglobin variant testing,6971,CIEL,"168731"
Gazelle hemoglobin variant test,6973,CIEL,"168732"
HemoTypeSC hemoglobin variant test,6972,CIEL,"168733"
Feeding technique for newborn,6969,CIEL,"168734"
Cup feeding of infant,6965,CIEL,"168735"
Spoon feeding of infant,6968,CIEL,"168742"
Tube feeding of infant,6966,CIEL,"168743"
Bottle feeding of infant,6967,CIEL,"168744"
Neonatal conjunctivitis of both eyes,6975,CIEL,"168745"
Neonatal conjunctivitis of left eye,6976,CIEL,"168746"
Neonatal conjunctivitis of right eye,6977,CIEL,"168747"
Meconium colored feces,6970,CIEL,"168748"
Green-brown color,6940,CIEL,"168749"
Fetal membranes color,6942,CIEL,"168750"
Method of labor induction,6944,CIEL,"168751"
Mechanical induction of labor,6943,CIEL,"168752"
Administration of oxytocin,6979,CIEL,"168753"
Administration of misoprostol,6978,CIEL,"168754"
Start date/time of labor induction,6939,CIEL,"168755"
Recurrence of disease,5758,CIEL,"1688"
Liver fibrosis secondary to Schistosoma,6981,CIEL,"168887"
Mechanical valve replacement,6988,CIEL,"168888"
Biological valve replacement,6990,CIEL,"168889"
Valvuloplasty,6989,CIEL,"168890"
On secondary antibiotic prophylaxis,6992,CIEL,"168891"
On medical prophylaxis to prevent variceal bleeding,6997,CIEL,"168892"
Reason for no hydroxyurea treatment,6996,CIEL,"168893"
Complete blood count results not available,6994,CIEL,"168894"
No sickle-cell test confirmation,6995,CIEL,"168895"
Reason anti-tuberculosis treatment started,6071,CIEL,"1689"
Midline incision,7901,CIEL,"168958"
Hepatitis B core antibody test,7217,CIEL,"168968"
Positive for Plasmodium malariae,7294,CIEL,"168986"
Positive for Plasmodium ovale,7293,CIEL,"168987"
Plasmodium species seen on smear,7297,CIEL,"168988"
Trophozoite of Plasmodium,7301,CIEL,"168989"
Gametocyte of Plasmodium,7290,CIEL,"168990"
Schizont of Plasmodium,7289,CIEL,"168991"
Plasmodium form seen on smear,7291,CIEL,"168992"
Salmonella typhi O antibody titer,7299,CIEL,"168993"
Salmonella typhi H antibody titer,7298,CIEL,"168994"
Clinical suspicion,378,CIEL,"1690"
Automated RPR (syphilis),7300,CIEL,"169000"
Malaria smear impression,7296,CIEL,"169035"
Estimated blood loss before delivery (mL),7336,CIEL,"169036"
Estimated blood loss after delivery (mL),7335,CIEL,"169037"
Placenta weight (g),7333,CIEL,"169038"
Umbilical cord length (cm),7337,CIEL,"169039"
Number of surgical sutures,7334,CIEL,"169040"
Episode end date/time,7343,CIEL,"169041"
Episode start date/time,7344,CIEL,"169042"
Labor time set,7345,CIEL,"169044"
Count of Acid-fast bacillus (AFB) in sputum,7332,CIEL,"169045"
Arthroplasty,8187,CIEL,"169060"
Post-exposure prophylaxis,3583,CIEL,"1691"
Discharged,947,CIEL,"1692"
Drug-induced sexual dysfunction,7535,CIEL,"169225"
Social (pragmatic) communication disorder,7401,CIEL,"169239"
Catatonia with mental disorder,7386,CIEL,"169250"
Psychotic disorder due to medical condition with hallucinations,7382,CIEL,"169251"
Psychotic disorder due to medical condition with delusions,7381,CIEL,"169252"
Phobia of the natural environment,7482,CIEL,"169253"
Fear of blood,7481,CIEL,"169254"
Fear of an accident,7480,CIEL,"169255"
Situational phobia,7479,CIEL,"169256"
Fear of medical care,7478,CIEL,"169257"
Drug-induced anxiety disorder,7476,CIEL,"169258"
Hoarding disorder,7502,CIEL,"169259"
Conversion disorder with weakness/paralysis,7700,CIEL,"169261"
Conversion disorder with swallowing difficulty,7698,CIEL,"169262"
Conversion disorder with speech problem,7699,CIEL,"169263"
Conversion disorder with mixed symptoms,7695,CIEL,"169265"
Other specified eating disorder,7509,CIEL,"169266"
Childhood gender dysphoria,7739,CIEL,"169304"
Mild alcohol use disorder,7729,CIEL,"169305"
Moderate alcohol use disorder,7727,CIEL,"169306"
Severe alcohol use disorder,7725,CIEL,"169307"
Caffeine use disorder,7723,CIEL,"169308"
Moderate cannabis use disorder,7722,CIEL,"169309"
Severe cannabis use disorder,7720,CIEL,"169310"
Mild inhalant use disorder,7712,CIEL,"169311"
Adult gender dysphoria,7738,CIEL,"169324"
Adolescent gender dysphoria,7737,CIEL,"169325"
Gender dysphoria,7736,CIEL,"169326"
Severe inhalant use disorder,7708,CIEL,"169327"
Mild opioid use disorder,7706,CIEL,"169328"
Moderate opioid use disorder,7704,CIEL,"169329"
Severe opioid use disorder,7728,CIEL,"169330"
Mild tobacco use disorder,7726,CIEL,"169331"
Moderate tobacco use disorder,7724,CIEL,"169332"
Severe tobacco use disorder,7721,CIEL,"169333"
"Mild sedative, hypnotic or anxiolytic use disorder",7719,CIEL,"169334"
"Moderate sedative, hypnotic or anxiolytic use disorder",7717,CIEL,"169335"
"Severe sedative, hypnotic or anxiolytic use disorder",7715,CIEL,"169336"
Mild stimulant use disorder,7713,CIEL,"169337"
Moderate stimulant use disorder,7711,CIEL,"169338"
Severe stimulant use disorder,7709,CIEL,"169339"
Moderate cocaine use disorder,7707,CIEL,"169340"
Severe cocaine use disorder,7705,CIEL,"169341"
Mild substance use disorder,7703,CIEL,"169342"
Moderate substance use disorder,7702,CIEL,"169343"
Severe substance use disorder,7701,CIEL,"169344"
Major neurocognitive disorder without behavior changes caused by Huntington's disease,7648,CIEL,"169345"
Mild hallucinogen use disorder,7718,CIEL,"169346"
Moderate hallucinogen use disorder,7716,CIEL,"169349"
Severe hallucinogen use disorder,7714,CIEL,"169350"
Major Neurocognitive Disorder with behavior changes caused by Huntington's disease,7651,CIEL,"169356"
Major Neurocognitive Disorder without behavior changes caused by traumatic brain injury,7650,CIEL,"169357"
Major neurocognitive disorder with behavior changes caused by traumatic brain injury,7649,CIEL,"169358"
Drug-induced acute dystonia,7776,CIEL,"169359"
Dolutegravir / lamivudine / tenofovir alafenamide,8274,CIEL,"169361"
Acute akathisia induced by medications,7766,CIEL,"169362"
Tardive dystonia,7767,CIEL,"169363"
Tardive akathisia,7768,CIEL,"169364"
Uncomplicated grief,7771,CIEL,"169365"
Conversion disorder with special sensory loss,7696,CIEL,"169366"
Left against medical advice,937,CIEL,"1694"
Psychosocial assessment,3676,CIEL,"169400"
Traumatic event,1045,CIEL,"169400"
Lichen planus actinicus (LPA),7821,CIEL,"169445"
Paraneoplastic pruritus,7822,CIEL,"169446"
Exogenous ochronosis,7818,CIEL,"169447"
Retentional acne,7817,CIEL,"169448"
Papulopustular acne vulgaris,7816,CIEL,"169449"
Friction melanosis,7815,CIEL,"169450"
Onychomatricoma,7814,CIEL,"169451"
Palmoplantar keratoderma,7813,CIEL,"169452"
Binge eating disorder,7810,CIEL,"169453"
BERG,5711,CIEL,"169473"
Timed Up and Go,5673,CIEL,"169474"
Voluntary depigmentation,7835,CIEL,"169476"
Calcium oxalate crystals in urine microscopy,7352,CIEL,"169491"
Magnesium phosphate crystals in urine,7354,CIEL,"169492"
Mucus in urine (microscopy),7355,CIEL,"169494"
Uric acid crystals in urine microscopy,7351,CIEL,"169495"
Troponin T rapid test,7267,CIEL,"169499"
Molluscum fibrosum pendulum,7833,CIEL,"169512"
Caffeine withdrawal,7787,CIEL,"169527"
Cannabis withdrawal,7790,CIEL,"169528"
Lack of family engagement with supporting education,7779,CIEL,"169550"
Child affected by parental relationship distress,7780,CIEL,"169552"
High expressed emotion (EE) in family,7778,CIEL,"169553"
No longer at risk,8093,CIEL,"169557"
Richmond agitation-sedation scale (RASS),7859,CIEL,"169567"
Simple Verbal Scale (SVS),7858,CIEL,"169568"
Numeric rating scale,7856,CIEL,"169569"
Behavioral Pain Scale (BPS) score,7855,CIEL,"169570"
Type 3c third degree perineal laceration,7913,CIEL,"169571"
Type 3b third degree perineal laceration,7914,CIEL,"169572"
Location of laceration(s),7896,CIEL,"169574"
Number of lacerations,7897,CIEL,"169575"
Fundal incision of uterus,7898,CIEL,"169576"
Vertical incision of uterus,7899,CIEL,"169577"
Low traverse incision on uterus,7900,CIEL,"169578"
Location of incision on uterus,7902,CIEL,"169579"
Suture material (coded),7905,CIEL,"169580"
Absorbable,7906,CIEL,"169581"
Silk,7909,CIEL,"169582"
Staple(s),7907,CIEL,"169583"
Catgut,7908,CIEL,"169584"
Suture material (text),7904,CIEL,"169585"
Adhesion of urinary bladder,7910,CIEL,"169586"
Transfusion construct for past 3 months,7912,CIEL,"169589"
Suture thickness (text),7903,CIEL,"169590"
Bitten by suspected rabid animal,4916,CIEL,"169607"
Febrile jauncide,4827,CIEL,"169608"
Major event supposed to be attributable to vaccination and immunization (ESAVI),7926,CIEL,"169609"
Non-severe event supposed to be attributable to vaccination and immunization (ESAVI),7925,CIEL,"169610"
"Wrist - Right, 3 views (X-ray)",7947,CIEL,"169613"
"Wrist - Left, 3 views (X-ray)",7948,CIEL,"169614"
"Thoracic spine AP/Lat + swimmers, 3 views (X-ray)",7944,CIEL,"169615"
Pelvis with contrast (CT),7945,CIEL,"169616"
"Cervical spine AP/Lateral, odontoid, and lateral flexion extension (X-ray)",7943,CIEL,"169618"
Cervical spine odontoid (X-ray),7942,CIEL,"169619"
Ankle - Bilateral (X-ray),7955,CIEL,"169620"
Tibia and fibula - Bilateral (X-ray),7954,CIEL,"169621"
Bilateral shoulders (X-ray),7953,CIEL,"169622"
HIV and syphilis positive,7949,CIEL,"169623"
Dual HIV/syphilis RDT,7952,CIEL,"169624"
Aspiration (US),8021,CIEL,"169628"
Drainage (US),8020,CIEL,"169629"
Obstetric under 14 weeks (US),8016,CIEL,"169631"
Soft tissue neck (US),8012,CIEL,"169632"
Head with and without contrast (CT),8011,CIEL,"169633"
Facial bones without contrast (CT),8019,CIEL,"169634"
"Chest, abdomen and pelvis (CAP) with and without contrast (CT)",8008,CIEL,"169635"
Facial bones with contrast (CT),8018,CIEL,"169636"
Ankle - Left (X-ray),8010,CIEL,"169640"
Ankle - Right (X-ray),8009,CIEL,"169641"
Calcaneus - Left (X-ray),8007,CIEL,"169642"
Calcaneus - Right (X-ray),8006,CIEL,"169643"
Cervical spine (X-ray),8005,CIEL,"169644"
Clavicle - Left (X-ray),8004,CIEL,"169645"
Clavicle - Right (X-ray),8003,CIEL,"169646"
Coccyx (X-ray),8002,CIEL,"169647"
Elbow - Left (X-ray),8001,CIEL,"169648"
Elbow - Right (X-ray),8000,CIEL,"169649"
Elbow - Bilateral (xray),7999,CIEL,"169650"
Facial bones (X-ray),7998,CIEL,"169651"
Femur - Left (X-ray),7987,CIEL,"169652"
Femur - Right (X-ray),7986,CIEL,"169653"
Foot - Left (X-ray),7990,CIEL,"169654"
Foot - Right (X-ray),7989,CIEL,"169655"
Foot - Bilateral (X-ray),7985,CIEL,"169656"
Forearm - Left (X-ray),7984,CIEL,"169657"
Forearm - Right (X-ray),7983,CIEL,"169658"
Hand - Left (X-ray),7982,CIEL,"169659"
Hand - Right (X-ray),7981,CIEL,"169660"
Hands - Bilateral (X-ray),7937,CIEL,"169661"
Dolutegravir / emtricitabine / tenofovir alafenamide,8273,CIEL,"169663"
Hip - Left (X-ray),7974,CIEL,"169670"
Hip - Right (X-ray),7973,CIEL,"169671"
Fasting blood glucose (mmol/L),8025,CIEL,"169672"
Bimanual uterine massage,8027,CIEL,"169674"
Aortic compression for postpartum haemorrhage,8026,CIEL,"169675"
Humerus - Left (X-ray),7972,CIEL,"169679"
Humerus - Right (X-ray),7971,CIEL,"169680"
Knee - Left (X-ray),7970,CIEL,"169681"
Knee - Right (X-ray),7969,CIEL,"169682"
Lumbar spine (X-ray),7966,CIEL,"169683"
Mandible (X-ray),7965,CIEL,"169684"
Mastoid (X-ray),7964,CIEL,"169685"
Orbits (X-ray),7963,CIEL,"169687"
Pelvis and left hip (X-ray),7961,CIEL,"169688"
Pelvis and right hip (X-ray),7960,CIEL,"169689"
Pelvis and bilateral hips (X-ray),7959,CIEL,"169690"
Ribs - Left (X-ray),7958,CIEL,"169691"
Ribs - Right (X-ray),7957,CIEL,"169692"
Sinuses (X-ray),7979,CIEL,"169693"
Temporomandibular joint (X-Ray),7992,CIEL,"169705"
Thoracic spine (X-ray),7995,CIEL,"169706"
Tibia and fibula - Left (X-ray),7994,CIEL,"169707"
Tibia and fibula - Right (X-ray),7993,CIEL,"169708"
Wrist - Left (X-ray),7997,CIEL,"169709"
Wrist - Right (X-ray),7996,CIEL,"169710"
Scapula - Left (X-ray),7978,CIEL,"169711"
Scapula - Right (X-ray),7977,CIEL,"169712"
Shoulder - Left (X-ray),7976,CIEL,"169713"
Shoulder - Right (X-ray),7975,CIEL,"169714"
"Abdomen, 2 views (X-ray)",7991,CIEL,"169910"
PrEP Program,7956,CIEL,"169912"
Beclometasone / Formoterol,8030,CIEL,"169918"
Lower extremity - Bilateral with contrast (CT),8022,CIEL,"169919"
Knee and patella - Right (X-ray),7968,CIEL,"169921"
Knee and patella - Left (X-ray),7967,CIEL,"169922"
Hydrogen peroxide,2255,CIEL,"169978"
Restrictive cardiomyopathy,8042,CIEL,"169981"
Breast examination,8044,CIEL,"169984"
Postpartum hemorrhage treatment type,8046,CIEL,"169986"
Td booster,171,CIEL,"17"
Previous use of Pre Exposure Prophylaxis (PrEP),8475,CIEL,"170089"
Outdoor fire,8058,CIEL,"170105"
Indoor fire,8059,CIEL,"170106"
Electric stove,8060,CIEL,"170107"
Cooking method,8061,CIEL,"170108"
Myofascial neck pain,8099,CIEL,"170109"
Subacromial bursitis,8222,CIEL,"170110"
Femoroacetabular impingement,8202,CIEL,"170111"
Gluteus medius tendinopathy,8201,CIEL,"170116"
Traumatic fracture of vertebra,8136,CIEL,"170117"
Maisonneuve fracture,8149,CIEL,"170124"
Myasthenia gravis,8171,CIEL,"170125"
Intracapsular fracture of femur,8154,CIEL,"170126"
Brainstem disorder,8146,CIEL,"170127"
Date of last sexual intercourse,8065,CIEL,"170128"
Symptoms of acute HIV infection,8062,CIEL,"170129"
Decision to start pre-exposure prophylaxis (PrEP),8064,CIEL,"170130"
Start date of PrEP,8076,CIEL,"170131"
Conus medullaris syndrome,8166,CIEL,"170135"
"Ataxia, post-cerebrovascular accident",8177,CIEL,"170136"
Neuropathy due to human immunodeficiency virus infection,8181,CIEL,"170137"
Diabetic neuropathy,8182,CIEL,"170138"
Peripheral polyneuropathy,8174,CIEL,"170139"
Reason for PrEP inactivity,8094,CIEL,"170150"
EID treatment status,5634,CIEL,"170151"
Discontinued treatment without medical advice,8081,CIEL,"170154"
Patient decision,8409,CIEL,"170200"
Chloroquine phosphate,8228,CIEL,"170275"
Date to remove drainage,8107,CIEL,"170305"
Date to remove stitches,8106,CIEL,"170306"
Cerebellar ataxia due to neoplastic disease,8233,CIEL,"170309"
Epilepsy with postictal motor deficit,8231,CIEL,"170310"
Chronic dry cough,8248,CIEL,"170329"
Post Anesthetic Recovery score,8249,CIEL,"170334"
Post Anesthetic Recovery score set,8267,CIEL,"170335"
Oxygen saturation on room air greater than 92 percent,8266,CIEL,"170336"
Oxygen saturation on supplemental oxygen greater than or equal to 90 percent,8265,CIEL,"170337"
Oxygen saturation on supplemental oxygen less than 90 percent,8264,CIEL,"170338"
Oxygenation status,8263,CIEL,"170339"
Able to breathe deeply and cough freely,8262,CIEL,"170340"
Dyspnea or limited breathing,8261,CIEL,"170341"
Apnea or requires mechanical ventilation,8260,CIEL,"170342"
Respiration status,8259,CIEL,"170343"
Blood pressure within 20 percent of preanesthetic level,8258,CIEL,"170344"
Blood pressure 20-49 percent from preanesthetic level,8257,CIEL,"170345"
Blood pressure 50 percent or more from preanesthetic level,8256,CIEL,"170346"
Circulation status post-anesthetic,8255,CIEL,"170347"
Able to move all four limbs,8254,CIEL,"170348"
Able to move two limbs,8253,CIEL,"170349"
Unable to move limbs voluntarily or on command,8252,CIEL,"170350"
Activity status post-anesthetic,8251,CIEL,"170351"
Nausea level,8250,CIEL,"170353"
Ambulation started,8246,CIEL,"170354"
Feeding/eating started,8247,CIEL,"170355"
Elective cesarean section,8241,CIEL,"170363"
Fetal parts visible on perineum,8288,CIEL,"170382"
Preductal spO2 (%),8277,CIEL,"170398"
Postductal spO2 (%),8276,CIEL,"170399"
Nothing by mouth,8294,CIEL,"170412"
Partial thromboplastin time (PTT) ratio (%),8308,CIEL,"170413"
Umbilical cord,8310,CIEL,"170479"
Observations of baby following delivery (text),8307,CIEL,"170481"
IVF volume (mL),8312,CIEL,"170482"
Removal of urinary catheter,8289,CIEL,"170483"
Uterine contractions with less than 34 weeks of pregnancy,8240,CIEL,"170484"
Early labour between 34 and 37 weeks gestation,8235,CIEL,"170485"
Leaking fluid or spotting with less than 34 weeks of pregnancy,8239,CIEL,"170486"
Regular contractions and herpes simplex (HSV) lesion greater than 34 weeks gestation,8238,CIEL,"170488"
"Planned, elective, repeat cesarean with contractions greater than 34 weeks gestation",8236,CIEL,"170489"
"Dengue Ab RDT, blood",8341,CIEL,"170563"
"Dengue Ag RDT, blood",8371,CIEL,"170637"
Alcaftadine,1809,CIEL,"170650"
Leishmania braziliensis,8446,CIEL,"170651"
Leishmania chagasi,8445,CIEL,"170652"
Leishmania donovani,8444,CIEL,"170653"
Leishmania mexicana,8443,CIEL,"170654"
Leishmania tropica,8442,CIEL,"170655"
Leishmania species identified in tissue specimen,8441,CIEL,"170656"
Borrelia species identified in tissue by culture,8449,CIEL,"170657"
Borrelia burgdorferi,8448,CIEL,"170658"
Borrelia hermsii,8447,CIEL,"170659"
Dexlansoprazole,5737,CIEL,"170660"
Transcutaneous bilirubin (mg/dL),8435,CIEL,"170674"
Ballard score,8417,CIEL,"170675"
Total neuromuscular maturity score,8422,CIEL,"170676"
Total physical maturity score,8420,CIEL,"170677"
Posture score,8430,CIEL,"170678"
Arm recoil score,8425,CIEL,"170680"
Popliteal angle score,8423,CIEL,"170681"
Scarf sign score,8421,CIEL,"170682"
Ballard neuromuscular maturity score set,8434,CIEL,"170684"
Skin score,8418,CIEL,"170685"
Lanugo score,8433,CIEL,"170686"
Breast score,8429,CIEL,"170688"
Eye/Ear score,8427,CIEL,"170689"
Genitals (Male) score,8426,CIEL,"170690"
Genitals (Female) score,8424,CIEL,"170692"
Buccal product,8574,CIEL,"170732"
Chewable product,8550,CIEL,"170733"
Dental product,8551,CIEL,"170734"
Disintegrating oral product,8552,CIEL,"170735"
Drug implant product,8553,CIEL,"170736"
Flake product,8555,CIEL,"170737"
Granule product,8557,CIEL,"170738"
Inhalant product,8578,CIEL,"170739"
Injectable product,8583,CIEL,"170740"
Intraperitoneal product,8561,CIEL,"170741"
Intratracheal product,8549,CIEL,"170742"
Intravesical product,8562,CIEL,"170743"
Irrigation product,8564,CIEL,"170744"
Lozenge product,8588,CIEL,"170745"
Medicated pad or tape,8567,CIEL,"170746"
Mouthwash product,8568,CIEL,"170747"
Mucosal product,8570,CIEL,"170748"
Nasal product,8589,CIEL,"170749"
Ophthalmic product,8594,CIEL,"170750"
Oral cream product,8601,CIEL,"170751"
Oral film product,8573,CIEL,"170752"
Oral foam product,8603,CIEL,"170753"
Oral gel product,8605,CIEL,"170754"
Oral liquid product,8607,CIEL,"170755"
Oral ointment product,8610,CIEL,"170756"
Oral paste product,8612,CIEL,"170757"
Oral powder product,8554,CIEL,"170758"
Oral product,8556,CIEL,"170759"
Oral spray product,8558,CIEL,"170760"
Otic product,8614,CIEL,"170761"
Paste product,8559,CIEL,"170762"
Pellet product,8560,CIEL,"170763"
Pill product,8617,CIEL,"170764"
Pyelocalyceal product,8563,CIEL,"170765"
Rectal product,8622,CIEL,"170766"
Shampoo product,8565,CIEL,"170767"
Soap product,8566,CIEL,"170768"
Sublingual product,8546,CIEL,"170769"
Toothpaste product,8569,CIEL,"170770"
Topical product,8629,CIEL,"170771"
Transdermal product,8571,CIEL,"170772"
Urethral product,8572,CIEL,"170773"
Vaginal product,8636,CIEL,"170774"
Wafer product,8642,CIEL,"170775"
Neonatal meningitis,8485,CIEL,"170788"
Sayana press,8491,CIEL,"170789"
Prematurity and low birth weight,8492,CIEL,"170790"
Laparotomy,8527,CIEL,"170802"
Hernia repair,8350,CIEL,"170803"
Finger stick blood glucose (coded),8504,CIEL,"170804"
Vaginal insert,8635,CIEL,"170806"
Copper T IUD,8511,CIEL,"170807"
Skin scrapings for fungal elements (coded),8683,CIEL,"170820"
Endocrine exam findings,8682,CIEL,"170826"
Skin changes,8685,CIEL,"170829"
Witnessed sleep apnea,8701,CIEL,"170838"
Early satiety,8692,CIEL,"170845"
Informed consent,8684,CIEL,"1710"
Highest education level,3377,CIEL,"1712"
Primary school,3374,CIEL,"1713"
Secondary school,3376,CIEL,"1714"
First trimester,3605,CIEL,"1721"
Second trimester,3604,CIEL,"1722"
Third trimester,3603,CIEL,"1723"
Signs and symptoms,3303,CIEL,"1727"
Sign/Symptom name,635,CIEL,"1728"
Sign/symptom present,34,CIEL,"1729"
Sign/symptom start date,5379,CIEL,"1730"
Sign/Symptom duration,3302,CIEL,"1731"
Time units,976,CIEL,"1732"
Minutes,975,CIEL,"1733"
Years,969,CIEL,"1734"
Drug not available - out of stock,1333,CIEL,"1754"
Intravenous fluid administration,641,CIEL,"1765"
Fracture,4790,CIEL,"177"
Number of hospitalizations,1672,CIEL,"1773"
Patient completed full treatment,3745,CIEL,"1775"
Fear of side effects,3750,CIEL,"1778"
Colles' fracture,4544,CIEL,"178"
Patient referred to hospital,3832,CIEL,"1788"
Contaminated needle stick,3289,CIEL,"181"
Distance to nearest health facility (km),8041,CIEL,"1811"
Cause of death from death certificate,67,CIEL,"1814"
Diagnosis sequence number,66,CIEL,"1815"
Causes of death from death certificate (set),69,CIEL,"1816"
Reason for not receiving medications,6220,CIEL,"1820"
Hours,970,CIEL,"1822"
Number of abortions/miscarriages,3276,CIEL,"1823"
Total number of living children,3279,CIEL,"1825"
Suddenly,5638,CIEL,"1839"
Slowly,5639,CIEL,"1841"
General good health,3257,CIEL,"1855"
Mother's health status,3697,CIEL,"1856"
Premature birth of patient,1763,CIEL,"1860"
Jadelle (implantable contraceptive),1669,CIEL,"1873"
Trace,2953,CIEL,"1874"
Urine protein (dipstick),2957,CIEL,"1875"
Number of days since birth,7349,CIEL,"1879"
Danger sign(s) present,5418,CIEL,"1880"
Emergency (status),6784,CIEL,"1882"
Urgent (status),7092,CIEL,"1883"
When Convenient (status),7082,CIEL,"1884"
Referral priority,7046,CIEL,"1885"
Reasons for referral (coded),3845,CIEL,"1887"
Patient's condition improved since last visit,3514,CIEL,"1898"
Patient currently unavailable,276,CIEL,"1899"
Condoms,51,CIEL,"190"
Emergency-Ambulance Required (Status),7055,CIEL,"1905"
Sanitation/hygiene counseling,3783,CIEL,"1906"
Counseling about breastfeeding,3778,CIEL,"1910"
Counseling for expectant mother,3784,CIEL,"1912"
Procedure performed quantity,5380,CIEL,"1937"
Procedures performed this encounter,5381,CIEL,"1938"
Suspension for injection,8586,CIEL,"1939"
Oral suspension,8609,CIEL,"1940"
Blood drawn for CD4 count,3564,CIEL,"1941"
Thatch,1130,CIEL,"1942"
Cement,1088,CIEL,"1943"
Beaten earth,1091,CIEL,"1944"
B-hCG,1173,CIEL,"1945"
Helminthiasis,4773,CIEL,"199"
Seizure,1213,CIEL,"206"
Hemoglobin,3001,CIEL,"21"
Neonatal sepsis,4330,CIEL,"226"
Antepartum hemorrhage,3973,CIEL,"228"
Postpartum hemorrhage,3796,CIEL,"230"
Vaginal candidiasis,3471,CIEL,"298"
VDRL,2896,CIEL,"299"
Blood group,1758,CIEL,"300"
Urinalysis order,3202,CIEL,"302"
Stool microscopy,3045,CIEL,"304"
Brucella test,8316,CIEL,"305"
Widal test,2933,CIEL,"306"
Tuberculosis smear result,3063,CIEL,"307"
Malaria smear,3037,CIEL,"32"
Oral rehydration salts,2271,CIEL,"351"
Food poisoning,5371,CIEL,"368"
Method of family planning,57,CIEL,"374"
Skull (X-ray),7980,CIEL,"386"
Pelvis (X-ray),7962,CIEL,"392"
Asthma exacerbation,4202,CIEL,"4"
Benzylbenzoate,2315,CIEL,"409"
Anti-rabies vaccine,2052,CIEL,"413"
Pulmonary tuberculosis,3391,CIEL,"42"
Hyoscine butylbromide,2005,CIEL,"431"
Wound dressing,2362,CIEL,"441"
Urine pregnancy test,2939,CIEL,"45"
Amoxicillin + clavulanic acid,2039,CIEL,"450"
Ectopic pregnancy,3984,CIEL,"46"
Oedema,1523,CIEL,"460"
Multivitamin,2219,CIEL,"461"
Vesico-vaginal fistula,3978,CIEL,"49"
Calamine lotion,2179,CIEL,"493"
Splenomegaly,1553,CIEL,"5009"
Cardiomyopathy,4127,CIEL,"5016"
Chronic diarrhea,3480,CIEL,"5018"
Persistent fever,3476,CIEL,"5027"
Serious bacterial infections,3473,CIEL,"5030"
"HIV Staging - Coccidiodomycosis, disseminated",3704,CIEL,"5032"
HIV Staging - Child HSV infection,3706,CIEL,"5032"
Extrapulmonary cryptococcosis including meningitis,3449,CIEL,"5033"
Cryptosporidiosis,3447,CIEL,"5034"
Cytomegalovirus disease,3434,CIEL,"5035"
"HIV Stage - Histoplasmosis, disseminated",3665,CIEL,"5038"
Brain lymphoma,3663,CIEL,"5040"
HIV Staging - Lymphoma,3450,CIEL,"5041"
Extra-pulmonary tuberculosis,3392,CIEL,"5042"
Disseminated non-tuberculous mycobacterium,3448,CIEL,"5043"
HIV Staging - Mycobacterium avium complex,3664,CIEL,"5044"
Progressive multifocal leukoencephalopathy,3440,CIEL,"5046"
"HIV Staging - Toxoplasmosis, brain",3705,CIEL,"5048"
Failure to thrive,4342,CIEL,"5050"
Kaposi's sarcoma,1507,CIEL,"507"
Systolic,1189,CIEL,"5085"
Diastolic,1180,CIEL,"5086"
Pulse,1186,CIEL,"5087"
Temperature (C),1185,CIEL,"5088"
Weight (kg),1181,CIEL,"5089"
Height (cm),1193,CIEL,"5090"
Blood oxygen saturation,1182,CIEL,"5092"
Return visit date,354,CIEL,"5096"
Abdominal mass,1569,CIEL,"5103"
Left lower quadrant,8658,CIEL,"5104"
Abdominal tenderness,1566,CIEL,"5105"
Right upper quadrant,8661,CIEL,"5107"
Abnormal gait,4374,CIEL,"5108"
Rash,260,CIEL,"512"
Crepitations,1465,CIEL,"5127"
Left,1612,CIEL,"5139"
Right,1614,CIEL,"5141"
Evidence of cardiac enlargement,1640,CIEL,"5158"
Nuchal rigidity,1598,CIEL,"5170"
Icteric sclera,1596,CIEL,"5192"
Wheeze,1259,CIEL,"5209"
Chief complaint (coded),6460,CIEL,"5219"
Weakness,1494,CIEL,"5226"
Respiratory rate,1184,CIEL,"5242"
Pallor,1508,CIEL,"5245"
Infant formula,921,CIEL,"5254"
Haemophilus Influenzae Type B (Hib) vaccine,2297,CIEL,"5261"
Pregnancy status,3637,CIEL,"5272"
Intra uterine device (IUD),43,CIEL,"5275"
Natural family planning,53,CIEL,"5277"
Injectable contraceptives,48,CIEL,"5279"
Family planning other spec,7044,CIEL,"5281"
"Tanner staging, qualitative",1491,CIEL,"5310"
"Tanner staging, quantitative",3670,CIEL,"5311"
Muscle tenderness,1589,CIEL,"5313"
Head circumference (cm),1192,CIEL,"5314"
Asymptomatic HIV infection,3486,CIEL,"5327"
Persistent generalized lymphadenopathy,3485,CIEL,"5328"
Weight loss less than 10 percent,3461,CIEL,"5332"
Severe bacterial infection,3479,CIEL,"5333"
Oral candidiasis,1602,CIEL,"5334"
Oral hairy leukoplakia,3482,CIEL,"5337"
Weight loss greater than 10 percent,3413,CIEL,"5339"
"Candidiasis of esophagus, trachea and/or bronchus",3453,CIEL,"5340"
HIV Staging - Mucocutaneous Herpes Simplex,3439,CIEL,"5344"
Disseminated endemic mycosis,3443,CIEL,"5350"
HIV Staging - Salmonella Septicemia,3431,CIEL,"5354"
Toxoplasmosis,4235,CIEL,"5355"
Current WHO HIV Stage,3769,CIEL,"5356"
Anterior,8455,CIEL,"540"
Posterior,8456,CIEL,"541"
Other antiretroviral drug,1281,CIEL,"5424"
Electrolytes panel,2926,CIEL,"5473"
Tuberculin skin test,3211,CIEL,"5475"
Hospitalized,429,CIEL,"5485"
Mental health,369,CIEL,"5489"
CD4,3035,CIEL,"5497"
Breastfed exclusively,922,CIEL,"5526"
Weight gain,8677,CIEL,"5544"
Married,100,CIEL,"5555"
Partner suspected HIV+,3292,CIEL,"5564"
Patient with multiple sexual partners,3644,CIEL,"5567"
Partner multiple sexual partners,6090,CIEL,"5568"
Number of sexual partners,3808,CIEL,"5570"
Start ARV for PMTCT,3523,CIEL,"5576"
Episiotomy,2728,CIEL,"5577"
Immunizations up to date,3851,CIEL,"5585"
ARV counsel prior to birth,5645,CIEL,"5586"
Sibling HIV infected,3771,CIEL,"5587"
Suspect HIV caused Mother death,3762,CIEL,"5590"
Suspect HIV caused father death,3717,CIEL,"5591"
Expected delivery date,3398,CIEL,"5596"
Date of confinement,3810,CIEL,"5599"
Partner or Spouse,23,CIEL,"5617"
Friend,6132,CIEL,"5618"
Health care worker,123,CIEL,"5619"
Cardiac murmur,1576,CIEL,"562"
Other relative,21,CIEL,"5620"
Other,6,CIEL,"5622"
Gravida,3277,CIEL,"5624"
Method of delivery,3406,CIEL,"5630"
Breastfeeding child,3578,CIEL,"5632"
Child fed other food,929,CIEL,"5633"
Perinatal ARV prophylaxis,3362,CIEL,"5665"
Hospitalized in past year,6983,CIEL,"5703"
Number of hospitalizations in past year,6985,CIEL,"5704"
Antimalarial medications,7869,CIEL,"5839"
Herbal traditional medications,3657,CIEL,"5841"
Clubbing,1538,CIEL,"588"
Birth weight (kg),3711,CIEL,"5916"
Swallowing difficulties,4725,CIEL,"5954"
Productive cough,4798,CIEL,"5957"
Shortness of breath with exertion,4931,CIEL,"5963"
Tuberculosis treatment status,3266,CIEL,"5965"
Nausea,228,CIEL,"5978"
Menstruating,1060,CIEL,"5989"
Paresthesia,4770,CIEL,"6004"
Biceps reflex,1620,CIEL,"601"
Abdominal swelling,1554,CIEL,"6019"
Patellar reflex,1616,CIEL,"602"
Irritability,4817,CIEL,"6023"
Ankle reflex,1617,CIEL,"603"
Decreased appetite,258,CIEL,"6031"
Problem added,3692,CIEL,"6042"
Mixed feeding,919,CIEL,"6046"
NVP after birth (coded),3318,CIEL,"6095"
Discordant couple,3536,CIEL,"6096"
Problem resolved,3322,CIEL,"6097"
Reason order stopped,1338,CIEL,"6098"
"3TC + AZT",2184,CIEL,"630"
Serum Glutamic-Oxaloacetic Transaminase,2900,CIEL,"653"
Serum Glutamic-Pyruvic Transaminase,2905,CIEL,"654"
Total bilirubin (mg/dL),2903,CIEL,"655"
Negative,707,CIEL,"664"
Gram-positive rods,6880,CIEL,"668"
Gram-negative rods,6877,CIEL,"671"
Urethral,7892,CIEL,"674"
White blood cells,3007,CIEL,"678"
Red blood cells,3005,CIEL,"679"
Trichomonas vaginalis,7376,CIEL,"684"
A+,1751,CIEL,"690"
A-,1750,CIEL,"692"
B+,1754,CIEL,"694"
B-,1757,CIEL,"696"
O+,1753,CIEL,"699"
Methylprednisolone sodium succinate,2239,CIEL,"70035"
Mercaptopurine,2063,CIEL,"70039"
Abacavir,2137,CIEL,"70056"
ABC,2285,CIEL,"70057"
O-,1756,CIEL,"701"
Acenocoumarol,1930,CIEL,"70105"
Paracetamol,1264,CIEL,"70116"
Acetazolamide,2012,CIEL,"70125"
Acetylcysteine,2053,CIEL,"70148"
Acitretin,5907,CIEL,"70171"
Activated charcoal,5898,CIEL,"70229"
Aciclovir,2138,CIEL,"70245"
Adenosine,2046,CIEL,"70272"
Positive,708,CIEL,"703"
Albendazole,2317,CIEL,"70439"
Human albumin,2275,CIEL,"70445"
Salbutamol sulfate,2335,CIEL,"70461"
Alcohols,1058,CIEL,"70468"
Alendronate,1855,CIEL,"70496"
Alendronic acid,5934,CIEL,"70496"
Alendronic acid,5934,CIEL,"70498"
Allopurinol,1817,CIEL,"70878"
E histolytica,5432,CIEL,"709"
Alprazolam,5993,CIEL,"70938"
Alteplase,5877,CIEL,"70966"
Aluminum hydroxide,5792,CIEL,"70991"
Aluminum magnesium silicate,1838,CIEL,"70995"
Ambroxol,1904,CIEL,"71028"
Amikacin,2194,CIEL,"71060"
Aminophylline,516,CIEL,"71101"
Aminosalicylic acid,2286,CIEL,"71107"
Amiodarone hydrochloride,1985,CIEL,"71118"
Amlodipine besylate,2129,CIEL,"71138"
Amodiaquine,7868,CIEL,"71153"
Amoxicillin,2294,CIEL,"71160"
Amphotericin B,2044,CIEL,"71184"
"Amphotericin B, Liposomal",2310,CIEL,"71187"
Ampicillin,2134,CIEL,"71188"
Amprenavir,2057,CIEL,"71193"
Amyl nitrite,5875,CIEL,"71202"
Anastrozole,5857,CIEL,"71244"
Giardia lamblia,5431,CIEL,"713"
"Antirabies serum,equine",6348,CIEL,"71391"
Aripiprazole,1893,CIEL,"71533"
Artemether,2159,CIEL,"71560"
Artesunate,2313,CIEL,"71561"
Articaine hydrochloride,8121,CIEL,"71580"
Vitamin C,2240,CIEL,"71589"
Asparaginase,2253,CIEL,"71602"
Acetylsalicylic acid,533,CIEL,"71617"
Atazanavir,2279,CIEL,"71647"
Atazanavir sulfate,8125,CIEL,"71648"
Atenolol,513,CIEL,"71652"
Atorvastatin,1795,CIEL,"71665"
Atracurium besylate,5773,CIEL,"71671"
Atropine,1911,CIEL,"71681"
Atropine sulfate,2333,CIEL,"71682"
Total protein,2922,CIEL,"717"
Aurothiomalate,5919,CIEL,"71725"
Azathioprine,1886,CIEL,"71767"
Azithromycin,2249,CIEL,"71780"
Bacitracin,8135,CIEL,"71812"
Baclofen,2316,CIEL,"71815"
Barium sulfate,2303,CIEL,"71867"
Trophozoite,7292,CIEL,"719"
Beclomethasone,528,CIEL,"71916"
Beclomethasone dipropionate,1859,CIEL,"71917"
Benzocaine,7687,CIEL,"72049"
Benzoic acid,2242,CIEL,"72050"
Benzonatate,1942,CIEL,"72053"
Benzoyl peroxide,2099,CIEL,"72063"
Benztropine,5786,CIEL,"72071"
Betamethasone,1917,CIEL,"72120"
Bevacizumab,5852,CIEL,"72155"
Bicalutamide,1884,CIEL,"72164"
Amorphous phosphate crystals in urine,2969,CIEL,"722"
Biperiden,1832,CIEL,"72217"
Biperiden hydrochloride,7685,CIEL,"72218"
Biperiden lactate,7686,CIEL,"72219"
Bisacodyl,1988,CIEL,"72223"
Bismuth subsalicylate,1791,CIEL,"72241"
Bisoprolol,1806,CIEL,"72247"
Bisoprolol fumarate,6346,CIEL,"72248"
Bleomycin,2312,CIEL,"72263"
Bromocriptine,1784,CIEL,"72411"
Budesonide,5904,CIEL,"72484"
Bumetanide,8038,CIEL,"72497"
Calcium oxalate crystals,2967,CIEL,"725"
Bupivacaine hydrochloride,2180,CIEL,"72506"
Buprenorphine,1870,CIEL,"72510"
Busulfan,5876,CIEL,"72529"
Cabergoline,1944,CIEL,"72595"
Caffeine,1413,CIEL,"72609"
Caffeine citrate,2068,CIEL,"72610"
Calcitriol,5863,CIEL,"72649"
Calcium carbonate,1797,CIEL,"72660"
Calcium disodium edetate,5897,CIEL,"72671"
Calcium gluconate,2172,CIEL,"72678"
Calcium hydroxide,1908,CIEL,"72682"
Calcium lactate,2258,CIEL,"72686"
Infasurf,1986,CIEL,"72715"
Capreomycin,1845,CIEL,"72794"
Captopril,524,CIEL,"72808"
Carbamazepine,536,CIEL,"72822"
Carbidopa,8132,CIEL,"72847"
Carbimazole,5782,CIEL,"72848"
Carboplatin,2090,CIEL,"72876"
Platelets,2851,CIEL,"729"
Carmustine,5918,CIEL,"72929"
Carvedilol,514,CIEL,"72944"
Cefazolin,1993,CIEL,"72998"
CD4%,3000,CIEL,"730"
Cefixime,2111,CIEL,"73006"
Cefmetazole,1880,CIEL,"73008"
Cefotaxime,2845,CIEL,"73018"
Cefotaxime sodium,2092,CIEL,"73019"
Ceftazidime,2031,CIEL,"73034"
Ceftriaxone,2116,CIEL,"73041"
Cefuroxime axetil,5799,CIEL,"73044"
Celecoxib,1941,CIEL,"73048"
Cephaelis ipecacuanha preparation,5899,CIEL,"73085"
Cephalexin,2177,CIEL,"73087"
Cetirizine,2325,CIEL,"73136"
Cetirizine dihydrochloride,2233,CIEL,"73137"
Charcoal,2278,CIEL,"73159"
Chloramphenicol,2100,CIEL,"73239"
Chloramphenicol sodium succinate,2289,CIEL,"73241"
Chlorhexidine gluconate,2145,CIEL,"73265"
Chloroquine,2302,CIEL,"73300"
Chlorpromazine,2337,CIEL,"73330"
Chlorpromazine hydrochloride,2003,CIEL,"73331"
Chlorthalidone,1803,CIEL,"73338"
Chorionic gonadotropin,5837,CIEL,"73378"
Ciclopirox olamine,2274,CIEL,"73407"
Cimetidine,526,CIEL,"73419"
Cinitapride,1935,CIEL,"73429"
Ciprofloxacin,2322,CIEL,"73449"
Ciprofloxacin hydrochloride,5793,CIEL,"73450"
Cisapride,1802,CIEL,"73453"
Cisplatin,2163,CIEL,"73457"
Citalopram,1869,CIEL,"73461"
Citric acid,8126,CIEL,"73474"
Clarithromycin,2054,CIEL,"73498"
Clavulanic acid,8119,CIEL,"73504"
Clindamycin,1895,CIEL,"73546"
Clindamycin hydrochloride,2086,CIEL,"73547"
Clindamycin phosphate,2232,CIEL,"73550"
Clioquinol,1858,CIEL,"73560"
Clobazam,5939,CIEL,"73561"
Clobetasol propionate,2254,CIEL,"73565"
Clofazimine,2173,CIEL,"73581"
Clomiphene citrate,5779,CIEL,"73591"
Clomipramine hydrochloride,5928,CIEL,"73593"
Clonazepam,1890,CIEL,"73596"
Clopidogrel,546,CIEL,"73602"
Clotrimazole,2034,CIEL,"73624"
Cloxacillin,1965,CIEL,"73628"
Cloxacillin sodium,6330,CIEL,"73629"
Clozapine,5941,CIEL,"73632"
Coal tar,1923,CIEL,"73636"
Cocaine,2096,CIEL,"73650"
Codeine,1430,CIEL,"73667"
Codeine phosphate,2307,CIEL,"73671"
Colchicine,1851,CIEL,"73702"
Cromolyn sodium,1841,CIEL,"74044"
Cromolyn sodium,1841,CIEL,"74046"
Cyclopentolate hydrochloride,5889,CIEL,"74118"
Cyclophosphamide,2292,CIEL,"74120"
Cycloserine,2197,CIEL,"74123"
Cyclosporine,1782,CIEL,"74125"
Cyproterone acetate,5853,CIEL,"74157"
Cytarabine,1991,CIEL,"74177"
Dacarbazine,2238,CIEL,"74196"
Dactinomycin,2105,CIEL,"74204"
Dalteparin sodium,5840,CIEL,"74226"
Danazol,1881,CIEL,"74233"
Dantrolene sodium,5856,CIEL,"74246"
Dapsone,2221,CIEL,"74250"
DRV,5803,CIEL,"74258"
Dasatinib,5938,CIEL,"74266"
Daunorubicin,2064,CIEL,"74267"
DEET,2081,CIEL,"74369"
Deferoxamine,5916,CIEL,"74374"
Deflazacort,1853,CIEL,"74375"
Desmopressin acetate,5851,CIEL,"74558"
Dexamethasone,2010,CIEL,"74609"
Dexamethazone sodium phosphate,2118,CIEL,"74614"
Dexrazoxane,5927,CIEL,"74652"
Dextran,651,CIEL,"74653"
Dextromethorphan,1815,CIEL,"74666"
Dextrose solution,8393,CIEL,"74675"
Diatrizoate meglumine + Diatrizoate sodium,2176,CIEL,"74739"
Diatrizoate meglumine,8376,CIEL,"74741"
Diazepam,2264,CIEL,"74745"
Diclofenac,2076,CIEL,"74778"
Diclofenac sodium,2229,CIEL,"74782"
Dicloxacillin sodium,1907,CIEL,"74794"
Didanosine,2344,CIEL,"74807"
Diethylcarbamazine,5770,CIEL,"74820"
Diethylstilbestrol,5948,CIEL,"74824"
Digoxin,535,CIEL,"74860"
Diloxanide furoate,5843,CIEL,"74917"
Diltiazem hydrochloride,2269,CIEL,"74921"
Dimenhydrinate,1927,CIEL,"74935"
Dimercaprol,5902,CIEL,"74936"
Dimethicone,1822,CIEL,"74962"
Diosmin,1774,CIEL,"74995"
Diphenhydramine,1979,CIEL,"75015"
Diphenhydramine hydrochloride,2135,CIEL,"75018"
Diphenidol,1894,CIEL,"75020"
Diphtheria antitoxin,5882,CIEL,"75029"
Metamizole,1918,CIEL,"75047"
Disulfiram,5864,CIEL,"75068"
Dobutamine hydrochloride,2127,CIEL,"75103"
Docusate sodium,2318,CIEL,"75121"
Dopamine hydrochloride,2284,CIEL,"75178"
Dorzolamide hydrochloride,2261,CIEL,"75191"
Doxazosin mesylate,6345,CIEL,"75209"
Doxorubicin,2231,CIEL,"75216"
Doxorubicin hydrochloride,2149,CIEL,"75217"
Doxycycline,2331,CIEL,"75222"
Doxycycline hyclate,1879,CIEL,"75224"
Duloxetine,8035,CIEL,"75300"
Dydrogesterone,5785,CIEL,"75403"
EFV,1975,CIEL,"75523"
Emtricitabine,1976,CIEL,"75628"
Enalapril,523,CIEL,"75633"
Enalapril maleate,2262,CIEL,"75634"
Enoxaparin,2125,CIEL,"75687"
Entecavir,6424,CIEL,"75694"
Ephedrine hydrochloride,2311,CIEL,"75722"
Epinephrine,1896,CIEL,"75744"
Epirubicin hydrochloride,5873,CIEL,"75750"
Epoetin alfa,2007,CIEL,"75756"
Ergotrate maleate,2306,CIEL,"75801"
Erythromycin,1811,CIEL,"75842"
Erythromycin stearate,2119,CIEL,"75847"
Esmolol,2195,CIEL,"75872"
Estradiol,5880,CIEL,"75900"
Estriol,5944,CIEL,"75921"
Estrogens,1912,CIEL,"75928"
"Estrogens, conjugated (usp)",1862,CIEL,"75929"
Ethambutol,2251,CIEL,"75948"
Ethambutol hydrochloride,5940,CIEL,"75949"
Ethanolamine oleate,5869,CIEL,"75955"
Iodized oil,2121,CIEL,"75974"
Ethionamide,1978,CIEL,"75976"
Ethosuximide,5890,CIEL,"75984"
Etilefrine,5900,CIEL,"76013"
Etomidate,2181,CIEL,"76021"
Etonogestrel,1866,CIEL,"76022"
Etoposide,2324,CIEL,"76025"
Famciclovir,5528,CIEL,"76174"
Felodipine,1897,CIEL,"76211"
Fentanyl,2263,CIEL,"76272"
Fentanyl citrate,2236,CIEL,"76273"
Ferrous fumarate,2319,CIEL,"76335"
Ferrous sulfate,438,CIEL,"76342"
Filgrastim,1970,CIEL,"76374"
Finasteride,1937,CIEL,"76376"
Fluconazole,2151,CIEL,"76488"
Fludarabine phosphate,5896,CIEL,"76492"
Fludrocortisone,1787,CIEL,"76493"
Fludrocortisone 21-acetate,5854,CIEL,"76494"
Flumazenil,2290,CIEL,"76500"
Fluocinolone acetonide,1821,CIEL,"76515"
Fluorometholone,1913,CIEL,"76545"
Fluorouracil,1971,CIEL,"76550"
Fluoxetine,2077,CIEL,"76552"
Fluoxetine hydrochloride,2291,CIEL,"76553"
Flupenthixol decanoate,6349,CIEL,"76556"
Fluphenazine,2156,CIEL,"76558"
Flutamide,5848,CIEL,"76584"
Fluticasone,1901,CIEL,"76586"
Fluvoxamine maleate,5795,CIEL,"76594"
Folic acid,2165,CIEL,"76613"
Fosfomycin,6032,CIEL,"76664"
Rifampicin,2213,CIEL,"767"
Furazolidone,5937,CIEL,"76732"
Furosemide,519,CIEL,"76734"
Fusidic acid,5891,CIEL,"76739"
Gabapentin,2332,CIEL,"76750"
Gadopentetate dimeglumine,5929,CIEL,"76755"
Rifampicin + Isoniazid + Pyrazinamide,2323,CIEL,"768"
Gemcitabine,5887,CIEL,"76858"
Gemfibrozil,5914,CIEL,"76861"
Gentamicin sulfate,1992,CIEL,"76942"
Gentian violet,2256,CIEL,"76948"
Ginkgo biloba leaf,1773,CIEL,"77009"
Glipizide,1860,CIEL,"77032"
Glucagon hydrochloride,2218,CIEL,"77039"
Glucose,1948,CIEL,"77054"
Glutaraldehyde,2266,CIEL,"77064"
Glibenclamide,544,CIEL,"77071"
Glycerin,2188,CIEL,"77073"
Glycopyrronium bromide,2078,CIEL,"77083"
Griseofulvin,2048,CIEL,"77164"
Ferrous sulphate + Folic acid,2217,CIEL,"773"
Haloperidol,2059,CIEL,"77335"
Haloperidol decanoate,5584,CIEL,"77336"
Halothane,5774,CIEL,"77343"
Heparin sodium,2153,CIEL,"77414"
Hepatitis B immune globulin,5855,CIEL,"77426"
Heroin,6462,CIEL,"77443"
Human immunoglobulin,1885,CIEL,"77594"
Hydralazine,525,CIEL,"77675"
Hydralazine hydrochloride,2142,CIEL,"77676"
Hydrochlorothiazide,531,CIEL,"77696"
Hydrocortisone / lidocaine,1823,CIEL,"777"
Hydrocortisone,1770,CIEL,"77714"
Hydrocortisone acetate,2112,CIEL,"77719"
Hydrocortisone sodium succinate,5797,CIEL,"77725"
Hydroxocobalamin,5908,CIEL,"77780"
Hydroxychloroquine,1829,CIEL,"77784"
Hydroxychloroquine,1829,CIEL,"77785"
Hydroxycarbamide,2234,CIEL,"77795"
Hydroxyzine,1916,CIEL,"77796"
Hypromellose,1814,CIEL,"77850"
Ibuprofen,2067,CIEL,"77897"
Ifosfamide,2190,CIEL,"77922"
Imatinib,251,CIEL,"77941"
Imipramine,2203,CIEL,"77953"
Imiquimod,2182,CIEL,"77956"
Indinavir,2029,CIEL,"77995"
Oral contraception,52,CIEL,"780"
Indomethacin sodium trihydrate,5798,CIEL,"78011"
Influenza virus vaccine,6522,CIEL,"78032"
Insulin,6308,CIEL,"78056"
Insulin glargine,1875,CIEL,"78064"
Insulin glulisine,6347,CIEL,"78065"
"Insulin, Isophane, human",2183,CIEL,"78068"
"Insulin, lispro, human",8034,CIEL,"78070"
"Insulin, human, regular",2070,CIEL,"78082"
"Insulin, zinc, human",1924,CIEL,"78086"
Interferon alfa-2b,5841,CIEL,"78093"
Diphtheria Tetanus and Pertussis vaccination,172,CIEL,"781"
Iodine,436,CIEL,"78130"
Iohexol,5933,CIEL,"78151"
Iopamidol,2298,CIEL,"78164"
Iothalamate meglumine,5947,CIEL,"78185"
Hepatitis B vaccination,2060,CIEL,"782"
Ipratoprium bromide,2308,CIEL,"78200"
Irbesartan,8033,CIEL,"78210"
Irinotecan hydrochloride,5943,CIEL,"78215"
Iron dextran,2214,CIEL,"78230"
Isoconazole,1932,CIEL,"78251"
Isoflurane,2200,CIEL,"78258"
Isoniazid,1382,CIEL,"78280"
Isosorbide dinitrate,527,CIEL,"78305"
Isosorbide mononitrate,1977,CIEL,"78306"
Isotretinoin,5926,CIEL,"78317"
Isoxsuprine hydrochloride,5834,CIEL,"78327"
Itraconazole,1945,CIEL,"78338"
Ivermectin,1846,CIEL,"78342"
Kanamycin,2169,CIEL,"78385"
Ketamine hydrochloride,2001,CIEL,"78468"
Ketoconazole,1964,CIEL,"78476"
Ketoprofen,1947,CIEL,"78479"
Ketorolac tromethamine,1871,CIEL,"78482"
Ketotifen,1831,CIEL,"78485"
Alkaline phosphatase,2904,CIEL,"785"
Labetalol,1989,CIEL,"78599"
Labetalol hydrochloride,5776,CIEL,"78600"
Ringer's lactate,648,CIEL,"78617"
Lactulose,2115,CIEL,"78632"
"3TC",2080,CIEL,"78643"
Lamotrigine,1933,CIEL,"78644"
Latanoprost,1931,CIEL,"78677"
Leflunomide,5738,CIEL,"78718"
Letrozole,241,CIEL,"78738"
Leucovorin,2004,CIEL,"78742"
Calcium folinate,2133,CIEL,"78743"
Leuprolide acetate,5901,CIEL,"78748"
Levetiracetam,1878,CIEL,"78770"
Levodopa,8131,CIEL,"78787"
Levofloxacin,1844,CIEL,"78788"
Levonorgestrel,44,CIEL,"78796"
Levothyroxine sodium,2019,CIEL,"78809"
Lidocaine,1861,CIEL,"78849"
Lidocaine hydrochloride,2158,CIEL,"78850"
Linezolid,2042,CIEL,"78879"
Lisinopril,538,CIEL,"78945"
Creatinine (umol/L),3112,CIEL,"790"
Loperamide,1772,CIEL,"79037"
Loperamide hydrochloride,2147,CIEL,"79038"
Lopinavir,8114,CIEL,"79040"
Loratadine,1863,CIEL,"79053"
Lorazepam,1808,CIEL,"79054"
Losartan,1929,CIEL,"79074"
Losartan potassium,7933,CIEL,"79075"
Loteprednol,1888,CIEL,"79082"
Macrogol 3350,5842,CIEL,"79197"
"3TC + d4T + NVP",2108,CIEL,"792"
Magnesium,1819,CIEL,"79224"
Magnesium carbonate,8127,CIEL,"79229"
Magnesium hydroxide,8120,CIEL,"79236"
Magnesium phosphate,6052,CIEL,"79241"
Magnesium sulphate,2222,CIEL,"79247"
Magnesium trisilicate,1995,CIEL,"79250"
Magnesium valproate,1955,CIEL,"79251"
Mannitol,2276,CIEL,"79303"
LPV/r,2257,CIEL,"794"
Mebendazole,1972,CIEL,"79413"
Medroxyprogesterone,1828,CIEL,"79494"
Mefloquine,5990,CIEL,"79507"
Meglumine antimoniate,5836,CIEL,"79519"
Meglumine iodamide,5893,CIEL,"79521"
Melatonin,1842,CIEL,"79527"
Meloxicam,1779,CIEL,"79532"
Melphalan,5849,CIEL,"79534"
Meningitis vaccine,2058,CIEL,"79549"
Pethidine hydrochloride,5777,CIEL,"79575"
Mepivacaine hydrochloride,2287,CIEL,"79588"
Mercury,1800,CIEL,"79605"
Meropenem,2074,CIEL,"79611"
Mesalazine,2206,CIEL,"79616"
Mesna,2305,CIEL,"79620"
Metformin hydrochloride,2237,CIEL,"79652"
Methadone,6352,CIEL,"79661"
Methadone hydrochloride,6351,CIEL,"79662"
Methimazole,1954,CIEL,"79691"
Methocarbamol,1789,CIEL,"79696"
Methotrexate,2084,CIEL,"79700"
Methyldopa,548,CIEL,"79723"
Methylene blue,5923,CIEL,"79726"
Methylergometrine,2130,CIEL,"79729"
Methylergonovine maleate,2109,CIEL,"79730"
Methylphenidate,1872,CIEL,"79739"
Methylphenidate hydrochloride,5903,CIEL,"79740"
Methylprednisolone,1801,CIEL,"79743"
Metoclopramide hydrochloride,2202,CIEL,"79757"
Metoprolol,2101,CIEL,"79764"
Metoprolol succinate,2143,CIEL,"79766"
Metoprolol tartrate,2225,CIEL,"79767"
Metronidazole,2185,CIEL,"79782"
Metronidazole benzoate,1953,CIEL,"79783"
Salbutamol,521,CIEL,"798"
Miconazole,2164,CIEL,"79831"
Miconazole nitrate,2314,CIEL,"79833"
Midazolam hydrochloride,2045,CIEL,"79854"
Mifepristone,6031,CIEL,"79872"
"Mineral oil, light",1926,CIEL,"79912"
Minoxidil,1936,CIEL,"79948"
Mirtazapine,2338,CIEL,"79982"
Misoprostol,2201,CIEL,"79984"
Mitomycin,5917,CIEL,"79988"
Mitoxantrone,2198,CIEL,"79993"
Mometasone,1786,CIEL,"80049"
Montelukast sodium,2022,CIEL,"80092"
Morphine,1424,CIEL,"80106"
Morphine hydrochloride,2160,CIEL,"80107"
Morphine sulphate,1984,CIEL,"80109"
Moxifloxacin,5988,CIEL,"80133"
Moxifloxacin hydrochloride,5800,CIEL,"80134"
Mupirocin,1857,CIEL,"80194"
Mycophenolic acid,1849,CIEL,"80236"
Naloxone hydrochloride,2170,CIEL,"80368"
Naltrexone,1850,CIEL,"80375"
Naphazoline,1883,CIEL,"80384"
Naproxen,1825,CIEL,"80395"
Nebivolol,1949,CIEL,"80470"
Neomycin,1767,CIEL,"80514"
Neomycin sulfate,8134,CIEL,"80516"
Neostigmine methylsulfate,2043,CIEL,"80534"
NVP,2174,CIEL,"80586"
Nifedipine,542,CIEL,"80637"
Nifurtimox,5913,CIEL,"80650"
Nimesulide,1834,CIEL,"80665"
Nimodipine,5870,CIEL,"80666"
Nitazoxanide,1882,CIEL,"80675"
Nitrofurantoin,1839,CIEL,"80696"
Nitrofurazone,1950,CIEL,"80701"
Nitroglycerin,2030,CIEL,"80704"
Nitrous oxide,5892,CIEL,"80719"
Noradrenaline acid tartrate,2326,CIEL,"80779"
Norethindrone,1670,CIEL,"80784"
Estradiol valerate / norethisterone enantate,2148,CIEL,"80786"
Sodium Chloride 0.9%,650,CIEL,"80804"
Nystatin,2247,CIEL,"80945"
Octreotide,6421,CIEL,"80979"
Ofloxacin,2273,CIEL,"81022"
Olanzapine,1865,CIEL,"81025"
Olopatadine,1876,CIEL,"81031"
Omeprazole,530,CIEL,"81041"
Ondansetron hydrochloride,2155,CIEL,"81073"
Ornithylaspartate,1837,CIEL,"81200"
Oxacillin,5906,CIEL,"81284"
Oxaliplatin,5894,CIEL,"81286"
Oxcarbazepine,1778,CIEL,"81294"
Oxycodone hydrochloride,5881,CIEL,"81333"
Oxygen,1263,CIEL,"81341"
Oxymetazoline,2036,CIEL,"81345"
Oxytocin,2131,CIEL,"81369"
Paclitaxel,240,CIEL,"81410"
Pancuronium bromide,5783,CIEL,"81502"
Pantoprazole,5585,CIEL,"81550"
Paraffin (Petroleum Jelly),2334,CIEL,"81568"
Paroxetine,1804,CIEL,"81604"
Abacavir / Lamivudine / Zidovudine,2152,CIEL,"817"
Peginterferon alfa-2a,5884,CIEL,"81702"
Penicillamine,5859,CIEL,"81723"
Penicillin,539,CIEL,"81724"
"Penicillin G, benzathine",2220,CIEL,"81728"
Phenoxymethylpenicillin,540,CIEL,"81730"
Pentamidine isethionate,5920,CIEL,"81741"
Pentoxifylline,1826,CIEL,"81765"
Perindopril,1792,CIEL,"81822"
Permethrin,2154,CIEL,"81834"
Petrolatum,1928,CIEL,"81861"
Cannot afford treatment,1329,CIEL,"819"
Phenazopyridine,1938,CIEL,"81909"
Phenindione,1898,CIEL,"81943"
Phenobarbital,520,CIEL,"81951"
Phenobarbital sodium,2186,CIEL,"81953"
Transport problems,3754,CIEL,"820"
Phenylephrine hydrochloride,2015,CIEL,"82000"
Phenytoin,2267,CIEL,"82023"
Phenytoin sodium,1961,CIEL,"82024"
Pilocarpine,2328,CIEL,"82082"
Pioglitazone,8032,CIEL,"82111"
Piperacillin,8380,CIEL,"82125"
Piroxicam,1835,CIEL,"82163"
Exposure to HIV,3544,CIEL,"822"
Pneumococcal vaccine,2207,CIEL,"82213"
Podophyllin,1812,CIEL,"82228"
Wasting syndrome,3444,CIEL,"823"
Polyvinyl alcohol,1874,CIEL,"82315"
Potassium,2252,CIEL,"82340"
Potassium chloride,1966,CIEL,"82350"
Potassium nitrate,8122,CIEL,"82366"
Povidone iodine,2309,CIEL,"82384"
Pralidoxime chloride,5915,CIEL,"82393"
Pravastatin,1868,CIEL,"82411"
Praziquantel,1796,CIEL,"82416"
Prednisolone,532,CIEL,"82446"
Prednisone,2106,CIEL,"82453"
Pregabalin,8031,CIEL,"82464"
Prilocaine,8129,CIEL,"82514"
Primaquine,2065,CIEL,"82521"
Procarbazine,5861,CIEL,"82566"
Progesterone,1768,CIEL,"82624"
Promethazine hydrochloride,2026,CIEL,"82670"
Propafenone,1910,CIEL,"82696"
Propofol,2281,CIEL,"82726"
Propranolol,2018,CIEL,"82732"
Propranolol hydrochloride,2280,CIEL,"82734"
Propylthiouracil,1981,CIEL,"82743"
Protamine sulfate,2013,CIEL,"82762"
Psyllium,1906,CIEL,"82862"
Tuberculin purified protean derivative (PPD),2246,CIEL,"82886"
Pyrantel,1914,CIEL,"82898"
Pyrazinamide,2120,CIEL,"82900"
Pyridoxine (B6),1877,CIEL,"82912"
Pyridoxine hydrochloride,5910,CIEL,"82913"
Pyrimethamine,8112,CIEL,"82919"
Quassia preparation,1903,CIEL,"82983"
Quetiapine,1951,CIEL,"82990"
Toxicity,1228,CIEL,"83"
Quinfamide,1946,CIEL,"83014"
Quinine,7866,CIEL,"83023"
Quinine dihydrochloride,2243,CIEL,"83026"
Quinine sulfate,2083,CIEL,"83028"
Ranitidine,534,CIEL,"83075"
Ranitidine hydrochloride,2009,CIEL,"83077"
Weight loss,1515,CIEL,"832"
"Immunoglobulin (Human), Anti-D",2016,CIEL,"83322"
Ribavirin,5945,CIEL,"83331"
Rifabutin,1994,CIEL,"83352"
Rifapentine,7681,CIEL,"83360"
Rifaximin,1807,CIEL,"83362"
Risperidone,1962,CIEL,"83405"
Ritonavir,2082,CIEL,"83412"
Rituximab,5865,CIEL,"83416"
Rocuronium bromide,7682,CIEL,"83476"
"Rotavirus vaccine, live",169,CIEL,"83531"
Salicylic acid,8133,CIEL,"83645"
Saquinavir,5878,CIEL,"83690"
Senna,2187,CIEL,"83797"
Sennosides,1824,CIEL,"83809"
Sertraline,1921,CIEL,"83865"
Sertraline hydrochloride,5930,CIEL,"83866"
Sevoflurane,1987,CIEL,"83872"
Sildenafil,1776,CIEL,"83902"
Silver nitrate,8123,CIEL,"83919"
Silver sulfadiazine,2079,CIEL,"83920"
Silymarin,1915,CIEL,"83922"
Simethicone,5921,CIEL,"83925"
Simvastatin,515,CIEL,"83936"
Hematuria,1479,CIEL,"840"
Sodium bicarbonate,1960,CIEL,"84041"
Sodium chloride,2189,CIEL,"84047"
Sodium diatrizoate,8377,CIEL,"84053"
Sodium fluorescein,5771,CIEL,"84058"
Sodium hypochlorite,5860,CIEL,"84065"
Sodium nitrite,5839,CIEL,"84080"
Sodium nitroprusside,2235,CIEL,"84081"
Sodium polystyrene sulfonate,2136,CIEL,"84099"
Sodium stibogluconate,5925,CIEL,"84105"
Sodium thiosulfate,5866,CIEL,"84112"
Sodium valproate,1856,CIEL,"84114"
Spironolactone,541,CIEL,"84239"
Regimen failure,1337,CIEL,"843"
d4T,2175,CIEL,"84309"
Water for injection,2006,CIEL,"84323"
Streptokinase,2061,CIEL,"84359"
Streptomycin,2032,CIEL,"84360"
Streptomycin sulfate,2270,CIEL,"84361"
Succimer,5888,CIEL,"84386"
Modified gelatin,1982,CIEL,"84388"
Sucralfate,1793,CIEL,"84394"
Sulfacetamide sodium,1788,CIEL,"84454"
Sulfadoxine,8113,CIEL,"84462"
Sulfamethoxazole,8117,CIEL,"84471"
Sulfasalazine,1818,CIEL,"84480"
Abdomen (US),822,CIEL,"845"
Sumatriptan,1798,CIEL,"84522"
Suxamethonium chloride,2191,CIEL,"84583"
Tacrolimus,1827,CIEL,"84646"
Tamoxifen,249,CIEL,"84668"
Tamsulosin,1833,CIEL,"84670"
Tamsulosin hydrochloride,5872,CIEL,"84671"
Tazobactam,8379,CIEL,"84728"
Telmisartan,7346,CIEL,"84764"
Temozolomide,5846,CIEL,"84778"
Tenofovir,2161,CIEL,"84795"
Serum albumin,2923,CIEL,"848"
Terazosine,1777,CIEL,"84823"
Terbinafine hydrochloride,2122,CIEL,"84825"
Terbutaline,1899,CIEL,"84826"
Tetanus antitoxin,2208,CIEL,"84877"
"Immunoglobulin (Human), Tetanus",2167,CIEL,"84878"
Tetanus toxoid,2260,CIEL,"84879"
Tetracaine,5791,CIEL,"84888"
Tetracaine hydrochloride,2050,CIEL,"84889"
Tetracycline,1922,CIEL,"84893"
Tetracycline hydrochloride,2171,CIEL,"84894"
Urinary albumin,3150,CIEL,"849"
Thalidomide,1909,CIEL,"84915"
Theophylline anhydrous,1852,CIEL,"84950"
Thiamine (B1),2193,CIEL,"84995"
Thiamine hydrochloride,5946,CIEL,"84997"
Thioguanine,5862,CIEL,"85013"
Thiopental,1973,CIEL,"85015"
Thiopental sodium,2227,CIEL,"85016"
Thioridazine hydrochloride,5858,CIEL,"85024"
Mean corpuscular volume,3019,CIEL,"851"
Timolol,1997,CIEL,"85132"
Timolol maleate,2020,CIEL,"85134"
Tiotropium,1957,CIEL,"85157"
Tizanidine,1799,CIEL,"85178"
Tobramycin,1905,CIEL,"85185"
"Ultrasound, hepatic",6733,CIEL,"852"
Tolperisone,1847,CIEL,"85218"
Tolterodine,1952,CIEL,"85221"
Topiramate,1854,CIEL,"85235"
Tramadol,2041,CIEL,"85275"
Tramadol hydrochloride,2075,CIEL,"85276"
Tranexamic acid,1974,CIEL,"85286"
CD8 count,8281,CIEL,"853"
Trastuzumab,5883,CIEL,"85300"
Tretinoin,2132,CIEL,"85330"
Triamcinolone acetonide,5845,CIEL,"85357"
Trichloroacetic acid,5526,CIEL,"85416"
Trifluoperazine hydrochloride,5912,CIEL,"85451"
Trihexyphenidyl,2226,CIEL,"85463"
Trimethoprim,8116,CIEL,"85498"
Erythrocyte sedimentation rate,3124,CIEL,"855"
Triptorelin,5879,CIEL,"85550"
Tropicamide,2114,CIEL,"85597"
"HIV viral load, quantitative",3122,CIEL,"856"
Urea (BUN),3209,CIEL,"857"
Transport accident,4714,CIEL,"86"
Ursodiol,1816,CIEL,"86007"
Valacyclovir,5527,CIEL,"86028"
Valganciclovir,5935,CIEL,"86041"
Valproic acid,1810,CIEL,"86052"
Valsartan,2166,CIEL,"86056"
Vanadyl sulfate,8160,CIEL,"86070"
Vancomycin hydrochloride,2296,CIEL,"86083"
Vasopressin,1983,CIEL,"86127"
Vecuronium bromide,2192,CIEL,"86145"
Venlafaxine,1790,CIEL,"86155"
Verapamil hydrochloride,2011,CIEL,"86177"
Vigabatrin,1867,CIEL,"86254"
Vinblastine sulfate,2245,CIEL,"86262"
Vincristine,2336,CIEL,"86266"
Vincristine sulfate,1999,CIEL,"86267"
Vinorelbine,5905,CIEL,"86270"
Vitamin A,434,CIEL,"86339"
Cyanocobalamin (B12),2178,CIEL,"86340"
Vitamin B,2088,CIEL,"86341"
Vitamin E,1836,CIEL,"86347"
Vitamin K,6396,CIEL,"86352"
Phytomenadione (K1),2124,CIEL,"86353"
Genital ulcers,1450,CIEL,"864"
Warfarin sodium,2212,CIEL,"86417"
Yellow fever vaccine,7872,CIEL,"86556"
AZT,1998,CIEL,"86663"
Zinc,435,CIEL,"86672"
Zinc oxide,2028,CIEL,"86684"
Zinc sulfate,2146,CIEL,"86688"
Zoledronic acid,5886,CIEL,"86719"
Zolpidem tartrate,5844,CIEL,"86725"
Chills,8245,CIEL,"871"
Otorrhea,1531,CIEL,"873"
Pruritus,1404,CIEL,"879"
Pneumocystis carinii pneumonia,3435,CIEL,"882"
Papanicolaou smear,3201,CIEL,"885"
Serum glucose,1174,CIEL,"887"
Pelvic inflammatory disease,4061,CIEL,"902"
Medroxyprogesterone acetate (Depo-provera),47,CIEL,"907"
Chlorphenamine,1820,CIEL,"913"
Scopolamine,5796,CIEL,"917"
Sulfadoxine and pyrimethamine,2216,CIEL,"924"
Amitriptyline hydrochloride,2037,CIEL,"931"
Absolute Lymphocyte Count,3018,CIEL,"952"
Liver function test (LFT),2906,CIEL,"953"
Currently using birth control,3669,CIEL,"965"
Current antiretroviral drugs used for transmission prophylaxis,3388,CIEL,"966"
Cow milk,6163,CIEL,"968"
Proguanil,7870,CIEL,"97"
Mother,20,CIEL,"970"
Father,19,CIEL,"971"
Sibling,22,CIEL,"972"
Hospitalized since last visit,481,CIEL,"976"
Self-refer,602,CIEL,"978"
Dosing change,3356,CIEL,"981"
Immunizations,162,CIEL,"984"
Feeding plan,6164,CIEL,"985"
Intolerance,1335,CIEL,"987"
CNS Toxoplasmosis,3445,CIEL,"990"
Constipation,264,CIEL,"996"
